timestamp,service_name,breaching_metric,cpu_percent_avg5,memory_percent_avg5,http_5xx_rate_avg5,db_conn_pool_wait_avg5,request_latency_p99_avg5,incident_signature,incident_id
2026-03-28T13:00:00+00:00,inventory-api,http_5xx_rate,82.51,78.31,28.8,303.0,2084.97,cascade_failure,INC-3302
2026-03-24T09:00:00+00:00,notification-svc,request_latency_p99,86.05,65.74,33.65,77.73,1851.01,cpu_saturation_burst,INC-2191
2026-03-27T10:00:00+00:00,notification-svc,cpu_percent,96.47,67.51,35.06,124.01,2423.0,cascade_failure,INC-3318
2026-03-26T06:00:00+00:00,inventory-api,http_5xx_rate,16.36,37.55,26.26,282.67,646.28,db_pool_exhaustion,INC-0252
2026-03-27T22:00:00+00:00,auth-service,cpu_percent,24.92,36.01,1.9,3.17,110.28,normal_noisy,INC-5006
2026-04-03T19:00:00+00:00,order-service,cpu_percent,89.43,21.98,17.46,52.12,2419.42,cpu_saturation_burst,INC-2118
2026-03-09T08:00:00+00:00,payment-api,http_5xx_rate,94.94,67.86,33.9,78.46,776.14,cpu_saturation_burst,INC-2412
2026-03-11T15:00:00+00:00,payment-api,http_5xx_rate,18.32,45.35,47.71,36.27,2751.48,network_partition,INC-4114
2026-03-31T14:00:00+00:00,order-service,request_latency_p99,54.14,44.96,16.15,261.12,609.7,db_pool_exhaustion,INC-0409
2026-03-16T22:00:00+00:00,inventory-api,http_5xx_rate,34.68,17.93,1.99,2.08,122.45,normal_noisy,INC-5080
2026-03-25T11:00:00+00:00,inventory-api,request_latency_p99,9.95,40.13,51.97,25.95,1122.34,network_partition,INC-4255
2026-03-12T04:00:00+00:00,inventory-api,request_latency_p99,44.3,30.49,16.36,347.06,1025.4,db_pool_exhaustion,INC-0053
2026-04-06T13:00:00+00:00,payment-api,cpu_percent,59.07,77.66,5.68,41.66,727.3,memory_leak_progressive,INC-1145
2026-03-14T11:00:00+00:00,auth-service,cpu_percent,76.32,66.7,28.43,319.64,2054.81,cascade_failure,INC-3264
2026-03-20T09:00:00+00:00,inventory-api,memory_percent,21.16,34.82,1.24,9.08,129.93,normal_noisy,INC-5277
2026-04-01T09:00:00+00:00,payment-api,memory_percent,36.99,85.02,0.02,57.07,439.26,memory_leak_progressive,INC-1401
2026-03-31T23:00:00+00:00,auth-service,http_5xx_rate,92.74,47.45,1.37,14.97,78.29,cpu_saturation_burst,INC-2074
2026-03-28T06:00:00+00:00,notification-svc,http_5xx_rate,21.26,43.2,16.77,421.47,680.08,db_pool_exhaustion,INC-0473
2026-04-01T19:00:00+00:00,notification-svc,cpu_percent,42.54,52.79,1.53,2.6,95.21,normal_noisy,INC-5239
2026-04-03T05:00:00+00:00,payment-api,memory_percent,10.26,61.23,0.5,10.23,110.97,normal_noisy,INC-5047
2026-04-02T04:00:00+00:00,inventory-api,request_latency_p99,53.04,35.28,20.36,373.7,295.1,db_pool_exhaustion,INC-0045
2026-03-25T17:00:00+00:00,inventory-api,db_conn_pool_wait_ms,22.87,50.11,8.8,304.44,551.93,db_pool_exhaustion,INC-0290
2026-04-02T14:00:00+00:00,order-service,cpu_percent,40.53,82.48,6.42,41.14,230.8,memory_leak_progressive,INC-1413
2026-03-15T22:00:00+00:00,inventory-api,request_latency_p99,36.42,68.8,27.7,54.09,2594.79,network_partition,INC-4084
2026-03-24T05:00:00+00:00,inventory-api,http_5xx_rate,86.25,67.13,25.83,77.02,1345.99,cpu_saturation_burst,INC-2361
2026-03-26T18:00:00+00:00,payment-api,memory_percent,40.64,37.54,1.9,3.52,59.42,normal_noisy,INC-5396
2026-03-31T21:00:00+00:00,notification-svc,cpu_percent,24.5,62.97,0.46,244.51,63.38,normal_noisy,INC-5104
2026-04-01T01:00:00+00:00,notification-svc,cpu_percent,92.81,54.43,2.15,14.57,191.94,cpu_saturation_burst,INC-2227
2026-03-28T17:00:00+00:00,auth-service,request_latency_p99,19.5,65.94,11.33,304.04,905.27,db_pool_exhaustion,INC-0297
2026-04-03T03:00:00+00:00,order-service,cpu_percent,95.42,65.45,29.25,63.71,1798.94,cpu_saturation_burst,INC-2242
2026-03-19T03:00:00+00:00,notification-svc,request_latency_p99,86.71,70.18,28.72,73.85,832.28,cpu_saturation_burst,INC-2006
2026-03-11T15:00:00+00:00,auth-service,memory_percent,97.16,83.63,54.44,308.04,2217.75,cascade_failure,INC-3166
2026-03-09T02:00:00+00:00,auth-service,memory_percent,20.0,93.12,7.34,56.76,786.99,memory_leak_progressive,INC-1247
2026-04-01T12:00:00+00:00,payment-api,memory_percent,43.87,42.86,1.87,5.27,33.92,normal_noisy,INC-5352
2026-03-13T09:00:00+00:00,payment-api,db_conn_pool_wait_ms,50.91,53.37,11.59,242.49,1129.6,db_pool_exhaustion,INC-0292
2026-04-07T03:00:00+00:00,inventory-api,cpu_percent,81.9,73.56,6.89,23.86,112.21,memory_leak_progressive,INC-1282
2026-03-11T13:00:00+00:00,order-service,http_5xx_rate,13.26,41.44,57.19,17.23,1843.5,network_partition,INC-4145
2026-03-28T01:00:00+00:00,payment-api,http_5xx_rate,13.37,67.26,8.1,331.91,397.98,db_pool_exhaustion,INC-0323
2026-03-26T10:00:00+00:00,notification-svc,request_latency_p99,28.42,51.49,12.42,280.04,260.63,db_pool_exhaustion,INC-0299
2026-03-15T12:00:00+00:00,inventory-api,cpu_percent,85.93,23.57,0.53,6.19,143.46,cpu_saturation_burst,INC-2299
2026-04-04T03:00:00+00:00,payment-api,request_latency_p99,57.28,45.13,24.27,309.46,740.48,db_pool_exhaustion,INC-0195
2026-04-03T22:00:00+00:00,notification-svc,db_conn_pool_wait_ms,31.4,54.44,20.87,276.18,611.81,db_pool_exhaustion,INC-0064
2026-03-14T13:00:00+00:00,payment-api,http_5xx_rate,48.83,35.92,27.83,98.43,717.88,db_pool_exhaustion,INC-0394
2026-03-22T14:00:00+00:00,payment-api,request_latency_p99,27.15,82.19,3.65,7.05,618.04,memory_leak_progressive,INC-1228
2026-03-12T11:00:00+00:00,notification-svc,cpu_percent,86.16,86.54,52.48,244.67,1780.66,cascade_failure,INC-3084
2026-03-19T12:00:00+00:00,inventory-api,request_latency_p99,79.07,89.36,25.72,268.22,1376.13,cascade_failure,INC-3048
2026-03-26T15:00:00+00:00,auth-service,http_5xx_rate,33.81,43.76,28.31,5.12,2548.74,network_partition,INC-4426
2026-03-30T16:00:00+00:00,inventory-api,http_5xx_rate,14.82,66.1,16.39,268.06,402.36,db_pool_exhaustion,INC-0015
2026-04-06T13:00:00+00:00,auth-service,http_5xx_rate,29.87,50.47,1.32,3.25,478.53,normal_noisy,INC-5068
2026-03-27T23:00:00+00:00,notification-svc,request_latency_p99,97.65,72.95,42.12,349.88,2767.21,cascade_failure,INC-3101
2026-03-15T03:00:00+00:00,inventory-api,http_5xx_rate,94.19,26.58,2.53,13.0,90.47,cpu_saturation_burst,INC-2091
2026-03-11T01:00:00+00:00,order-service,request_latency_p99,11.51,30.92,29.87,38.08,1992.59,network_partition,INC-4112
2026-03-12T01:00:00+00:00,inventory-api,http_5xx_rate,27.88,49.14,8.69,243.8,473.43,db_pool_exhaustion,INC-0204
2026-04-02T18:00:00+00:00,payment-api,request_latency_p99,35.42,61.47,57.68,50.18,1275.25,network_partition,INC-4419
2026-03-15T15:00:00+00:00,auth-service,http_5xx_rate,51.06,46.67,13.04,408.03,948.82,db_pool_exhaustion,INC-0153
2026-03-09T19:00:00+00:00,payment-api,cpu_percent,9.92,45.06,0.42,158.83,34.8,normal_noisy,INC-5402
2026-03-29T00:00:00+00:00,notification-svc,request_latency_p99,87.52,54.85,1.54,13.32,195.91,cpu_saturation_burst,INC-2360
2026-04-04T13:00:00+00:00,auth-service,request_latency_p99,36.28,94.42,7.47,8.86,636.09,memory_leak_progressive,INC-1273
2026-03-23T12:00:00+00:00,payment-api,memory_percent,38.83,48.69,1.21,2.87,74.7,normal_noisy,INC-5179
2026-03-28T09:00:00+00:00,order-service,http_5xx_rate,94.25,72.52,33.19,75.24,1902.7,cpu_saturation_burst,INC-2002
2026-03-17T03:00:00+00:00,inventory-api,memory_percent,30.1,80.29,2.6,28.19,297.05,memory_leak_progressive,INC-1219
2026-03-17T23:00:00+00:00,payment-api,cpu_percent,36.98,91.7,3.22,53.64,629.64,memory_leak_progressive,INC-1113
2026-04-04T20:00:00+00:00,notification-svc,request_latency_p99,21.65,85.33,4.08,27.38,421.25,memory_leak_progressive,INC-1343
2026-03-15T21:00:00+00:00,inventory-api,http_5xx_rate,52.28,50.8,26.07,283.76,646.39,db_pool_exhaustion,INC-0267
2026-03-15T02:00:00+00:00,inventory-api,request_latency_p99,45.89,68.05,7.96,446.66,1050.53,db_pool_exhaustion,INC-0052
2026-03-13T08:00:00+00:00,inventory-api,request_latency_p99,99.92,56.19,2.27,17.5,128.13,cpu_saturation_burst,INC-2196
2026-03-09T21:00:00+00:00,order-service,cpu_percent,94.57,56.27,0.56,12.79,115.03,cpu_saturation_burst,INC-2271
2026-03-25T10:00:00+00:00,payment-api,request_latency_p99,86.54,52.56,15.85,55.42,734.84,cpu_saturation_burst,INC-2492
2026-03-19T21:00:00+00:00,notification-svc,cpu_percent,76.24,63.21,44.2,270.17,1962.33,cascade_failure,INC-3083
2026-03-17T17:00:00+00:00,inventory-api,cpu_percent,83.16,94.11,7.91,18.3,374.89,memory_leak_progressive,INC-1022
2026-03-15T05:00:00+00:00,payment-api,db_conn_pool_wait_ms,73.9,86.11,20.78,364.41,2337.62,cascade_failure,INC-3195
2026-03-20T21:00:00+00:00,payment-api,request_latency_p99,41.72,25.34,1.83,10.37,226.25,normal_noisy,INC-5164
2026-03-30T06:00:00+00:00,payment-api,cpu_percent,39.91,27.24,1.77,11.64,47.65,normal_noisy,INC-5249
2026-04-03T02:00:00+00:00,notification-svc,db_conn_pool_wait_ms,95.72,65.67,44.53,119.93,2441.41,cascade_failure,INC-3422
2026-04-04T19:00:00+00:00,payment-api,db_conn_pool_wait_ms,15.53,54.81,11.04,207.82,769.21,db_pool_exhaustion,INC-0103
2026-03-13T05:00:00+00:00,notification-svc,request_latency_p99,79.62,86.93,0.32,24.67,635.69,memory_leak_progressive,INC-1196
2026-03-25T22:00:00+00:00,order-service,request_latency_p99,44.5,36.84,27.15,58.25,19.51,network_partition,INC-4333
2026-03-15T04:00:00+00:00,payment-api,cpu_percent,25.61,52.54,0.64,5.52,95.53,normal_noisy,INC-5225
2026-03-19T11:00:00+00:00,notification-svc,http_5xx_rate,16.89,63.08,40.6,8.69,131.5,network_partition,INC-4273
2026-03-12T12:00:00+00:00,notification-svc,http_5xx_rate,30.79,47.19,44.62,52.24,126.78,network_partition,INC-4483
2026-03-17T13:00:00+00:00,order-service,db_conn_pool_wait_ms,78.49,69.92,59.37,187.74,2462.52,cascade_failure,INC-3343
2026-03-08T22:00:00+00:00,order-service,http_5xx_rate,96.41,75.39,36.46,80.56,934.55,cascade_failure,INC-3331
2026-03-26T09:00:00+00:00,inventory-api,cpu_percent,20.18,66.14,3.16,41.34,256.39,memory_leak_progressive,INC-1295
2026-03-10T11:00:00+00:00,payment-api,db_conn_pool_wait_ms,79.01,63.31,46.88,117.1,2369.63,cascade_failure,INC-3321
2026-03-15T06:00:00+00:00,auth-service,request_latency_p99,35.69,65.22,39.97,48.72,2460.72,network_partition,INC-4002
2026-03-14T06:00:00+00:00,auth-service,db_conn_pool_wait_ms,52.17,69.13,23.62,190.86,964.67,db_pool_exhaustion,INC-0145
2026-03-14T21:00:00+00:00,inventory-api,request_latency_p99,14.97,52.47,1.18,2.56,113.73,normal_noisy,INC-5026
2026-03-26T02:00:00+00:00,payment-api,cpu_percent,87.07,35.74,0.9,11.32,220.17,cpu_saturation_burst,INC-2331
2026-03-13T00:00:00+00:00,auth-service,http_5xx_rate,28.82,54.81,33.58,10.88,2518.27,network_partition,INC-4478
2026-03-25T16:00:00+00:00,payment-api,http_5xx_rate,24.38,19.96,1.08,12.11,147.45,normal_noisy,INC-5382
2026-03-29T14:00:00+00:00,notification-svc,db_conn_pool_wait_ms,58.73,46.68,18.44,161.83,687.12,db_pool_exhaustion,INC-0322
2026-03-16T14:00:00+00:00,order-service,request_latency_p99,97.33,44.89,1.07,18.86,127.7,cpu_saturation_burst,INC-2262
2026-03-17T13:00:00+00:00,payment-api,request_latency_p99,11.4,50.06,51.38,37.23,2175.97,network_partition,INC-4415
2026-04-05T04:00:00+00:00,order-service,request_latency_p99,91.64,64.92,13.23,64.18,1242.75,cpu_saturation_burst,INC-2270
2026-04-02T08:00:00+00:00,notification-svc,memory_percent,76.51,64.74,43.05,120.06,1168.61,cascade_failure,INC-3261
2026-03-18T23:00:00+00:00,payment-api,db_conn_pool_wait_ms,32.71,37.62,9.83,282.81,741.74,db_pool_exhaustion,INC-0417
2026-03-24T06:00:00+00:00,inventory-api,cpu_percent,31.02,45.24,0.95,16.82,56.88,normal_noisy,INC-5132
2026-03-19T14:00:00+00:00,order-service,request_latency_p99,30.71,40.36,46.66,44.47,32.3,network_partition,INC-4292
2026-03-09T10:00:00+00:00,notification-svc,http_5xx_rate,12.63,67.82,14.81,367.24,1123.9,db_pool_exhaustion,INC-0175
2026-04-04T22:00:00+00:00,notification-svc,cpu_percent,91.73,62.0,56.81,333.05,2445.18,cascade_failure,INC-3226
2026-03-11T09:00:00+00:00,payment-api,request_latency_p99,25.2,51.79,40.91,27.05,2059.24,network_partition,INC-4176
2026-03-16T18:00:00+00:00,order-service,db_conn_pool_wait_ms,57.94,62.04,19.84,96.49,982.62,db_pool_exhaustion,INC-0046
2026-03-24T21:00:00+00:00,inventory-api,request_latency_p99,58.4,82.95,6.78,29.23,356.8,memory_leak_progressive,INC-1186
2026-03-23T05:00:00+00:00,inventory-api,memory_percent,84.97,88.44,21.32,176.35,1416.33,cascade_failure,INC-3108
2026-03-11T03:00:00+00:00,order-service,http_5xx_rate,88.88,22.14,24.16,22.21,1176.11,cpu_saturation_burst,INC-2232
2026-03-14T00:00:00+00:00,payment-api,request_latency_p99,78.63,94.6,0.09,15.28,478.26,memory_leak_progressive,INC-1363
2026-04-06T18:00:00+00:00,auth-service,memory_percent,77.74,72.6,29.55,240.66,801.8,cascade_failure,INC-3466
2026-04-04T07:00:00+00:00,auth-service,request_latency_p99,48.63,62.11,7.77,126.0,808.66,db_pool_exhaustion,INC-0332
2026-03-20T19:00:00+00:00,inventory-api,request_latency_p99,26.12,36.22,26.86,260.34,483.25,db_pool_exhaustion,INC-0094
2026-03-31T20:00:00+00:00,payment-api,memory_percent,96.52,63.04,46.21,185.86,1834.48,cascade_failure,INC-3142
2026-04-04T01:00:00+00:00,payment-api,cpu_percent,30.21,37.79,1.37,10.18,438.42,normal_noisy,INC-5487
2026-03-14T08:00:00+00:00,payment-api,request_latency_p99,35.22,94.57,0.66,28.35,324.34,memory_leak_progressive,INC-1007
2026-03-18T00:00:00+00:00,notification-svc,http_5xx_rate,12.88,47.71,1.35,13.07,52.79,normal_noisy,INC-5410
2026-03-25T16:00:00+00:00,inventory-api,http_5xx_rate,44.48,35.39,39.9,8.86,2240.08,network_partition,INC-4046
2026-03-08T18:00:00+00:00,order-service,http_5xx_rate,46.51,62.07,28.37,179.88,675.21,db_pool_exhaustion,INC-0496
2026-03-27T07:00:00+00:00,payment-api,request_latency_p99,25.53,30.81,31.19,12.59,105.21,network_partition,INC-4133
2026-04-04T19:00:00+00:00,inventory-api,http_5xx_rate,44.87,33.77,29.39,414.65,961.14,db_pool_exhaustion,INC-0001
2026-03-29T23:00:00+00:00,inventory-api,db_conn_pool_wait_ms,59.45,36.01,25.77,325.17,251.75,db_pool_exhaustion,INC-0315
2026-04-04T18:00:00+00:00,payment-api,request_latency_p99,92.83,68.51,1.05,9.63,166.39,cpu_saturation_burst,INC-2273
2026-03-23T02:00:00+00:00,notification-svc,request_latency_p99,69.77,94.69,43.19,137.04,1059.78,cascade_failure,INC-3442
2026-03-22T13:00:00+00:00,payment-api,cpu_percent,39.79,63.57,0.99,10.48,370.68,normal_noisy,INC-5468
2026-03-26T19:00:00+00:00,notification-svc,cpu_percent,97.82,35.81,22.47,28.99,498.26,cpu_saturation_burst,INC-2317
2026-03-29T09:00:00+00:00,inventory-api,request_latency_p99,38.12,94.5,6.51,37.93,752.15,memory_leak_progressive,INC-1256
2026-03-15T04:00:00+00:00,notification-svc,request_latency_p99,82.89,73.96,48.51,433.42,1627.68,cascade_failure,INC-3271
2026-04-01T18:00:00+00:00,order-service,request_latency_p99,85.92,34.32,0.31,10.9,66.23,cpu_saturation_burst,INC-2201
2026-03-29T00:00:00+00:00,payment-api,request_latency_p99,18.54,63.68,46.96,23.08,2306.48,network_partition,INC-4175
2026-03-20T06:00:00+00:00,inventory-api,db_conn_pool_wait_ms,98.0,73.7,56.97,274.13,2330.0,cascade_failure,INC-3492
2026-04-04T06:00:00+00:00,order-service,memory_percent,60.16,84.64,6.18,21.57,453.39,memory_leak_progressive,INC-1380
2026-03-09T02:00:00+00:00,payment-api,request_latency_p99,44.61,72.1,6.61,46.18,587.65,memory_leak_progressive,INC-1266
2026-03-31T03:00:00+00:00,auth-service,memory_percent,59.57,92.01,7.36,22.03,633.56,memory_leak_progressive,INC-1428
2026-03-21T07:00:00+00:00,payment-api,request_latency_p99,30.3,43.85,53.86,18.01,1958.59,network_partition,INC-4378
2026-04-03T19:00:00+00:00,notification-svc,cpu_percent,87.37,60.61,2.11,12.48,98.85,cpu_saturation_burst,INC-2375
2026-04-01T13:00:00+00:00,order-service,db_conn_pool_wait_ms,70.43,80.42,58.77,149.99,1196.24,cascade_failure,INC-3315
2026-03-11T03:00:00+00:00,auth-service,db_conn_pool_wait_ms,68.94,71.98,35.86,151.27,2480.39,cascade_failure,INC-3299
2026-03-31T15:00:00+00:00,inventory-api,cpu_percent,38.8,79.27,0.21,39.28,646.77,memory_leak_progressive,INC-1430
2026-03-10T09:00:00+00:00,notification-svc,request_latency_p99,45.5,58.16,25.5,360.42,683.47,db_pool_exhaustion,INC-0437
2026-03-17T01:00:00+00:00,notification-svc,db_conn_pool_wait_ms,34.88,50.78,17.7,226.83,636.67,db_pool_exhaustion,INC-0197
2026-03-10T20:00:00+00:00,inventory-api,db_conn_pool_wait_ms,77.2,89.92,40.88,387.64,1012.14,cascade_failure,INC-3263
2026-03-26T08:00:00+00:00,auth-service,cpu_percent,95.73,32.89,2.91,10.57,42.58,cpu_saturation_burst,INC-2065
2026-03-30T11:00:00+00:00,notification-svc,http_5xx_rate,43.77,57.19,51.57,6.12,2337.7,network_partition,INC-4343
2026-04-02T01:00:00+00:00,auth-service,http_5xx_rate,33.91,35.48,0.26,13.27,52.17,normal_noisy,INC-5029
2026-04-06T22:00:00+00:00,order-service,http_5xx_rate,86.33,68.71,25.88,33.55,1040.2,cpu_saturation_burst,INC-2269
2026-03-12T19:00:00+00:00,inventory-api,http_5xx_rate,31.51,38.31,50.94,41.63,112.15,network_partition,INC-4324
2026-03-28T13:00:00+00:00,payment-api,request_latency_p99,49.41,35.13,0.22,19.09,117.3,normal_noisy,INC-5280
2026-03-28T18:00:00+00:00,order-service,request_latency_p99,20.64,59.9,56.2,46.1,101.2,network_partition,INC-4226
2026-03-16T18:00:00+00:00,order-service,request_latency_p99,32.75,68.17,12.17,428.85,1066.28,db_pool_exhaustion,INC-0451
2026-03-15T05:00:00+00:00,order-service,request_latency_p99,22.3,67.54,53.0,42.79,1755.98,network_partition,INC-4165
2026-03-17T08:00:00+00:00,inventory-api,request_latency_p99,37.43,64.13,56.91,19.15,1598.73,network_partition,INC-4373
2026-03-17T03:00:00+00:00,auth-service,request_latency_p99,8.74,66.99,51.18,23.38,2044.05,network_partition,INC-4013
2026-03-28T19:00:00+00:00,auth-service,http_5xx_rate,36.52,53.74,5.55,125.34,715.13,db_pool_exhaustion,INC-0271
2026-03-27T14:00:00+00:00,auth-service,request_latency_p99,77.25,80.59,44.54,419.89,1592.14,cascade_failure,INC-3341
2026-03-17T00:00:00+00:00,payment-api,request_latency_p99,11.35,44.93,1.51,14.52,60.64,normal_noisy,INC-5435
2026-03-11T10:00:00+00:00,auth-service,memory_percent,51.08,88.5,2.24,26.72,469.11,memory_leak_progressive,INC-1479
2026-04-03T19:00:00+00:00,auth-service,http_5xx_rate,10.92,68.47,21.94,9.92,107.65,network_partition,INC-4167
2026-03-11T04:00:00+00:00,notification-svc,http_5xx_rate,15.3,39.03,26.02,341.37,596.55,db_pool_exhaustion,INC-0355
2026-03-23T15:00:00+00:00,auth-service,db_conn_pool_wait_ms,82.22,66.17,23.68,168.1,2491.21,cascade_failure,INC-3377
2026-04-03T11:00:00+00:00,order-service,request_latency_p99,59.68,68.35,6.01,333.65,905.8,db_pool_exhaustion,INC-0185
2026-03-29T14:00:00+00:00,payment-api,memory_percent,36.38,25.74,1.81,18.02,75.37,normal_noisy,INC-5245
2026-03-10T12:00:00+00:00,notification-svc,memory_percent,70.53,67.91,58.21,173.05,2025.42,cascade_failure,INC-3115
2026-03-20T13:00:00+00:00,payment-api,request_latency_p99,33.0,19.62,0.26,9.17,109.31,normal_noisy,INC-5260
2026-03-25T14:00:00+00:00,inventory-api,http_5xx_rate,92.63,78.99,46.63,346.23,2875.65,cascade_failure,INC-3207
2026-03-31T06:00:00+00:00,inventory-api,http_5xx_rate,93.03,88.35,22.05,99.03,2529.68,cascade_failure,INC-3362
2026-03-26T11:00:00+00:00,inventory-api,http_5xx_rate,30.61,60.39,10.77,360.39,1105.79,db_pool_exhaustion,INC-0247
2026-03-20T07:00:00+00:00,notification-svc,cpu_percent,42.33,75.32,0.33,11.84,345.41,memory_leak_progressive,INC-1056
2026-03-27T23:00:00+00:00,order-service,http_5xx_rate,84.95,86.18,24.14,259.21,2991.28,cascade_failure,INC-3253
2026-03-28T02:00:00+00:00,notification-svc,cpu_percent,99.46,68.96,0.64,4.54,94.14,cpu_saturation_burst,INC-2365
2026-03-10T21:00:00+00:00,notification-svc,request_latency_p99,25.72,63.5,17.35,399.97,315.86,db_pool_exhaustion,INC-0068
2026-03-23T13:00:00+00:00,order-service,memory_percent,38.6,62.47,1.55,5.02,98.04,normal_noisy,INC-5119
2026-03-18T05:00:00+00:00,order-service,request_latency_p99,23.61,43.72,58.73,48.67,34.5,network_partition,INC-4285
2026-03-24T05:00:00+00:00,order-service,cpu_percent,49.07,72.78,6.51,6.83,343.65,memory_leak_progressive,INC-1033
2026-03-14T18:00:00+00:00,payment-api,http_5xx_rate,26.29,52.99,1.9,10.8,110.46,normal_noisy,INC-5374
2026-03-24T04:00:00+00:00,auth-service,memory_percent,19.45,36.41,0.72,17.52,421.24,normal_noisy,INC-5206
2026-03-10T08:00:00+00:00,order-service,memory_percent,98.74,77.81,52.44,400.15,2185.65,cascade_failure,INC-3003
2026-03-30T14:00:00+00:00,auth-service,memory_percent,69.82,83.05,6.13,19.09,369.39,memory_leak_progressive,INC-1262
2026-03-12T17:00:00+00:00,inventory-api,http_5xx_rate,41.81,57.17,0.85,9.48,140.42,normal_noisy,INC-5253
2026-04-03T14:00:00+00:00,order-service,cpu_percent,97.37,32.38,5.41,63.18,492.16,cpu_saturation_burst,INC-2212
2026-03-22T22:00:00+00:00,auth-service,request_latency_p99,29.81,59.8,31.6,51.76,2040.74,network_partition,INC-4244
2026-03-18T16:00:00+00:00,notification-svc,cpu_percent,78.38,73.52,37.34,382.86,831.63,cascade_failure,INC-3294
2026-03-25T23:00:00+00:00,notification-svc,memory_percent,24.19,69.72,1.63,38.25,384.47,memory_leak_progressive,INC-1036
2026-04-06T22:00:00+00:00,payment-api,request_latency_p99,67.15,66.66,25.47,307.14,1931.57,cascade_failure,INC-3247
2026-03-21T22:00:00+00:00,order-service,request_latency_p99,51.34,66.36,28.3,308.08,764.3,db_pool_exhaustion,INC-0464
2026-04-03T04:00:00+00:00,order-service,cpu_percent,23.53,39.38,0.92,9.45,104.07,normal_noisy,INC-5178
2026-03-11T05:00:00+00:00,notification-svc,http_5xx_rate,86.91,78.34,46.32,287.8,2552.81,cascade_failure,INC-3340
2026-03-18T21:00:00+00:00,order-service,cpu_percent,34.49,37.55,0.55,7.13,35.66,normal_noisy,INC-5363
2026-03-16T08:00:00+00:00,auth-service,request_latency_p99,48.0,60.89,10.17,301.21,1141.54,db_pool_exhaustion,INC-0125
2026-03-14T18:00:00+00:00,notification-svc,request_latency_p99,53.91,44.98,7.53,348.57,1010.96,db_pool_exhaustion,INC-0179
2026-04-06T06:00:00+00:00,auth-service,db_conn_pool_wait_ms,13.17,37.8,19.21,238.4,1112.45,db_pool_exhaustion,INC-0193
2026-03-28T19:00:00+00:00,notification-svc,http_5xx_rate,39.23,50.44,41.67,22.27,1753.54,network_partition,INC-4308
2026-03-30T13:00:00+00:00,notification-svc,http_5xx_rate,88.29,69.35,0.78,9.45,175.44,cpu_saturation_burst,INC-2430
2026-03-08T19:00:00+00:00,inventory-api,memory_percent,79.2,88.56,20.37,420.19,1086.94,cascade_failure,INC-3192
2026-03-17T16:00:00+00:00,notification-svc,memory_percent,36.53,96.13,5.52,44.01,678.99,memory_leak_progressive,INC-1242
2026-03-25T02:00:00+00:00,payment-api,request_latency_p99,96.9,29.3,0.95,11.05,207.48,cpu_saturation_burst,INC-2035
2026-03-14T10:00:00+00:00,inventory-api,request_latency_p99,97.77,95.26,48.74,432.8,2665.78,cascade_failure,INC-3467
2026-03-11T13:00:00+00:00,notification-svc,db_conn_pool_wait_ms,48.97,41.7,25.1,321.05,528.07,db_pool_exhaustion,INC-0479
2026-04-01T17:00:00+00:00,payment-api,http_5xx_rate,98.04,50.94,13.75,23.51,1875.72,cpu_saturation_burst,INC-2028
2026-04-04T01:00:00+00:00,inventory-api,cpu_percent,41.93,43.53,1.24,15.95,113.99,normal_noisy,INC-5102
2026-03-25T09:00:00+00:00,inventory-api,db_conn_pool_wait_ms,25.79,32.9,28.62,92.06,645.27,db_pool_exhaustion,INC-0369
2026-03-14T06:00:00+00:00,inventory-api,cpu_percent,33.86,46.99,0.76,7.67,93.03,normal_noisy,INC-5024
2026-03-31T06:00:00+00:00,notification-svc,memory_percent,24.99,91.38,3.05,46.34,445.61,memory_leak_progressive,INC-1346
2026-03-12T09:00:00+00:00,order-service,request_latency_p99,27.98,38.98,6.15,319.31,552.21,db_pool_exhaustion,INC-0257
2026-03-30T11:00:00+00:00,auth-service,request_latency_p99,93.09,34.52,29.87,79.4,1024.04,cpu_saturation_burst,INC-2223
2026-03-21T11:00:00+00:00,order-service,db_conn_pool_wait_ms,73.55,81.76,44.27,288.37,1479.29,cascade_failure,INC-3493
2026-03-26T11:00:00+00:00,inventory-api,db_conn_pool_wait_ms,27.23,52.28,12.41,434.7,369.8,db_pool_exhaustion,INC-0212
2026-03-18T08:00:00+00:00,payment-api,request_latency_p99,44.9,59.21,1.84,15.46,426.99,normal_noisy,INC-5190
2026-03-28T18:00:00+00:00,notification-svc,cpu_percent,77.83,90.05,51.11,399.14,2766.85,cascade_failure,INC-3450
2026-03-28T21:00:00+00:00,inventory-api,http_5xx_rate,85.23,72.57,16.84,63.45,2321.3,cpu_saturation_burst,INC-2363
2026-03-29T23:00:00+00:00,order-service,http_5xx_rate,24.17,57.47,54.57,41.83,45.44,network_partition,INC-4152
2026-03-23T19:00:00+00:00,notification-svc,request_latency_p99,23.2,31.09,47.3,19.06,110.32,network_partition,INC-4154
2026-03-18T13:00:00+00:00,payment-api,memory_percent,44.43,90.03,6.62,47.02,793.63,memory_leak_progressive,INC-1068
2026-04-04T13:00:00+00:00,auth-service,request_latency_p99,41.44,41.14,36.44,39.19,1205.85,network_partition,INC-4207
2026-03-13T15:00:00+00:00,order-service,request_latency_p99,8.53,48.21,59.69,44.23,2742.53,network_partition,INC-4094
2026-03-21T09:00:00+00:00,inventory-api,request_latency_p99,80.68,64.79,43.85,274.87,887.11,cascade_failure,INC-3211
2026-03-25T19:00:00+00:00,notification-svc,request_latency_p99,99.19,35.16,26.13,42.79,2085.5,cpu_saturation_burst,INC-2264
2026-04-02T12:00:00+00:00,inventory-api,request_latency_p99,40.61,42.56,25.57,25.58,2731.5,network_partition,INC-4124
2026-03-16T07:00:00+00:00,auth-service,request_latency_p99,73.93,83.66,2.93,16.83,534.59,memory_leak_progressive,INC-1299
2026-03-12T03:00:00+00:00,order-service,db_conn_pool_wait_ms,46.03,68.53,24.55,425.83,1066.8,db_pool_exhaustion,INC-0081
2026-03-29T20:00:00+00:00,notification-svc,db_conn_pool_wait_ms,36.54,54.24,26.69,258.16,803.11,db_pool_exhaustion,INC-0033
2026-04-05T16:00:00+00:00,inventory-api,request_latency_p99,19.33,67.51,12.54,361.61,455.19,db_pool_exhaustion,INC-0415
2026-03-24T11:00:00+00:00,notification-svc,http_5xx_rate,70.9,62.88,55.91,430.03,2632.61,cascade_failure,INC-3305
2026-03-15T17:00:00+00:00,auth-service,http_5xx_rate,37.09,34.88,53.72,17.45,1924.08,network_partition,INC-4214
2026-03-08T19:00:00+00:00,inventory-api,request_latency_p99,97.44,61.63,23.06,59.57,1558.19,cpu_saturation_burst,INC-2322
2026-03-10T22:00:00+00:00,inventory-api,http_5xx_rate,95.87,81.97,48.26,229.87,1583.12,cascade_failure,INC-3068
2026-03-20T15:00:00+00:00,inventory-api,memory_percent,80.62,81.08,1.84,14.32,710.43,memory_leak_progressive,INC-1284
2026-03-27T08:00:00+00:00,inventory-api,http_5xx_rate,38.51,34.44,0.22,6.86,53.06,normal_noisy,INC-5492
2026-03-17T19:00:00+00:00,auth-service,http_5xx_rate,98.14,22.28,1.06,13.03,157.23,cpu_saturation_burst,INC-2413
2026-03-12T04:00:00+00:00,inventory-api,http_5xx_rate,37.88,69.38,11.2,147.5,275.95,db_pool_exhaustion,INC-0458
2026-03-18T20:00:00+00:00,inventory-api,request_latency_p99,19.89,61.13,26.52,281.64,446.68,db_pool_exhaustion,INC-0140
2026-04-07T10:00:00+00:00,notification-svc,request_latency_p99,33.29,32.42,30.92,27.7,2991.85,network_partition,INC-4231
2026-03-19T14:00:00+00:00,notification-svc,http_5xx_rate,98.14,45.76,10.87,56.68,1457.56,cpu_saturation_burst,INC-2026
2026-04-04T01:00:00+00:00,auth-service,request_latency_p99,14.24,43.68,22.94,102.51,1007.43,db_pool_exhaustion,INC-0089
2026-03-28T08:00:00+00:00,inventory-api,request_latency_p99,96.28,65.48,0.85,14.57,190.05,cpu_saturation_burst,INC-2443
2026-03-15T01:00:00+00:00,order-service,cpu_percent,93.87,84.51,20.92,281.35,2007.39,cascade_failure,INC-3332
2026-03-19T12:00:00+00:00,notification-svc,request_latency_p99,40.51,23.0,1.79,19.51,138.38,normal_noisy,INC-5077
2026-03-31T15:00:00+00:00,order-service,request_latency_p99,50.14,65.72,5.28,217.95,378.6,db_pool_exhaustion,INC-0255
2026-03-13T13:00:00+00:00,notification-svc,cpu_percent,47.51,79.88,0.95,54.63,112.47,memory_leak_progressive,INC-1106
2026-04-04T19:00:00+00:00,payment-api,cpu_percent,88.08,52.41,5.94,23.13,2019.23,cpu_saturation_burst,INC-2045
2026-03-08T17:00:00+00:00,payment-api,cpu_percent,40.37,80.53,5.41,39.6,743.9,memory_leak_progressive,INC-1069
2026-03-14T01:00:00+00:00,order-service,cpu_percent,71.83,93.33,45.78,173.77,2350.16,cascade_failure,INC-3233
2026-04-01T23:00:00+00:00,order-service,request_latency_p99,22.26,42.61,1.18,12.5,126.11,normal_noisy,INC-5043
2026-04-06T19:00:00+00:00,notification-svc,request_latency_p99,64.59,77.07,1.45,52.21,753.8,memory_leak_progressive,INC-1358
2026-03-19T08:00:00+00:00,inventory-api,request_latency_p99,22.45,53.37,39.48,17.01,2001.36,network_partition,INC-4473
2026-03-15T21:00:00+00:00,auth-service,memory_percent,62.79,80.32,3.44,56.36,405.89,memory_leak_progressive,INC-1318
2026-03-16T05:00:00+00:00,payment-api,request_latency_p99,29.7,30.12,40.34,19.03,57.51,network_partition,INC-4031
2026-03-12T16:00:00+00:00,order-service,memory_percent,66.94,93.31,41.97,323.81,1654.67,cascade_failure,INC-3378
2026-04-01T10:00:00+00:00,notification-svc,request_latency_p99,40.5,40.2,20.64,438.23,520.49,db_pool_exhaustion,INC-0142
2026-03-17T07:00:00+00:00,payment-api,http_5xx_rate,30.33,63.95,17.66,411.72,423.04,db_pool_exhaustion,INC-0444
2026-03-23T22:00:00+00:00,payment-api,http_5xx_rate,89.93,27.26,25.24,61.07,2356.13,cpu_saturation_burst,INC-2175
2026-03-18T08:00:00+00:00,inventory-api,http_5xx_rate,22.35,64.37,12.43,297.33,410.19,db_pool_exhaustion,INC-0487
2026-03-23T11:00:00+00:00,order-service,cpu_percent,77.01,96.27,7.48,21.74,329.78,memory_leak_progressive,INC-1382
2026-03-29T03:00:00+00:00,notification-svc,http_5xx_rate,42.35,18.54,1.31,11.24,86.19,normal_noisy,INC-5065
2026-03-23T18:00:00+00:00,payment-api,http_5xx_rate,88.37,68.02,18.21,40.0,788.32,cpu_saturation_burst,INC-2085
2026-03-21T21:00:00+00:00,inventory-api,cpu_percent,96.18,42.83,0.7,9.77,59.51,cpu_saturation_burst,INC-2300
2026-03-21T03:00:00+00:00,notification-svc,db_conn_pool_wait_ms,38.13,31.06,23.59,370.1,1052.15,db_pool_exhaustion,INC-0176
2026-03-29T10:00:00+00:00,inventory-api,request_latency_p99,97.89,25.76,2.91,15.48,105.0,cpu_saturation_burst,INC-2095
2026-03-19T15:00:00+00:00,notification-svc,request_latency_p99,37.16,41.82,1.53,11.44,27.25,normal_noisy,INC-5201
2026-03-25T02:00:00+00:00,order-service,cpu_percent,42.58,26.06,0.98,31.33,133.67,normal_noisy,INC-5347
2026-03-21T02:00:00+00:00,payment-api,db_conn_pool_wait_ms,67.53,65.11,36.29,352.43,2523.24,cascade_failure,INC-3464
2026-03-08T23:00:00+00:00,order-service,cpu_percent,33.31,20.99,1.39,9.14,96.87,normal_noisy,INC-5182
2026-03-26T20:00:00+00:00,inventory-api,http_5xx_rate,36.37,64.57,40.84,51.95,2156.32,network_partition,INC-4098
2026-04-03T04:00:00+00:00,order-service,request_latency_p99,39.65,53.98,59.15,58.01,32.01,network_partition,INC-4156
2026-03-13T22:00:00+00:00,notification-svc,cpu_percent,96.03,87.4,37.93,102.17,1640.15,cascade_failure,INC-3057
2026-03-19T00:00:00+00:00,payment-api,http_5xx_rate,75.38,93.09,43.66,253.61,2442.08,cascade_failure,INC-3171
2026-03-21T13:00:00+00:00,payment-api,db_conn_pool_wait_ms,34.83,51.46,29.14,393.73,1163.58,db_pool_exhaustion,INC-0178
2026-03-15T03:00:00+00:00,payment-api,request_latency_p99,85.02,28.57,5.46,26.3,1282.85,cpu_saturation_burst,INC-2079
2026-04-05T19:00:00+00:00,inventory-api,request_latency_p99,56.71,88.12,7.03,32.59,324.07,memory_leak_progressive,INC-1099
2026-03-13T04:00:00+00:00,inventory-api,http_5xx_rate,38.97,49.86,49.33,16.88,54.91,network_partition,INC-4191
2026-03-30T12:00:00+00:00,inventory-api,request_latency_p99,9.04,48.97,1.54,15.61,124.26,normal_noisy,INC-5032
2026-03-17T23:00:00+00:00,notification-svc,http_5xx_rate,18.55,19.83,1.41,11.14,74.55,normal_noisy,INC-5168
2026-03-08T22:00:00+00:00,order-service,http_5xx_rate,41.59,28.57,1.25,15.83,72.26,normal_noisy,INC-5287
2026-03-14T08:00:00+00:00,order-service,db_conn_pool_wait_ms,53.47,65.31,28.78,449.42,638.32,db_pool_exhaustion,INC-0480
2026-03-09T06:00:00+00:00,inventory-api,memory_percent,96.95,61.61,46.78,423.57,1588.07,cascade_failure,INC-3468
2026-03-18T14:00:00+00:00,auth-service,request_latency_p99,96.33,38.71,1.77,8.07,198.12,cpu_saturation_burst,INC-2058
2026-03-18T16:00:00+00:00,payment-api,http_5xx_rate,20.01,46.03,49.19,45.57,82.86,network_partition,INC-4269
2026-04-01T07:00:00+00:00,payment-api,memory_percent,39.11,87.24,4.22,19.37,455.11,memory_leak_progressive,INC-1034
2026-03-16T18:00:00+00:00,inventory-api,cpu_percent,96.87,38.47,0.56,15.04,146.57,cpu_saturation_burst,INC-2104
2026-03-30T15:00:00+00:00,payment-api,cpu_percent,90.94,48.01,12.76,24.36,2027.42,cpu_saturation_burst,INC-2107
2026-03-12T16:00:00+00:00,inventory-api,cpu_percent,37.34,30.06,0.03,12.46,121.24,normal_noisy,INC-5428
2026-04-02T02:00:00+00:00,notification-svc,request_latency_p99,87.12,26.9,27.02,32.91,1206.59,cpu_saturation_burst,INC-2124
2026-04-05T07:00:00+00:00,inventory-api,memory_percent,54.59,89.33,6.44,43.11,365.01,memory_leak_progressive,INC-1443
2026-04-03T12:00:00+00:00,order-service,request_latency_p99,43.83,32.64,5.03,341.02,412.28,db_pool_exhaustion,INC-0163
2026-03-14T23:00:00+00:00,order-service,http_5xx_rate,65.94,80.36,24.74,257.85,2639.3,cascade_failure,INC-3052
2026-03-30T06:00:00+00:00,notification-svc,request_latency_p99,29.11,93.83,1.19,5.55,671.53,memory_leak_progressive,INC-1466
2026-03-24T07:00:00+00:00,payment-api,db_conn_pool_wait_ms,21.41,53.69,8.86,398.83,503.58,db_pool_exhaustion,INC-0472
2026-04-01T03:00:00+00:00,auth-service,request_latency_p99,65.66,83.9,5.18,37.41,567.6,memory_leak_progressive,INC-1345
2026-03-09T01:00:00+00:00,order-service,memory_percent,77.99,78.55,6.16,7.84,270.0,memory_leak_progressive,INC-1499
2026-04-02T13:00:00+00:00,auth-service,memory_percent,81.81,72.19,33.33,406.99,2294.14,cascade_failure,INC-3405
2026-03-09T17:00:00+00:00,notification-svc,db_conn_pool_wait_ms,41.7,34.24,8.51,338.8,619.11,db_pool_exhaustion,INC-0031
2026-03-22T05:00:00+00:00,payment-api,cpu_percent,31.82,45.68,2.38,5.19,127.72,normal_noisy,INC-5391
2026-03-17T04:00:00+00:00,order-service,http_5xx_rate,53.35,44.59,5.11,210.05,707.23,db_pool_exhaustion,INC-0424
2026-03-12T02:00:00+00:00,auth-service,request_latency_p99,52.55,86.56,5.59,17.07,586.2,memory_leak_progressive,INC-1012
2026-04-07T07:00:00+00:00,notification-svc,cpu_percent,9.5,29.27,1.86,6.61,64.53,normal_noisy,INC-5259
2026-03-28T06:00:00+00:00,inventory-api,cpu_percent,26.24,43.77,0.27,17.17,117.77,normal_noisy,INC-5238
2026-04-05T16:00:00+00:00,order-service,http_5xx_rate,94.73,25.05,1.86,15.23,245.72,cpu_saturation_burst,INC-2394
2026-03-14T03:00:00+00:00,auth-service,request_latency_p99,74.59,96.68,31.49,160.83,1193.74,cascade_failure,INC-3087
2026-04-04T00:00:00+00:00,order-service,cpu_percent,75.06,89.92,31.07,416.17,1683.47,cascade_failure,INC-3430
2026-03-15T09:00:00+00:00,inventory-api,http_5xx_rate,22.94,41.14,28.15,42.82,1224.09,network_partition,INC-4498
2026-03-22T04:00:00+00:00,payment-api,memory_percent,63.31,80.5,7.98,5.64,448.38,memory_leak_progressive,INC-1288
2026-03-25T04:00:00+00:00,order-service,request_latency_p99,23.62,38.95,0.05,14.68,134.13,normal_noisy,INC-5137
2026-03-22T06:00:00+00:00,payment-api,http_5xx_rate,26.94,20.36,0.59,13.05,78.23,normal_noisy,INC-5039
2026-03-12T05:00:00+00:00,inventory-api,request_latency_p99,26.31,39.39,14.83,90.99,942.33,db_pool_exhaustion,INC-0403
2026-03-14T11:00:00+00:00,inventory-api,http_5xx_rate,37.65,40.84,17.22,442.84,237.31,db_pool_exhaustion,INC-0434
2026-03-26T05:00:00+00:00,auth-service,request_latency_p99,88.06,68.24,21.17,67.56,854.69,cpu_saturation_burst,INC-2152
2026-04-05T02:00:00+00:00,notification-svc,http_5xx_rate,17.53,37.24,27.68,317.33,244.65,db_pool_exhaustion,INC-0074
2026-03-23T10:00:00+00:00,notification-svc,http_5xx_rate,80.04,89.19,46.55,299.53,1451.66,cascade_failure,INC-3037
2026-03-17T23:00:00+00:00,notification-svc,http_5xx_rate,18.09,21.53,0.28,7.49,39.95,normal_noisy,INC-5210
2026-03-14T01:00:00+00:00,inventory-api,request_latency_p99,37.95,76.09,6.21,7.08,179.29,memory_leak_progressive,INC-1122
2026-03-22T14:00:00+00:00,inventory-api,http_5xx_rate,98.26,53.85,7.83,63.31,868.0,cpu_saturation_burst,INC-2438
2026-03-27T10:00:00+00:00,notification-svc,cpu_percent,99.67,89.9,49.49,354.14,1954.41,cascade_failure,INC-3060
2026-03-30T23:00:00+00:00,inventory-api,db_conn_pool_wait_ms,66.33,85.17,47.99,386.05,2422.0,cascade_failure,INC-3067
2026-04-05T17:00:00+00:00,notification-svc,db_conn_pool_wait_ms,26.12,57.89,28.92,346.54,787.52,db_pool_exhaustion,INC-0325
2026-03-11T11:00:00+00:00,notification-svc,request_latency_p99,56.17,65.35,18.05,212.74,752.25,db_pool_exhaustion,INC-0333
2026-03-10T00:00:00+00:00,inventory-api,http_5xx_rate,95.73,67.39,33.1,39.83,1517.49,cpu_saturation_burst,INC-2393
2026-03-31T20:00:00+00:00,order-service,memory_percent,22.54,82.61,1.5,42.4,492.98,memory_leak_progressive,INC-1151
2026-03-12T11:00:00+00:00,payment-api,request_latency_p99,13.77,36.79,42.52,11.31,2874.87,network_partition,INC-4237
2026-03-14T15:00:00+00:00,order-service,memory_percent,99.51,94.6,57.7,294.31,1772.01,cascade_failure,INC-3034
2026-04-01T16:00:00+00:00,inventory-api,request_latency_p99,10.13,43.85,46.87,47.82,1071.55,network_partition,INC-4164
2026-03-31T06:00:00+00:00,payment-api,request_latency_p99,63.76,66.42,5.89,31.67,678.48,memory_leak_progressive,INC-1044
2026-03-15T20:00:00+00:00,inventory-api,http_5xx_rate,8.74,32.14,1.42,18.63,98.98,normal_noisy,INC-5459
2026-04-05T22:00:00+00:00,payment-api,http_5xx_rate,66.53,81.35,55.84,181.14,871.84,cascade_failure,INC-3319
2026-03-11T05:00:00+00:00,notification-svc,memory_percent,71.04,94.71,24.29,109.05,1103.38,cascade_failure,INC-3125
2026-04-03T06:00:00+00:00,payment-api,cpu_percent,98.27,48.74,13.59,17.87,1673.61,cpu_saturation_burst,INC-2178
2026-03-31T03:00:00+00:00,payment-api,memory_percent,41.26,96.97,2.33,42.37,165.67,memory_leak_progressive,INC-1180
2026-03-13T22:00:00+00:00,inventory-api,http_5xx_rate,13.93,32.85,48.16,30.54,1169.03,network_partition,INC-4097
2026-03-23T18:00:00+00:00,auth-service,http_5xx_rate,40.44,63.78,23.02,27.28,34.58,network_partition,INC-4030
2026-03-11T02:00:00+00:00,inventory-api,request_latency_p99,91.71,78.06,33.36,125.36,1917.52,cascade_failure,INC-3160
2026-03-23T15:00:00+00:00,order-service,http_5xx_rate,83.57,81.27,40.47,213.74,2374.04,cascade_failure,INC-3138
2026-04-01T00:00:00+00:00,order-service,http_5xx_rate,38.44,41.59,18.86,115.4,821.86,db_pool_exhaustion,INC-0240
2026-03-25T10:00:00+00:00,notification-svc,http_5xx_rate,15.73,32.15,21.7,41.22,76.51,network_partition,INC-4125
2026-03-18T19:00:00+00:00,auth-service,request_latency_p99,43.83,51.82,0.5,280.23,241.66,normal_noisy,INC-5120
2026-03-31T07:00:00+00:00,notification-svc,request_latency_p99,28.31,44.94,54.6,49.14,94.61,network_partition,INC-4291
2026-03-25T20:00:00+00:00,notification-svc,cpu_percent,78.7,84.39,3.52,10.53,274.16,memory_leak_progressive,INC-1265
2026-03-13T14:00:00+00:00,auth-service,request_latency_p99,93.25,64.79,1.03,11.53,152.88,cpu_saturation_burst,INC-2129
2026-03-31T09:00:00+00:00,payment-api,request_latency_p99,70.6,95.41,25.78,373.87,2228.27,cascade_failure,INC-3386
2026-03-26T03:00:00+00:00,payment-api,http_5xx_rate,85.73,36.26,16.77,16.79,620.04,cpu_saturation_burst,INC-2117
2026-03-13T21:00:00+00:00,payment-api,http_5xx_rate,99.33,48.72,1.67,12.38,198.85,cpu_saturation_burst,INC-2103
2026-03-22T06:00:00+00:00,auth-service,cpu_percent,27.19,53.55,0.92,19.19,68.74,normal_noisy,INC-5348
2026-03-21T05:00:00+00:00,notification-svc,http_5xx_rate,33.22,64.51,48.17,12.3,42.13,network_partition,INC-4331
2026-04-02T18:00:00+00:00,auth-service,http_5xx_rate,98.6,31.61,6.53,78.32,951.14,cpu_saturation_burst,INC-2362
2026-04-01T02:00:00+00:00,inventory-api,http_5xx_rate,29.31,68.91,38.59,21.18,2219.75,network_partition,INC-4317
2026-03-10T00:00:00+00:00,auth-service,request_latency_p99,96.08,60.19,13.16,37.3,1518.34,cpu_saturation_burst,INC-2408
2026-03-25T19:00:00+00:00,order-service,http_5xx_rate,16.5,32.37,1.24,14.06,63.33,normal_noisy,INC-5030
2026-03-16T00:00:00+00:00,order-service,http_5xx_rate,44.84,64.36,8.06,354.98,1126.18,db_pool_exhaustion,INC-0344
2026-03-16T10:00:00+00:00,order-service,cpu_percent,92.34,62.88,11.59,35.82,1157.39,cpu_saturation_burst,INC-2106
2026-03-31T23:00:00+00:00,order-service,http_5xx_rate,29.86,24.43,0.73,12.96,58.83,normal_noisy,INC-5093
2026-04-03T03:00:00+00:00,inventory-api,memory_percent,50.33,67.41,4.14,58.24,606.35,memory_leak_progressive,INC-1058
2026-03-13T10:00:00+00:00,notification-svc,http_5xx_rate,90.62,51.65,29.78,49.49,2157.09,cpu_saturation_burst,INC-2476
2026-03-29T18:00:00+00:00,auth-service,request_latency_p99,42.59,45.26,1.01,7.2,89.09,normal_noisy,INC-5204
2026-03-11T21:00:00+00:00,auth-service,request_latency_p99,57.11,76.56,2.15,57.49,432.49,memory_leak_progressive,INC-1095
2026-04-04T02:00:00+00:00,inventory-api,db_conn_pool_wait_ms,68.25,94.98,31.73,333.95,971.72,cascade_failure,INC-3058
2026-03-18T17:00:00+00:00,auth-service,http_5xx_rate,20.26,48.14,18.67,279.07,1119.09,db_pool_exhaustion,INC-0412
2026-03-27T11:00:00+00:00,auth-service,http_5xx_rate,98.69,62.45,30.89,43.92,538.8,cpu_saturation_burst,INC-2056
2026-03-15T10:00:00+00:00,payment-api,http_5xx_rate,32.55,41.26,54.02,18.76,45.41,network_partition,INC-4474
2026-03-30T13:00:00+00:00,payment-api,request_latency_p99,39.23,35.08,27.43,448.27,1080.38,db_pool_exhaustion,INC-0109
2026-03-18T16:00:00+00:00,payment-api,request_latency_p99,32.31,40.58,35.57,45.5,132.86,network_partition,INC-4026
2026-03-23T05:00:00+00:00,payment-api,request_latency_p99,42.2,46.87,1.77,18.56,102.14,normal_noisy,INC-5207
2026-03-29T15:00:00+00:00,inventory-api,http_5xx_rate,47.4,32.87,19.8,85.39,956.08,db_pool_exhaustion,INC-0319
2026-03-16T20:00:00+00:00,payment-api,memory_percent,33.76,46.6,0.19,10.86,113.63,normal_noisy,INC-5219
2026-03-13T11:00:00+00:00,payment-api,memory_percent,80.99,91.73,3.93,46.27,262.89,memory_leak_progressive,INC-1341
2026-03-28T22:00:00+00:00,auth-service,http_5xx_rate,37.88,42.28,1.82,16.21,76.0,normal_noisy,INC-5458
2026-03-17T14:00:00+00:00,inventory-api,request_latency_p99,93.8,70.09,7.47,55.36,1881.85,cpu_saturation_burst,INC-2352
2026-04-01T14:00:00+00:00,order-service,request_latency_p99,12.68,26.04,1.32,3.88,41.29,normal_noisy,INC-5326
2026-03-11T21:00:00+00:00,notification-svc,request_latency_p99,18.05,46.55,44.16,41.68,1371.37,network_partition,INC-4367
2026-03-21T01:00:00+00:00,auth-service,http_5xx_rate,65.92,81.15,55.09,172.26,2063.54,cascade_failure,INC-3383
2026-03-20T07:00:00+00:00,order-service,request_latency_p99,29.62,76.07,6.16,39.81,598.81,memory_leak_progressive,INC-1181
2026-03-23T08:00:00+00:00,auth-service,cpu_percent,18.11,90.06,7.63,11.53,385.65,memory_leak_progressive,INC-1230
2026-03-31T01:00:00+00:00,notification-svc,memory_percent,33.36,88.21,6.76,17.28,138.69,memory_leak_progressive,INC-1290
2026-03-19T11:00:00+00:00,inventory-api,db_conn_pool_wait_ms,96.79,93.45,45.89,303.26,2391.78,cascade_failure,INC-3314
2026-04-03T08:00:00+00:00,payment-api,http_5xx_rate,96.82,34.06,2.29,10.55,58.94,cpu_saturation_burst,INC-2346
2026-03-27T18:00:00+00:00,notification-svc,request_latency_p99,90.65,86.13,20.93,292.5,1105.59,cascade_failure,INC-3369
2026-03-13T15:00:00+00:00,auth-service,http_5xx_rate,26.62,38.96,33.79,50.4,1716.86,network_partition,INC-4070
2026-03-18T19:00:00+00:00,notification-svc,db_conn_pool_wait_ms,25.0,34.59,18.91,429.79,545.54,db_pool_exhaustion,INC-0433
2026-03-08T17:00:00+00:00,payment-api,request_latency_p99,32.79,84.42,6.89,21.35,438.66,memory_leak_progressive,INC-1065
2026-03-10T03:00:00+00:00,auth-service,request_latency_p99,86.31,65.25,53.78,105.45,2447.16,cascade_failure,INC-3249
2026-04-02T17:00:00+00:00,order-service,http_5xx_rate,96.16,78.38,32.82,250.43,2960.37,cascade_failure,INC-3277
2026-03-23T06:00:00+00:00,auth-service,http_5xx_rate,48.61,42.44,22.19,199.46,905.41,db_pool_exhaustion,INC-0071
2026-03-21T22:00:00+00:00,inventory-api,request_latency_p99,98.1,76.65,20.97,366.84,810.05,cascade_failure,INC-3289
2026-04-02T10:00:00+00:00,notification-svc,cpu_percent,98.11,58.25,5.31,31.79,1693.49,cpu_saturation_burst,INC-2230
2026-03-24T09:00:00+00:00,auth-service,memory_percent,86.45,86.34,50.92,139.03,1480.56,cascade_failure,INC-3013
2026-03-29T20:00:00+00:00,inventory-api,db_conn_pool_wait_ms,12.58,54.24,25.04,201.36,438.55,db_pool_exhaustion,INC-0057
2026-04-03T23:00:00+00:00,inventory-api,request_latency_p99,72.71,92.64,58.62,409.36,2103.86,cascade_failure,INC-3102
2026-03-15T08:00:00+00:00,payment-api,request_latency_p99,26.9,84.01,3.47,20.07,688.71,memory_leak_progressive,INC-1152
2026-03-13T08:00:00+00:00,notification-svc,request_latency_p99,40.93,30.97,21.11,36.7,37.24,network_partition,INC-4177
2026-03-23T08:00:00+00:00,order-service,cpu_percent,56.03,95.15,3.01,23.81,240.65,memory_leak_progressive,INC-1398
2026-03-23T23:00:00+00:00,order-service,cpu_percent,61.6,94.72,3.36,6.94,429.9,memory_leak_progressive,INC-1286
2026-03-15T14:00:00+00:00,notification-svc,request_latency_p99,13.35,46.13,7.01,83.91,462.73,db_pool_exhaustion,INC-0310
2026-03-13T00:00:00+00:00,payment-api,http_5xx_rate,14.1,52.32,44.14,10.74,2721.57,network_partition,INC-4405
2026-03-22T20:00:00+00:00,auth-service,db_conn_pool_wait_ms,65.06,87.48,44.72,316.14,2081.41,cascade_failure,INC-3242
2026-03-25T01:00:00+00:00,inventory-api,memory_percent,52.96,97.4,4.54,52.31,234.49,memory_leak_progressive,INC-1408
2026-04-03T11:00:00+00:00,order-service,memory_percent,25.05,77.26,2.98,47.32,624.22,memory_leak_progressive,INC-1103
2026-04-05T19:00:00+00:00,inventory-api,cpu_percent,99.85,48.18,16.78,78.76,904.39,cpu_saturation_burst,INC-2179
2026-03-18T15:00:00+00:00,inventory-api,http_5xx_rate,12.93,59.52,42.6,54.15,2900.4,network_partition,INC-4298
2026-03-20T07:00:00+00:00,inventory-api,memory_percent,98.4,92.11,48.4,166.32,2756.79,cascade_failure,INC-3246
2026-03-23T01:00:00+00:00,order-service,http_5xx_rate,92.53,24.22,30.09,77.98,1238.44,cpu_saturation_burst,INC-2162
2026-03-22T14:00:00+00:00,inventory-api,cpu_percent,78.41,94.17,23.87,380.47,2289.01,cascade_failure,INC-3010
2026-04-03T05:00:00+00:00,payment-api,http_5xx_rate,23.09,46.56,43.2,47.32,96.73,network_partition,INC-4096
2026-03-13T19:00:00+00:00,auth-service,cpu_percent,75.7,91.82,42.05,281.69,2232.96,cascade_failure,INC-3078
2026-03-12T03:00:00+00:00,notification-svc,request_latency_p99,69.86,87.44,6.74,48.44,255.84,memory_leak_progressive,INC-1073
2026-03-10T00:00:00+00:00,payment-api,memory_percent,83.55,85.27,3.79,25.77,390.84,memory_leak_progressive,INC-1055
2026-03-24T07:00:00+00:00,auth-service,memory_percent,82.08,97.45,6.97,59.4,687.22,memory_leak_progressive,INC-1446
2026-04-03T21:00:00+00:00,inventory-api,http_5xx_rate,25.82,38.65,0.27,8.3,144.61,normal_noisy,INC-5497
2026-04-01T10:00:00+00:00,payment-api,request_latency_p99,58.59,94.37,0.12,51.48,102.44,memory_leak_progressive,INC-1375
2026-03-15T01:00:00+00:00,payment-api,cpu_percent,38.94,60.19,1.95,18.87,56.94,normal_noisy,INC-5495
2026-04-03T00:00:00+00:00,auth-service,memory_percent,82.8,71.95,20.47,164.59,1341.32,cascade_failure,INC-3070
2026-03-12T05:00:00+00:00,payment-api,cpu_percent,27.45,28.72,0.78,8.37,131.44,normal_noisy,INC-5169
2026-03-17T02:00:00+00:00,payment-api,http_5xx_rate,8.87,41.44,1.84,14.83,117.65,normal_noisy,INC-5128
2026-03-29T20:00:00+00:00,notification-svc,db_conn_pool_wait_ms,70.91,75.94,40.59,261.87,885.04,cascade_failure,INC-3054
2026-04-05T18:00:00+00:00,order-service,http_5xx_rate,34.07,68.37,21.31,211.29,695.51,db_pool_exhaustion,INC-0121
2026-03-21T17:00:00+00:00,auth-service,cpu_percent,91.32,57.88,0.2,5.72,78.72,normal_noisy,INC-5160
2026-03-12T18:00:00+00:00,inventory-api,cpu_percent,57.79,87.53,3.64,46.37,241.73,memory_leak_progressive,INC-1310
2026-03-19T02:00:00+00:00,notification-svc,request_latency_p99,42.91,45.71,39.26,57.52,1539.06,network_partition,INC-4187
2026-03-18T00:00:00+00:00,order-service,http_5xx_rate,66.9,62.79,54.77,279.09,1131.48,cascade_failure,INC-3119
2026-03-13T11:00:00+00:00,payment-api,db_conn_pool_wait_ms,52.68,39.39,18.71,214.07,626.24,db_pool_exhaustion,INC-0314
2026-04-04T16:00:00+00:00,inventory-api,memory_percent,79.15,92.76,33.38,329.94,2766.08,cascade_failure,INC-3063
2026-03-22T13:00:00+00:00,payment-api,request_latency_p99,20.08,65.52,25.29,360.11,549.56,db_pool_exhaustion,INC-0234
2026-03-20T03:00:00+00:00,notification-svc,memory_percent,46.86,94.39,4.59,46.98,660.93,memory_leak_progressive,INC-1008
2026-03-30T05:00:00+00:00,order-service,request_latency_p99,93.29,70.31,2.61,8.69,152.7,cpu_saturation_burst,INC-2337
2026-03-19T15:00:00+00:00,order-service,cpu_percent,96.42,74.9,0.41,18.33,73.28,cpu_saturation_burst,INC-2386
2026-03-26T15:00:00+00:00,inventory-api,http_5xx_rate,47.92,69.34,15.48,341.73,714.58,db_pool_exhaustion,INC-0112
2026-04-02T13:00:00+00:00,auth-service,db_conn_pool_wait_ms,72.28,80.6,48.89,375.91,828.67,cascade_failure,INC-3079
2026-04-07T03:00:00+00:00,notification-svc,db_conn_pool_wait_ms,40.44,40.69,10.55,352.74,313.91,db_pool_exhaustion,INC-0411
2026-04-02T13:00:00+00:00,order-service,request_latency_p99,22.29,59.19,23.86,430.84,297.79,db_pool_exhaustion,INC-0219
2026-03-11T03:00:00+00:00,auth-service,request_latency_p99,9.09,40.27,47.63,12.6,2940.88,network_partition,INC-4115
2026-03-16T13:00:00+00:00,notification-svc,request_latency_p99,93.74,45.25,9.27,77.51,823.4,cpu_saturation_burst,INC-2308
2026-03-14T05:00:00+00:00,payment-api,cpu_percent,97.15,41.03,9.7,75.76,991.03,cpu_saturation_burst,INC-2081
2026-04-06T14:00:00+00:00,order-service,cpu_percent,57.92,85.67,6.75,29.5,560.35,memory_leak_progressive,INC-1260
2026-03-23T10:00:00+00:00,inventory-api,memory_percent,44.42,76.12,3.22,15.02,500.88,memory_leak_progressive,INC-1412
2026-03-29T05:00:00+00:00,order-service,cpu_percent,55.52,80.32,7.69,58.5,490.14,memory_leak_progressive,INC-1308
2026-03-21T03:00:00+00:00,order-service,request_latency_p99,47.81,49.88,16.98,441.57,226.48,db_pool_exhaustion,INC-0440
2026-04-07T02:00:00+00:00,inventory-api,memory_percent,29.19,85.5,3.53,16.67,384.56,memory_leak_progressive,INC-1045
2026-04-01T00:00:00+00:00,auth-service,http_5xx_rate,11.51,62.63,9.41,269.14,251.81,db_pool_exhaustion,INC-0486
2026-03-19T03:00:00+00:00,auth-service,request_latency_p99,34.51,38.25,46.45,15.37,107.08,network_partition,INC-4476
2026-04-03T00:00:00+00:00,order-service,http_5xx_rate,58.4,32.3,28.07,362.19,767.81,db_pool_exhaustion,INC-0388
2026-03-24T11:00:00+00:00,payment-api,memory_percent,14.9,46.85,0.89,346.96,75.25,normal_noisy,INC-5417
2026-03-27T00:00:00+00:00,inventory-api,cpu_percent,90.96,63.49,28.56,21.23,500.91,cpu_saturation_burst,INC-2193
2026-04-06T13:00:00+00:00,payment-api,http_5xx_rate,90.74,72.64,29.93,31.91,1662.41,cpu_saturation_burst,INC-2231
2026-03-12T06:00:00+00:00,auth-service,cpu_percent,86.51,41.51,34.16,35.67,973.65,cpu_saturation_burst,INC-2211
2026-03-23T06:00:00+00:00,auth-service,cpu_percent,95.07,60.34,19.11,63.18,1948.32,cpu_saturation_burst,INC-2274
2026-03-17T11:00:00+00:00,order-service,cpu_percent,75.71,93.44,55.47,417.74,1171.27,cascade_failure,INC-3440
2026-03-22T18:00:00+00:00,inventory-api,request_latency_p99,25.71,63.21,31.77,56.64,2160.29,network_partition,INC-4304
2026-03-25T14:00:00+00:00,order-service,cpu_percent,70.5,82.88,5.94,32.25,474.54,memory_leak_progressive,INC-1431
2026-03-24T08:00:00+00:00,inventory-api,http_5xx_rate,43.9,63.84,6.01,244.31,649.63,db_pool_exhaustion,INC-0136
2026-03-25T16:00:00+00:00,order-service,request_latency_p99,97.06,80.43,21.35,353.94,2211.52,cascade_failure,INC-3281
2026-03-13T12:00:00+00:00,notification-svc,http_5xx_rate,38.09,35.16,25.28,59.51,2487.57,network_partition,INC-4168
2026-03-29T09:00:00+00:00,auth-service,request_latency_p99,88.78,62.47,21.82,45.68,2149.44,cpu_saturation_burst,INC-2498
2026-03-30T04:00:00+00:00,notification-svc,request_latency_p99,17.79,60.29,48.33,25.7,1510.96,network_partition,INC-4257
2026-03-24T07:00:00+00:00,inventory-api,request_latency_p99,34.85,31.32,10.63,246.67,924.01,db_pool_exhaustion,INC-0367
2026-03-23T12:00:00+00:00,order-service,http_5xx_rate,27.22,32.0,39.55,20.32,2244.24,network_partition,INC-4025
2026-03-28T14:00:00+00:00,payment-api,memory_percent,19.55,18.85,1.89,3.31,139.53,normal_noisy,INC-5398
2026-04-03T19:00:00+00:00,order-service,http_5xx_rate,34.43,56.51,28.89,275.24,486.45,db_pool_exhaustion,INC-0030
2026-03-14T17:00:00+00:00,notification-svc,http_5xx_rate,22.35,33.96,1.8,215.52,344.11,normal_noisy,INC-5002
2026-03-10T13:00:00+00:00,order-service,memory_percent,34.39,43.86,1.4,16.04,50.2,normal_noisy,INC-5469
2026-03-24T16:00:00+00:00,inventory-api,http_5xx_rate,99.38,33.62,34.13,58.5,2143.31,cpu_saturation_burst,INC-2048
2026-03-25T14:00:00+00:00,notification-svc,cpu_percent,44.4,35.79,0.09,141.78,142.31,normal_noisy,INC-5388
2026-03-25T18:00:00+00:00,auth-service,request_latency_p99,98.87,69.97,8.73,66.0,1954.35,cpu_saturation_burst,INC-2422
2026-03-20T08:00:00+00:00,notification-svc,cpu_percent,96.12,36.22,8.91,35.0,1422.11,cpu_saturation_burst,INC-2489
2026-03-26T08:00:00+00:00,auth-service,http_5xx_rate,42.58,64.86,20.86,89.69,629.03,db_pool_exhaustion,INC-0184
2026-03-31T04:00:00+00:00,auth-service,http_5xx_rate,88.74,26.06,25.3,67.48,1740.01,cpu_saturation_burst,INC-2135
2026-03-22T07:00:00+00:00,notification-svc,request_latency_p99,57.17,35.08,24.89,181.06,745.68,db_pool_exhaustion,INC-0189
2026-03-28T09:00:00+00:00,payment-api,http_5xx_rate,16.19,37.45,13.29,288.46,270.23,db_pool_exhaustion,INC-0421
2026-03-18T21:00:00+00:00,auth-service,request_latency_p99,53.31,53.57,13.97,225.82,608.67,db_pool_exhaustion,INC-0171
2026-03-14T11:00:00+00:00,auth-service,http_5xx_rate,97.36,56.61,1.18,9.85,220.26,cpu_saturation_burst,INC-2378
2026-04-06T09:00:00+00:00,inventory-api,db_conn_pool_wait_ms,11.75,69.63,24.56,200.25,1137.57,db_pool_exhaustion,INC-0461
2026-03-28T15:00:00+00:00,order-service,request_latency_p99,50.22,51.31,20.82,158.31,488.16,db_pool_exhaustion,INC-0044
2026-03-18T09:00:00+00:00,auth-service,db_conn_pool_wait_ms,52.67,41.96,19.76,121.76,596.94,db_pool_exhaustion,INC-0088
2026-03-17T05:00:00+00:00,order-service,cpu_percent,86.44,29.97,1.59,9.18,101.68,cpu_saturation_burst,INC-2323
2026-03-30T08:00:00+00:00,auth-service,http_5xx_rate,99.55,67.56,39.26,135.89,2306.58,cascade_failure,INC-3241
2026-03-28T03:00:00+00:00,notification-svc,request_latency_p99,31.88,88.64,5.83,34.17,240.28,memory_leak_progressive,INC-1206
2026-03-08T14:00:00+00:00,inventory-api,memory_percent,39.91,87.01,0.55,9.38,421.5,memory_leak_progressive,INC-1404
2026-04-05T07:00:00+00:00,notification-svc,request_latency_p99,15.41,39.61,11.85,209.89,232.81,db_pool_exhaustion,INC-0283
2026-03-20T11:00:00+00:00,notification-svc,http_5xx_rate,20.13,32.74,32.5,28.45,33.53,network_partition,INC-4459
2026-04-03T19:00:00+00:00,payment-api,request_latency_p99,17.8,86.63,5.48,14.14,548.8,memory_leak_progressive,INC-1194
2026-03-20T07:00:00+00:00,inventory-api,request_latency_p99,12.39,47.81,54.14,23.34,111.92,network_partition,INC-4090
2026-03-20T13:00:00+00:00,notification-svc,http_5xx_rate,10.96,39.24,31.78,39.99,2363.72,network_partition,INC-4067
2026-03-17T04:00:00+00:00,auth-service,db_conn_pool_wait_ms,40.52,61.07,25.26,361.0,911.71,db_pool_exhaustion,INC-0258
2026-03-17T19:00:00+00:00,auth-service,http_5xx_rate,26.41,26.63,1.13,7.73,528.07,normal_noisy,INC-5145
2026-03-23T09:00:00+00:00,auth-service,http_5xx_rate,23.66,33.1,1.7,7.62,45.57,normal_noisy,INC-5095
2026-03-15T12:00:00+00:00,inventory-api,http_5xx_rate,36.01,42.67,26.48,48.25,39.4,network_partition,INC-4443
2026-03-15T19:00:00+00:00,auth-service,cpu_percent,32.94,25.29,1.67,4.43,94.06,normal_noisy,INC-5384
2026-03-13T04:00:00+00:00,auth-service,request_latency_p99,89.54,62.92,1.61,7.02,168.59,cpu_saturation_burst,INC-2217
2026-03-24T03:00:00+00:00,notification-svc,cpu_percent,89.78,66.59,0.77,18.04,163.59,cpu_saturation_burst,INC-2042
2026-03-19T15:00:00+00:00,payment-api,request_latency_p99,33.82,60.01,36.71,30.78,116.03,network_partition,INC-4454
2026-03-14T19:00:00+00:00,auth-service,db_conn_pool_wait_ms,15.59,63.3,9.41,159.61,623.5,db_pool_exhaustion,INC-0150
2026-03-26T04:00:00+00:00,notification-svc,memory_percent,69.56,85.51,21.77,314.02,2728.41,cascade_failure,INC-3237
2026-04-03T08:00:00+00:00,notification-svc,http_5xx_rate,31.95,55.57,56.66,13.0,72.01,network_partition,INC-4359
2026-03-25T00:00:00+00:00,notification-svc,http_5xx_rate,14.18,59.32,58.84,15.3,1365.96,network_partition,INC-4393
2026-04-03T04:00:00+00:00,auth-service,http_5xx_rate,25.66,50.15,38.66,20.66,2315.9,network_partition,INC-4442
2026-03-21T16:00:00+00:00,auth-service,http_5xx_rate,28.69,62.03,27.81,20.26,2697.69,network_partition,INC-4113
2026-03-21T08:00:00+00:00,inventory-api,http_5xx_rate,38.19,35.69,44.56,57.13,108.31,network_partition,INC-4418
2026-03-23T14:00:00+00:00,auth-service,db_conn_pool_wait_ms,46.31,48.44,21.5,118.3,799.7,db_pool_exhaustion,INC-0135
2026-04-02T12:00:00+00:00,auth-service,request_latency_p99,8.44,18.39,1.12,5.63,63.76,normal_noisy,INC-5431
2026-03-27T18:00:00+00:00,auth-service,request_latency_p99,65.37,87.86,7.32,23.89,547.26,memory_leak_progressive,INC-1332
2026-03-20T02:00:00+00:00,auth-service,http_5xx_rate,93.76,73.23,53.9,332.11,1486.86,cascade_failure,INC-3301
2026-04-03T01:00:00+00:00,inventory-api,http_5xx_rate,34.54,38.24,0.16,19.55,138.84,normal_noisy,INC-5430
2026-04-04T02:00:00+00:00,inventory-api,http_5xx_rate,13.82,33.34,1.19,264.4,475.3,normal_noisy,INC-5489
2026-03-18T05:00:00+00:00,payment-api,http_5xx_rate,84.76,82.75,57.46,327.69,1883.35,cascade_failure,INC-3399
2026-03-30T13:00:00+00:00,auth-service,memory_percent,40.46,92.91,7.57,16.07,197.72,memory_leak_progressive,INC-1365
2026-04-05T09:00:00+00:00,order-service,request_latency_p99,83.82,90.07,3.48,40.03,188.78,memory_leak_progressive,INC-1029
2026-03-11T20:00:00+00:00,payment-api,http_5xx_rate,9.62,39.2,22.25,22.3,135.57,network_partition,INC-4220
2026-03-14T21:00:00+00:00,notification-svc,db_conn_pool_wait_ms,42.4,49.34,15.98,248.71,312.12,db_pool_exhaustion,INC-0431
2026-04-03T00:00:00+00:00,order-service,memory_percent,14.01,49.34,1.39,11.86,70.46,normal_noisy,INC-5244
2026-03-17T09:00:00+00:00,payment-api,http_5xx_rate,72.94,84.48,41.51,357.45,2621.24,cascade_failure,INC-3245
2026-04-03T04:00:00+00:00,payment-api,cpu_percent,80.98,95.85,5.51,34.77,234.03,memory_leak_progressive,INC-1111
2026-03-17T20:00:00+00:00,notification-svc,cpu_percent,24.93,93.29,5.41,46.48,637.91,memory_leak_progressive,INC-1450
2026-03-26T16:00:00+00:00,notification-svc,memory_percent,25.12,51.43,0.78,14.66,120.18,normal_noisy,INC-5312
2026-03-13T03:00:00+00:00,inventory-api,request_latency_p99,41.96,61.32,10.27,240.49,1117.4,db_pool_exhaustion,INC-0222
2026-03-31T02:00:00+00:00,inventory-api,http_5xx_rate,73.09,75.74,54.29,202.33,2589.17,cascade_failure,INC-3416
2026-03-28T21:00:00+00:00,payment-api,http_5xx_rate,16.84,35.73,27.12,56.77,60.07,network_partition,INC-4412
2026-03-21T13:00:00+00:00,notification-svc,request_latency_p99,85.21,22.19,1.14,9.35,110.62,cpu_saturation_burst,INC-2037
2026-03-22T09:00:00+00:00,payment-api,http_5xx_rate,23.31,34.65,0.1,6.94,56.86,normal_noisy,INC-5146
2026-03-28T18:00:00+00:00,payment-api,memory_percent,54.78,86.96,2.62,38.01,600.12,memory_leak_progressive,INC-1433
2026-04-07T09:00:00+00:00,payment-api,request_latency_p99,41.44,37.46,1.59,17.71,88.39,normal_noisy,INC-5056
2026-04-02T12:00:00+00:00,order-service,http_5xx_rate,38.13,60.22,11.44,253.63,1026.79,db_pool_exhaustion,INC-0174
2026-03-23T06:00:00+00:00,payment-api,memory_percent,58.22,75.82,0.17,33.55,392.22,memory_leak_progressive,INC-1066
2026-04-05T19:00:00+00:00,payment-api,db_conn_pool_wait_ms,90.82,73.48,43.15,341.27,1778.62,cascade_failure,INC-3461
2026-04-07T10:00:00+00:00,payment-api,cpu_percent,19.32,96.42,2.13,22.05,741.94,memory_leak_progressive,INC-1313
2026-03-28T04:00:00+00:00,auth-service,memory_percent,35.66,25.18,6.63,15.85,148.91,normal_noisy,INC-5188
2026-03-20T11:00:00+00:00,order-service,request_latency_p99,17.85,97.92,2.8,24.02,700.45,memory_leak_progressive,INC-1459
2026-03-16T15:00:00+00:00,payment-api,memory_percent,52.79,91.58,5.45,29.52,515.48,memory_leak_progressive,INC-1028
2026-03-16T05:00:00+00:00,order-service,cpu_percent,89.88,67.68,25.71,67.87,1014.31,cpu_saturation_burst,INC-2414
2026-03-31T17:00:00+00:00,payment-api,cpu_percent,92.41,78.36,34.05,333.89,1145.86,cascade_failure,INC-3112
2026-03-11T10:00:00+00:00,auth-service,http_5xx_rate,56.46,69.24,6.06,358.09,644.94,db_pool_exhaustion,INC-0273
2026-03-27T09:00:00+00:00,auth-service,request_latency_p99,80.61,87.28,3.1,40.23,497.67,memory_leak_progressive,INC-1427
2026-03-24T08:00:00+00:00,auth-service,request_latency_p99,85.31,89.46,43.98,152.12,839.96,cascade_failure,INC-3240
2026-03-19T15:00:00+00:00,order-service,cpu_percent,48.52,78.22,6.94,59.36,366.27,memory_leak_progressive,INC-1348
2026-03-28T09:00:00+00:00,order-service,request_latency_p99,66.95,83.35,1.84,29.73,239.62,memory_leak_progressive,INC-1453
2026-04-03T09:00:00+00:00,payment-api,request_latency_p99,79.67,87.23,40.29,426.06,1322.02,cascade_failure,INC-3121
2026-03-12T09:00:00+00:00,inventory-api,request_latency_p99,14.04,53.41,0.08,12.83,120.11,normal_noisy,INC-5500
2026-03-24T01:00:00+00:00,inventory-api,http_5xx_rate,26.2,58.41,25.35,10.47,1984.82,network_partition,INC-4316
2026-04-06T12:00:00+00:00,payment-api,db_conn_pool_wait_ms,98.89,87.82,29.78,322.22,2145.01,cascade_failure,INC-3413
2026-04-04T17:00:00+00:00,payment-api,http_5xx_rate,96.6,33.24,0.62,202.61,112.46,normal_noisy,INC-5094
2026-03-16T01:00:00+00:00,inventory-api,http_5xx_rate,33.79,32.83,41.28,13.23,2169.56,network_partition,INC-4032
2026-03-21T21:00:00+00:00,auth-service,cpu_percent,86.18,27.68,2.62,9.21,201.16,cpu_saturation_burst,INC-2101
2026-03-29T21:00:00+00:00,payment-api,http_5xx_rate,96.15,30.33,26.84,46.3,572.91,cpu_saturation_burst,INC-2293
2026-04-07T08:00:00+00:00,payment-api,cpu_percent,96.27,47.71,0.63,3.24,71.53,normal_noisy,INC-5376
2026-03-25T05:00:00+00:00,payment-api,http_5xx_rate,57.43,53.07,25.15,280.98,370.34,db_pool_exhaustion,INC-0169
2026-03-22T00:00:00+00:00,notification-svc,request_latency_p99,29.65,61.55,29.02,57.93,2669.22,network_partition,INC-4377
2026-03-17T14:00:00+00:00,payment-api,http_5xx_rate,91.92,70.76,0.79,6.15,129.35,cpu_saturation_burst,INC-2468
2026-03-20T21:00:00+00:00,order-service,http_5xx_rate,37.04,59.5,0.29,3.71,117.73,normal_noisy,INC-5267
2026-04-06T19:00:00+00:00,inventory-api,cpu_percent,88.56,39.2,2.68,4.58,196.1,cpu_saturation_burst,INC-2399
2026-04-01T06:00:00+00:00,order-service,http_5xx_rate,86.98,58.09,33.36,49.46,1611.1,cpu_saturation_burst,INC-2229
2026-03-20T17:00:00+00:00,auth-service,request_latency_p99,14.17,32.88,42.26,16.76,43.65,network_partition,INC-4235
2026-03-28T21:00:00+00:00,auth-service,http_5xx_rate,86.1,93.77,30.5,421.67,1397.18,cascade_failure,INC-3239
2026-03-13T09:00:00+00:00,payment-api,db_conn_pool_wait_ms,53.48,57.94,21.85,175.7,725.09,db_pool_exhaustion,INC-0368
2026-03-15T06:00:00+00:00,notification-svc,http_5xx_rate,17.05,50.09,29.49,24.28,1077.62,network_partition,INC-4276
2026-03-29T04:00:00+00:00,order-service,request_latency_p99,23.5,86.8,1.35,31.96,123.89,memory_leak_progressive,INC-1368
2026-03-26T18:00:00+00:00,inventory-api,http_5xx_rate,89.21,63.77,8.13,21.38,2141.44,cpu_saturation_burst,INC-2303
2026-03-11T21:00:00+00:00,order-service,request_latency_p99,33.22,38.37,25.57,307.15,398.38,db_pool_exhaustion,INC-0352
2026-03-19T23:00:00+00:00,order-service,http_5xx_rate,13.4,54.56,45.27,33.25,1802.48,network_partition,INC-4395
2026-03-08T16:00:00+00:00,payment-api,request_latency_p99,30.94,58.92,1.93,222.38,44.69,normal_noisy,INC-5004
2026-03-17T14:00:00+00:00,order-service,memory_percent,69.7,62.98,4.54,37.73,721.94,memory_leak_progressive,INC-1480
2026-03-11T18:00:00+00:00,order-service,cpu_percent,79.83,61.24,43.53,250.89,2886.82,cascade_failure,INC-3348
2026-03-31T21:00:00+00:00,payment-api,http_5xx_rate,21.12,33.11,44.98,34.79,112.48,network_partition,INC-4371
2026-03-16T15:00:00+00:00,notification-svc,db_conn_pool_wait_ms,49.79,47.65,10.28,381.18,388.96,db_pool_exhaustion,INC-0499
2026-03-18T07:00:00+00:00,notification-svc,request_latency_p99,68.72,77.2,48.02,233.11,2712.28,cascade_failure,INC-3129
2026-03-17T03:00:00+00:00,auth-service,db_conn_pool_wait_ms,59.74,64.92,27.25,411.96,514.35,db_pool_exhaustion,INC-0211
2026-03-20T17:00:00+00:00,inventory-api,http_5xx_rate,37.37,56.93,26.67,11.16,48.15,network_partition,INC-4471
2026-03-10T03:00:00+00:00,order-service,cpu_percent,46.26,95.09,1.31,46.9,737.04,memory_leak_progressive,INC-1102
2026-03-27T22:00:00+00:00,auth-service,request_latency_p99,14.69,46.49,26.89,446.66,484.05,db_pool_exhaustion,INC-0228
2026-03-22T15:00:00+00:00,auth-service,http_5xx_rate,52.22,37.0,24.12,223.28,560.57,db_pool_exhaustion,INC-0366
2026-03-30T01:00:00+00:00,order-service,request_latency_p99,40.57,82.26,3.73,24.62,128.71,memory_leak_progressive,INC-1082
2026-03-14T08:00:00+00:00,order-service,memory_percent,17.31,20.32,1.5,3.95,114.31,normal_noisy,INC-5356
2026-04-03T03:00:00+00:00,auth-service,http_5xx_rate,44.93,52.53,36.3,9.03,1663.07,network_partition,INC-4179
2026-03-29T13:00:00+00:00,auth-service,http_5xx_rate,23.41,35.5,23.76,36.5,1352.66,network_partition,INC-4019
2026-03-28T06:00:00+00:00,payment-api,memory_percent,66.86,93.32,3.72,37.23,135.83,memory_leak_progressive,INC-1360
2026-03-19T01:00:00+00:00,payment-api,http_5xx_rate,40.87,36.07,10.39,323.88,469.9,db_pool_exhaustion,INC-0408
2026-03-08T13:00:00+00:00,inventory-api,http_5xx_rate,96.52,63.07,30.32,335.02,2959.35,cascade_failure,INC-3421
2026-03-22T21:00:00+00:00,auth-service,http_5xx_rate,95.84,63.36,42.72,213.78,2937.57,cascade_failure,INC-3114
2026-03-24T06:00:00+00:00,auth-service,request_latency_p99,17.5,91.65,6.7,11.34,470.15,memory_leak_progressive,INC-1179
2026-03-23T19:00:00+00:00,notification-svc,cpu_percent,86.12,52.39,0.24,7.68,130.7,cpu_saturation_burst,INC-2265
2026-03-18T22:00:00+00:00,inventory-api,http_5xx_rate,24.12,46.1,24.74,32.12,1753.96,network_partition,INC-4408
2026-03-27T05:00:00+00:00,inventory-api,memory_percent,40.93,95.34,0.5,52.73,218.78,memory_leak_progressive,INC-1192
2026-03-14T22:00:00+00:00,inventory-api,request_latency_p99,32.95,52.75,8.49,395.18,314.53,db_pool_exhaustion,INC-0008
2026-03-16T22:00:00+00:00,inventory-api,request_latency_p99,43.86,62.98,0.06,8.78,75.63,normal_noisy,INC-5368
2026-03-23T03:00:00+00:00,inventory-api,request_latency_p99,94.48,23.65,2.45,17.67,149.87,cpu_saturation_burst,INC-2205
2026-03-19T05:00:00+00:00,order-service,request_latency_p99,11.05,30.46,43.82,58.93,69.18,network_partition,INC-4234
2026-03-17T04:00:00+00:00,order-service,request_latency_p99,17.97,56.93,11.77,358.11,472.84,db_pool_exhaustion,INC-0416
2026-03-16T01:00:00+00:00,notification-svc,cpu_percent,61.37,77.74,5.24,49.77,635.98,memory_leak_progressive,INC-1171
2026-03-13T10:00:00+00:00,notification-svc,request_latency_p99,81.4,75.63,0.93,58.37,595.48,memory_leak_progressive,INC-1311
2026-04-03T19:00:00+00:00,auth-service,http_5xx_rate,88.04,72.59,2.3,7.01,227.02,cpu_saturation_burst,INC-2090
2026-03-19T01:00:00+00:00,inventory-api,http_5xx_rate,52.81,55.24,13.69,359.48,862.53,db_pool_exhaustion,INC-0200
2026-03-30T03:00:00+00:00,auth-service,db_conn_pool_wait_ms,26.95,43.12,7.24,296.29,225.2,db_pool_exhaustion,INC-0284
2026-03-16T00:00:00+00:00,order-service,db_conn_pool_wait_ms,54.29,38.64,18.28,169.53,979.27,db_pool_exhaustion,INC-0232
2026-03-24T20:00:00+00:00,order-service,request_latency_p99,14.78,37.48,0.76,3.49,131.24,normal_noisy,INC-5231
2026-04-06T19:00:00+00:00,auth-service,cpu_percent,31.49,29.76,1.28,19.41,144.67,normal_noisy,INC-5362
2026-03-15T03:00:00+00:00,order-service,request_latency_p99,57.99,34.12,6.03,208.96,446.07,db_pool_exhaustion,INC-0097
2026-04-03T19:00:00+00:00,payment-api,memory_percent,68.99,73.81,39.5,280.43,1204.3,cascade_failure,INC-3088
2026-03-25T13:00:00+00:00,auth-service,memory_percent,22.86,31.33,0.1,12.08,491.96,normal_noisy,INC-5070
2026-03-23T14:00:00+00:00,inventory-api,db_conn_pool_wait_ms,94.75,81.71,32.78,198.95,2586.44,cascade_failure,INC-3107
2026-03-11T21:00:00+00:00,auth-service,cpu_percent,22.43,94.85,7.52,45.76,227.56,memory_leak_progressive,INC-1177
2026-04-03T11:00:00+00:00,notification-svc,request_latency_p99,79.75,80.27,56.83,184.09,1010.07,cascade_failure,INC-3361
2026-03-26T09:00:00+00:00,auth-service,http_5xx_rate,20.75,47.58,1.3,17.61,125.21,normal_noisy,INC-5282
2026-03-22T19:00:00+00:00,order-service,http_5xx_rate,32.04,19.09,0.76,5.08,108.68,normal_noisy,INC-5364
2026-03-14T04:00:00+00:00,payment-api,request_latency_p99,35.21,47.78,0.84,14.08,124.14,normal_noisy,INC-5088
2026-03-14T12:00:00+00:00,auth-service,cpu_percent,98.17,63.16,25.69,79.04,1522.1,cpu_saturation_burst,INC-2400
2026-03-29T02:00:00+00:00,notification-svc,cpu_percent,89.69,29.06,19.65,21.15,1614.79,cpu_saturation_burst,INC-2371
2026-03-29T18:00:00+00:00,auth-service,db_conn_pool_wait_ms,40.17,69.39,14.04,134.53,1013.16,db_pool_exhaustion,INC-0105
2026-03-23T19:00:00+00:00,order-service,request_latency_p99,20.2,58.12,37.86,32.32,1940.47,network_partition,INC-4088
2026-03-16T05:00:00+00:00,auth-service,cpu_percent,46.87,82.57,4.99,27.27,300.53,memory_leak_progressive,INC-1100
2026-03-09T17:00:00+00:00,notification-svc,http_5xx_rate,67.53,63.53,27.67,215.78,1061.69,cascade_failure,INC-3257
2026-03-22T01:00:00+00:00,inventory-api,http_5xx_rate,85.96,62.29,7.78,50.94,665.62,cpu_saturation_burst,INC-2324
2026-03-26T06:00:00+00:00,auth-service,memory_percent,22.72,78.73,6.99,58.18,531.85,memory_leak_progressive,INC-1143
2026-03-17T19:00:00+00:00,inventory-api,cpu_percent,77.8,95.2,3.67,39.76,798.69,memory_leak_progressive,INC-1201
2026-03-30T22:00:00+00:00,order-service,request_latency_p99,58.03,58.87,27.95,398.81,1184.19,db_pool_exhaustion,INC-0227
2026-03-12T20:00:00+00:00,order-service,cpu_percent,97.61,83.02,27.94,334.96,2156.37,cascade_failure,INC-3198
2026-03-31T01:00:00+00:00,payment-api,request_latency_p99,85.61,62.6,30.49,59.02,509.73,cpu_saturation_burst,INC-2011
2026-04-02T11:00:00+00:00,inventory-api,cpu_percent,90.15,86.66,37.39,303.89,2186.13,cascade_failure,INC-3073
2026-04-01T14:00:00+00:00,order-service,request_latency_p99,74.1,78.32,6.84,8.31,797.49,memory_leak_progressive,INC-1277
2026-04-03T15:00:00+00:00,payment-api,request_latency_p99,72.11,79.07,22.38,194.18,930.96,cascade_failure,INC-3231
2026-03-23T17:00:00+00:00,inventory-api,request_latency_p99,8.97,53.62,1.27,99.77,111.29,normal_noisy,INC-5327
2026-04-03T07:00:00+00:00,notification-svc,request_latency_p99,30.91,61.97,23.3,10.34,1715.37,network_partition,INC-4229
2026-03-20T02:00:00+00:00,notification-svc,cpu_percent,33.55,63.98,0.87,13.05,109.82,normal_noisy,INC-5295
2026-03-30T00:00:00+00:00,order-service,db_conn_pool_wait_ms,38.15,58.0,23.74,409.58,876.39,db_pool_exhaustion,INC-0465
2026-03-12T15:00:00+00:00,order-service,cpu_percent,38.95,26.96,6.51,276.55,134.6,normal_noisy,INC-5152
2026-03-12T18:00:00+00:00,notification-svc,cpu_percent,87.91,46.38,0.8,8.39,134.77,cpu_saturation_burst,INC-2094
2026-03-28T07:00:00+00:00,order-service,request_latency_p99,91.62,51.53,28.09,36.34,1294.3,cpu_saturation_burst,INC-2272
2026-03-24T07:00:00+00:00,auth-service,memory_percent,52.93,52.34,0.32,17.54,311.46,normal_noisy,INC-5424
2026-03-19T04:00:00+00:00,notification-svc,cpu_percent,97.76,84.05,53.24,283.15,1644.99,cascade_failure,INC-3081
2026-03-08T21:00:00+00:00,order-service,http_5xx_rate,99.92,48.4,31.49,60.09,1349.33,cpu_saturation_burst,INC-2208
2026-03-31T19:00:00+00:00,payment-api,http_5xx_rate,30.14,63.36,22.03,437.32,391.92,db_pool_exhaustion,INC-0213
2026-03-10T09:00:00+00:00,payment-api,http_5xx_rate,29.05,42.06,20.76,311.54,561.81,db_pool_exhaustion,INC-0013
2026-04-03T14:00:00+00:00,payment-api,request_latency_p99,11.1,36.96,1.97,4.32,108.95,normal_noisy,INC-5473
2026-04-05T13:00:00+00:00,inventory-api,db_conn_pool_wait_ms,13.83,54.17,29.66,247.14,871.98,db_pool_exhaustion,INC-0423
2026-03-24T17:00:00+00:00,inventory-api,request_latency_p99,91.81,91.58,23.3,84.02,1676.91,cascade_failure,INC-3189
2026-04-07T08:00:00+00:00,order-service,http_5xx_rate,89.84,82.23,54.13,105.75,2278.93,cascade_failure,INC-3280
2026-03-15T15:00:00+00:00,auth-service,request_latency_p99,14.27,46.95,0.68,3.67,139.65,normal_noisy,INC-5140
2026-03-28T07:00:00+00:00,inventory-api,request_latency_p99,9.37,47.78,20.19,22.48,2612.98,network_partition,INC-4320
2026-03-12T16:00:00+00:00,notification-svc,request_latency_p99,15.39,97.94,3.49,54.46,725.46,memory_leak_progressive,INC-1138
2026-03-12T10:00:00+00:00,auth-service,request_latency_p99,98.32,48.61,17.15,32.12,519.37,cpu_saturation_burst,INC-2279
2026-03-22T19:00:00+00:00,notification-svc,http_5xx_rate,97.2,80.7,34.57,231.88,1081.13,cascade_failure,INC-3141
2026-03-12T04:00:00+00:00,notification-svc,cpu_percent,50.04,77.82,7.36,42.07,716.6,memory_leak_progressive,INC-1010
2026-03-27T05:00:00+00:00,auth-service,cpu_percent,83.95,94.57,6.51,8.13,791.98,memory_leak_progressive,INC-1098
2026-03-19T13:00:00+00:00,inventory-api,memory_percent,44.72,28.0,0.47,10.98,91.44,normal_noisy,INC-5213
2026-04-02T05:00:00+00:00,notification-svc,http_5xx_rate,19.05,51.04,1.87,7.4,120.42,normal_noisy,INC-5135
2026-03-29T21:00:00+00:00,inventory-api,http_5xx_rate,21.14,44.97,23.4,47.35,108.23,network_partition,INC-4365
2026-03-23T07:00:00+00:00,inventory-api,memory_percent,13.41,34.08,1.0,3.31,53.27,normal_noisy,INC-5144
2026-03-12T16:00:00+00:00,auth-service,memory_percent,30.66,94.51,1.28,40.16,444.41,memory_leak_progressive,INC-1019
2026-03-13T22:00:00+00:00,notification-svc,http_5xx_rate,14.1,45.36,1.21,16.2,158.17,normal_noisy,INC-5294
2026-03-20T22:00:00+00:00,order-service,memory_percent,36.53,92.36,6.88,55.59,583.74,memory_leak_progressive,INC-1074
2026-03-25T22:00:00+00:00,payment-api,http_5xx_rate,42.78,45.29,0.91,4.04,507.85,normal_noisy,INC-5226
2026-03-16T20:00:00+00:00,notification-svc,request_latency_p99,90.19,32.15,0.22,9.03,47.6,cpu_saturation_burst,INC-2098
2026-03-31T07:00:00+00:00,notification-svc,memory_percent,92.8,93.88,55.64,432.73,2640.55,cascade_failure,INC-3448
2026-03-22T11:00:00+00:00,notification-svc,cpu_percent,92.26,24.8,2.49,6.11,116.75,cpu_saturation_burst,INC-2449
2026-03-13T22:00:00+00:00,payment-api,cpu_percent,65.28,89.78,35.23,121.5,806.24,cascade_failure,INC-3085
2026-04-01T14:00:00+00:00,payment-api,cpu_percent,14.27,21.41,0.49,9.96,112.91,normal_noisy,INC-5097
2026-03-18T23:00:00+00:00,payment-api,request_latency_p99,59.06,75.96,2.0,58.13,688.42,memory_leak_progressive,INC-1465
2026-03-23T06:00:00+00:00,notification-svc,request_latency_p99,94.57,58.95,0.57,19.88,143.17,cpu_saturation_burst,INC-2019
2026-04-03T02:00:00+00:00,auth-service,memory_percent,26.79,16.95,0.27,19.55,87.74,normal_noisy,INC-5409
2026-03-15T00:00:00+00:00,inventory-api,db_conn_pool_wait_ms,22.76,50.45,28.72,367.85,581.31,db_pool_exhaustion,INC-0359
2026-04-04T01:00:00+00:00,inventory-api,memory_percent,46.96,77.94,3.75,42.61,221.48,memory_leak_progressive,INC-1237
2026-03-27T07:00:00+00:00,order-service,request_latency_p99,66.16,72.78,38.92,399.6,2877.37,cascade_failure,INC-3285
2026-03-20T14:00:00+00:00,notification-svc,http_5xx_rate,93.25,87.65,28.26,306.32,1582.08,cascade_failure,INC-3109
2026-03-26T02:00:00+00:00,payment-api,db_conn_pool_wait_ms,20.07,67.18,5.45,191.08,1124.96,db_pool_exhaustion,INC-0260
2026-03-23T20:00:00+00:00,payment-api,request_latency_p99,18.58,44.35,1.42,2.43,137.67,normal_noisy,INC-5272
2026-03-16T19:00:00+00:00,payment-api,http_5xx_rate,33.55,44.71,1.89,19.55,75.0,normal_noisy,INC-5143
2026-03-19T11:00:00+00:00,inventory-api,http_5xx_rate,39.05,49.15,0.99,13.69,97.0,normal_noisy,INC-5243
2026-03-23T23:00:00+00:00,notification-svc,http_5xx_rate,10.23,58.02,42.85,35.95,74.19,network_partition,INC-4384
2026-03-16T19:00:00+00:00,auth-service,cpu_percent,91.68,34.66,28.62,58.78,2069.35,cpu_saturation_burst,INC-2030
2026-03-10T07:00:00+00:00,inventory-api,http_5xx_rate,15.09,31.21,43.78,24.5,1139.29,network_partition,INC-4409
2026-03-27T13:00:00+00:00,payment-api,request_latency_p99,72.75,77.89,7.64,26.89,331.0,memory_leak_progressive,INC-1470
2026-03-24T03:00:00+00:00,order-service,http_5xx_rate,29.95,47.53,0.11,19.06,98.67,normal_noisy,INC-5491
2026-04-05T14:00:00+00:00,inventory-api,cpu_percent,59.07,79.94,3.17,35.39,225.84,memory_leak_progressive,INC-1320
2026-03-15T05:00:00+00:00,inventory-api,cpu_percent,30.93,51.32,1.94,16.71,57.79,normal_noisy,INC-5217
2026-03-12T15:00:00+00:00,order-service,request_latency_p99,20.23,61.44,28.07,50.71,47.42,network_partition,INC-4326
2026-03-30T00:00:00+00:00,notification-svc,http_5xx_rate,30.13,36.17,18.22,364.75,286.36,db_pool_exhaustion,INC-0457
2026-04-04T17:00:00+00:00,inventory-api,http_5xx_rate,25.52,68.67,15.98,275.31,647.13,db_pool_exhaustion,INC-0463
2026-03-28T10:00:00+00:00,order-service,http_5xx_rate,40.48,68.22,28.18,59.0,72.03,network_partition,INC-4345
2026-04-03T03:00:00+00:00,order-service,http_5xx_rate,20.34,34.3,1.95,11.45,78.17,normal_noisy,INC-5189
2026-03-25T13:00:00+00:00,payment-api,http_5xx_rate,36.26,42.71,7.61,303.61,614.85,db_pool_exhaustion,INC-0382
2026-03-24T06:00:00+00:00,inventory-api,request_latency_p99,70.17,69.53,40.69,409.05,1271.04,cascade_failure,INC-3392
2026-03-08T22:00:00+00:00,payment-api,http_5xx_rate,97.59,74.41,33.5,408.93,1121.63,cascade_failure,INC-3333
2026-03-31T17:00:00+00:00,payment-api,request_latency_p99,16.86,61.0,22.64,37.24,58.99,network_partition,INC-4309
2026-03-27T04:00:00+00:00,auth-service,db_conn_pool_wait_ms,69.35,97.71,34.34,336.11,1262.7,cascade_failure,INC-3007
2026-03-24T08:00:00+00:00,order-service,cpu_percent,19.94,72.77,5.62,25.65,312.5,memory_leak_progressive,INC-1306
2026-04-01T02:00:00+00:00,notification-svc,http_5xx_rate,8.27,53.02,57.27,10.73,1226.24,network_partition,INC-4439
2026-03-22T00:00:00+00:00,inventory-api,memory_percent,20.89,84.4,1.7,20.04,646.83,memory_leak_progressive,INC-1257
2026-03-19T15:00:00+00:00,notification-svc,http_5xx_rate,30.79,54.5,0.59,10.27,361.43,normal_noisy,INC-5016
2026-03-13T13:00:00+00:00,auth-service,http_5xx_rate,95.19,61.99,2.76,4.51,47.0,cpu_saturation_burst,INC-2254
2026-03-31T08:00:00+00:00,inventory-api,request_latency_p99,31.43,87.09,3.49,31.83,654.43,memory_leak_progressive,INC-1370
2026-03-15T13:00:00+00:00,payment-api,http_5xx_rate,28.37,37.4,57.7,45.67,1529.23,network_partition,INC-4065
2026-03-18T15:00:00+00:00,auth-service,cpu_percent,97.0,40.62,15.02,39.48,759.33,cpu_saturation_burst,INC-2411
2026-03-10T00:00:00+00:00,order-service,http_5xx_rate,16.2,69.24,52.19,27.31,16.33,network_partition,INC-4361
2026-03-21T02:00:00+00:00,notification-svc,request_latency_p99,21.3,38.88,44.66,23.52,2086.66,network_partition,INC-4288
2026-04-04T08:00:00+00:00,notification-svc,http_5xx_rate,19.36,39.64,1.9,7.64,78.39,normal_noisy,INC-5359
2026-03-13T02:00:00+00:00,payment-api,http_5xx_rate,93.86,27.91,15.07,20.98,1120.05,cpu_saturation_burst,INC-2174
2026-03-18T11:00:00+00:00,inventory-api,memory_percent,70.2,88.95,0.81,45.88,737.2,memory_leak_progressive,INC-1043
2026-03-15T18:00:00+00:00,notification-svc,http_5xx_rate,13.92,69.55,24.21,31.22,2866.03,network_partition,INC-4105
2026-04-04T00:00:00+00:00,inventory-api,request_latency_p99,93.2,49.47,12.1,47.86,2055.12,cpu_saturation_burst,INC-2256
2026-04-03T20:00:00+00:00,auth-service,db_conn_pool_wait_ms,88.68,69.56,23.65,286.76,1252.61,cascade_failure,INC-3267
2026-03-30T21:00:00+00:00,inventory-api,db_conn_pool_wait_ms,99.92,73.23,35.91,251.05,1978.04,cascade_failure,INC-3266
2026-03-29T10:00:00+00:00,payment-api,http_5xx_rate,93.38,24.77,27.13,31.67,649.25,cpu_saturation_burst,INC-2290
2026-03-28T09:00:00+00:00,auth-service,request_latency_p99,22.66,30.17,45.38,37.04,1009.7,network_partition,INC-4422
2026-04-07T08:00:00+00:00,auth-service,cpu_percent,43.69,39.6,0.08,3.29,24.05,normal_noisy,INC-5028
2026-04-02T04:00:00+00:00,inventory-api,request_latency_p99,86.76,73.28,34.1,62.04,1844.95,cpu_saturation_burst,INC-2344
2026-03-26T03:00:00+00:00,payment-api,memory_percent,78.66,88.14,31.55,234.53,2509.49,cascade_failure,INC-3026
2026-03-29T02:00:00+00:00,payment-api,memory_percent,33.13,43.84,1.91,286.18,143.24,normal_noisy,INC-5395
2026-03-19T14:00:00+00:00,inventory-api,memory_percent,19.84,22.32,1.0,10.92,134.0,normal_noisy,INC-5187
2026-04-04T08:00:00+00:00,payment-api,http_5xx_rate,12.41,36.95,20.73,22.24,1518.25,network_partition,INC-4195
2026-03-27T23:00:00+00:00,order-service,request_latency_p99,44.13,64.68,47.95,58.74,2079.68,network_partition,INC-4421
2026-04-02T16:00:00+00:00,inventory-api,http_5xx_rate,75.08,78.83,46.25,359.12,1000.06,cascade_failure,INC-3178
2026-04-07T00:00:00+00:00,order-service,request_latency_p99,94.54,26.32,32.11,66.67,1573.57,cpu_saturation_burst,INC-2287
2026-04-05T08:00:00+00:00,payment-api,request_latency_p99,19.44,60.54,28.79,257.02,340.18,db_pool_exhaustion,INC-0436
2026-03-12T01:00:00+00:00,notification-svc,request_latency_p99,75.39,72.53,29.08,418.77,1784.88,cascade_failure,INC-3228
2026-03-25T02:00:00+00:00,inventory-api,request_latency_p99,49.83,40.43,8.84,242.43,446.35,db_pool_exhaustion,INC-0238
2026-04-06T03:00:00+00:00,notification-svc,http_5xx_rate,37.95,50.69,27.92,23.87,1727.17,network_partition,INC-4348
2026-03-22T10:00:00+00:00,payment-api,request_latency_p99,39.73,41.79,21.59,212.63,1036.25,db_pool_exhaustion,INC-0110
2026-03-10T04:00:00+00:00,payment-api,request_latency_p99,14.38,33.98,47.46,55.68,1569.97,network_partition,INC-4275
2026-03-11T16:00:00+00:00,inventory-api,request_latency_p99,33.5,49.04,28.39,422.57,259.49,db_pool_exhaustion,INC-0164
2026-03-18T18:00:00+00:00,order-service,http_5xx_rate,31.26,65.18,11.76,298.18,1093.74,db_pool_exhaustion,INC-0289
2026-04-05T19:00:00+00:00,auth-service,http_5xx_rate,11.06,42.65,9.43,338.5,855.87,db_pool_exhaustion,INC-0253
2026-03-26T16:00:00+00:00,order-service,http_5xx_rate,16.35,35.47,0.27,15.09,40.36,normal_noisy,INC-5084
2026-03-17T14:00:00+00:00,notification-svc,request_latency_p99,77.56,78.98,32.21,390.3,1936.88,cascade_failure,INC-3465
2026-03-24T15:00:00+00:00,notification-svc,cpu_percent,86.26,49.47,7.26,33.91,1235.06,cpu_saturation_burst,INC-2289
2026-03-08T15:00:00+00:00,auth-service,request_latency_p99,65.28,88.47,6.2,44.77,799.69,memory_leak_progressive,INC-1245
2026-04-02T16:00:00+00:00,order-service,request_latency_p99,90.88,26.23,2.06,4.5,113.43,cpu_saturation_burst,INC-2207
2026-04-06T16:00:00+00:00,order-service,request_latency_p99,35.02,30.6,54.97,44.38,148.58,network_partition,INC-4420
2026-03-29T13:00:00+00:00,inventory-api,cpu_percent,93.2,48.21,2.45,7.74,143.38,cpu_saturation_burst,INC-2392
2026-03-18T16:00:00+00:00,auth-service,http_5xx_rate,25.5,65.93,54.9,18.9,2024.95,network_partition,INC-4334
2026-03-13T12:00:00+00:00,auth-service,request_latency_p99,56.06,92.44,3.57,16.43,478.59,memory_leak_progressive,INC-1491
2026-03-15T11:00:00+00:00,order-service,cpu_percent,15.82,87.77,3.96,5.32,722.46,memory_leak_progressive,INC-1340
2026-03-14T22:00:00+00:00,inventory-api,request_latency_p99,91.9,52.49,23.22,31.5,1784.87,cpu_saturation_burst,INC-2150
2026-03-20T22:00:00+00:00,notification-svc,http_5xx_rate,91.12,58.08,15.01,16.49,2256.65,cpu_saturation_burst,INC-2222
2026-03-10T12:00:00+00:00,auth-service,cpu_percent,75.69,68.32,44.41,161.19,1824.35,cascade_failure,INC-3244
2026-03-31T14:00:00+00:00,order-service,http_5xx_rate,29.56,43.73,53.47,13.1,2499.01,network_partition,INC-4401
2026-03-11T11:00:00+00:00,payment-api,db_conn_pool_wait_ms,49.48,30.27,12.2,312.79,951.32,db_pool_exhaustion,INC-0462
2026-03-10T18:00:00+00:00,payment-api,request_latency_p99,98.61,41.55,25.82,23.14,2025.08,cpu_saturation_burst,INC-2310
2026-03-12T21:00:00+00:00,payment-api,cpu_percent,91.06,61.75,8.64,48.96,531.19,cpu_saturation_burst,INC-2436
2026-03-27T11:00:00+00:00,order-service,db_conn_pool_wait_ms,15.95,33.44,9.41,387.87,375.35,db_pool_exhaustion,INC-0158
2026-03-14T20:00:00+00:00,payment-api,memory_percent,86.93,86.79,32.9,365.61,898.77,cascade_failure,INC-3412
2026-03-27T18:00:00+00:00,notification-svc,http_5xx_rate,23.03,44.6,41.85,6.71,41.41,network_partition,INC-4360
2026-03-08T14:00:00+00:00,payment-api,cpu_percent,48.01,68.14,7.57,21.54,655.74,memory_leak_progressive,INC-1178
2026-03-14T00:00:00+00:00,inventory-api,memory_percent,31.91,38.29,2.0,7.68,135.28,normal_noisy,INC-5349
2026-03-24T06:00:00+00:00,payment-api,memory_percent,81.68,64.39,38.77,85.47,2363.97,cascade_failure,INC-3373
2026-03-14T13:00:00+00:00,notification-svc,http_5xx_rate,52.82,33.11,24.13,371.51,507.67,db_pool_exhaustion,INC-0239
2026-04-04T03:00:00+00:00,notification-svc,memory_percent,15.49,45.07,1.61,11.26,59.43,normal_noisy,INC-5418
2026-04-04T01:00:00+00:00,payment-api,http_5xx_rate,86.4,58.75,5.1,47.89,1509.55,cpu_saturation_burst,INC-2092
2026-03-31T03:00:00+00:00,notification-svc,memory_percent,25.09,20.4,1.09,16.18,120.22,normal_noisy,INC-5371
2026-03-22T15:00:00+00:00,auth-service,db_conn_pool_wait_ms,33.99,57.33,10.71,260.62,530.74,db_pool_exhaustion,INC-0101
2026-03-24T04:00:00+00:00,payment-api,http_5xx_rate,23.17,46.74,14.16,371.3,721.44,db_pool_exhaustion,INC-0316
2026-04-02T20:00:00+00:00,auth-service,http_5xx_rate,96.36,73.67,11.61,63.28,1525.22,cpu_saturation_burst,INC-2024
2026-03-21T14:00:00+00:00,notification-svc,memory_percent,6.76,21.47,0.27,7.79,51.09,normal_noisy,INC-5247
2026-04-03T11:00:00+00:00,inventory-api,request_latency_p99,26.26,70.08,5.57,16.67,737.31,memory_leak_progressive,INC-1268
2026-03-23T05:00:00+00:00,order-service,http_5xx_rate,99.67,23.48,23.22,21.35,2144.88,cpu_saturation_burst,INC-2345
2026-04-05T03:00:00+00:00,payment-api,http_5xx_rate,30.86,52.87,8.84,353.68,939.77,db_pool_exhaustion,INC-0262
2026-03-21T17:00:00+00:00,notification-svc,http_5xx_rate,96.25,40.0,22.58,26.38,1145.81,cpu_saturation_burst,INC-2452
2026-03-19T21:00:00+00:00,order-service,request_latency_p99,31.4,20.91,0.56,2.7,85.96,normal_noisy,INC-5335
2026-04-02T00:00:00+00:00,inventory-api,db_conn_pool_wait_ms,31.74,39.15,23.05,368.21,368.87,db_pool_exhaustion,INC-0196
2026-03-25T23:00:00+00:00,order-service,cpu_percent,88.7,70.13,44.28,415.94,854.81,cascade_failure,INC-3276
2026-03-20T15:00:00+00:00,order-service,http_5xx_rate,42.8,36.82,1.34,4.82,399.06,normal_noisy,INC-5342
2026-03-25T14:00:00+00:00,notification-svc,request_latency_p99,75.05,70.1,28.16,302.17,1842.19,cascade_failure,INC-3236
2026-03-24T01:00:00+00:00,auth-service,request_latency_p99,31.25,44.8,15.44,152.87,318.4,db_pool_exhaustion,INC-0180
2026-04-03T17:00:00+00:00,notification-svc,cpu_percent,15.02,32.94,1.26,12.27,34.39,normal_noisy,INC-5423
2026-03-22T00:00:00+00:00,order-service,db_conn_pool_wait_ms,57.5,41.41,22.32,360.94,225.04,db_pool_exhaustion,INC-0341
2026-04-02T19:00:00+00:00,order-service,http_5xx_rate,98.05,48.52,16.81,20.44,1339.25,cpu_saturation_burst,INC-2100
2026-04-07T02:00:00+00:00,notification-svc,db_conn_pool_wait_ms,80.96,77.1,34.12,383.02,1163.1,cascade_failure,INC-3044
2026-03-08T23:00:00+00:00,payment-api,request_latency_p99,48.17,75.66,0.54,15.87,411.16,memory_leak_progressive,INC-1249
2026-04-05T07:00:00+00:00,order-service,request_latency_p99,22.67,18.53,1.3,9.76,27.92,normal_noisy,INC-5256
2026-04-05T17:00:00+00:00,inventory-api,memory_percent,72.08,76.41,7.26,49.5,240.23,memory_leak_progressive,INC-1163
2026-03-18T02:00:00+00:00,auth-service,db_conn_pool_wait_ms,21.0,67.42,5.1,325.3,343.2,db_pool_exhaustion,INC-0481
2026-04-02T14:00:00+00:00,auth-service,http_5xx_rate,9.35,40.48,22.44,13.94,2067.78,network_partition,INC-4139
2026-03-16T05:00:00+00:00,notification-svc,memory_percent,72.19,82.28,5.72,12.54,161.18,memory_leak_progressive,INC-1372
2026-03-09T03:00:00+00:00,order-service,cpu_percent,93.81,58.53,20.12,47.46,2280.31,cpu_saturation_burst,INC-2454
2026-04-06T08:00:00+00:00,notification-svc,memory_percent,36.37,63.58,1.92,6.9,32.28,normal_noisy,INC-5453
2026-03-10T06:00:00+00:00,payment-api,cpu_percent,56.42,93.76,4.61,38.36,307.14,memory_leak_progressive,INC-1050
2026-03-15T13:00:00+00:00,notification-svc,request_latency_p99,34.59,39.44,21.22,46.8,2337.46,network_partition,INC-4021
2026-03-16T14:00:00+00:00,inventory-api,memory_percent,25.34,45.8,0.17,17.29,63.88,normal_noisy,INC-5209
2026-03-17T20:00:00+00:00,auth-service,request_latency_p99,80.76,88.15,0.21,56.81,392.35,memory_leak_progressive,INC-1243
2026-03-09T06:00:00+00:00,notification-svc,http_5xx_rate,18.63,35.97,27.48,35.13,2339.28,network_partition,INC-4416
2026-03-24T06:00:00+00:00,order-service,memory_percent,6.89,39.29,1.8,14.6,67.61,normal_noisy,INC-5138
2026-04-07T05:00:00+00:00,payment-api,cpu_percent,9.91,30.56,0.6,6.91,125.99,normal_noisy,INC-5067
2026-03-20T18:00:00+00:00,auth-service,request_latency_p99,13.62,68.31,21.12,23.73,1076.35,network_partition,INC-4293
2026-03-26T20:00:00+00:00,order-service,db_conn_pool_wait_ms,94.71,63.05,58.79,155.4,1871.27,cascade_failure,INC-3410
2026-03-21T23:00:00+00:00,inventory-api,memory_percent,75.67,88.2,3.46,41.83,355.8,memory_leak_progressive,INC-1291
2026-04-04T09:00:00+00:00,order-service,http_5xx_rate,17.46,36.83,35.71,49.57,135.52,network_partition,INC-4121
2026-03-11T21:00:00+00:00,payment-api,http_5xx_rate,87.76,44.24,32.31,21.61,1719.94,cpu_saturation_burst,INC-2447
2026-03-23T12:00:00+00:00,payment-api,http_5xx_rate,21.2,41.48,11.26,199.86,462.87,db_pool_exhaustion,INC-0248
2026-03-16T05:00:00+00:00,payment-api,request_latency_p99,21.07,96.28,7.13,24.39,299.01,memory_leak_progressive,INC-1330
2026-03-16T13:00:00+00:00,order-service,request_latency_p99,93.14,40.99,1.93,5.83,83.64,cpu_saturation_burst,INC-2125
2026-03-09T21:00:00+00:00,notification-svc,memory_percent,22.65,28.44,0.13,14.19,128.02,normal_noisy,INC-5221
2026-03-23T18:00:00+00:00,inventory-api,request_latency_p99,66.5,60.38,6.59,24.77,748.93,memory_leak_progressive,INC-1127
2026-03-24T19:00:00+00:00,inventory-api,http_5xx_rate,40.71,39.3,21.65,236.04,551.22,db_pool_exhaustion,INC-0348
2026-03-27T08:00:00+00:00,auth-service,db_conn_pool_wait_ms,45.84,48.66,14.03,287.22,1052.62,db_pool_exhaustion,INC-0279
2026-04-04T02:00:00+00:00,order-service,db_conn_pool_wait_ms,69.53,67.91,25.06,119.11,983.13,cascade_failure,INC-3284
2026-03-20T07:00:00+00:00,notification-svc,request_latency_p99,42.59,51.41,45.48,44.92,2739.94,network_partition,INC-4281
2026-04-05T03:00:00+00:00,order-service,cpu_percent,79.08,81.01,5.96,12.88,630.08,memory_leak_progressive,INC-1156
2026-03-21T13:00:00+00:00,auth-service,http_5xx_rate,91.19,20.01,0.11,3.0,167.34,cpu_saturation_burst,INC-2214
2026-03-27T13:00:00+00:00,payment-api,request_latency_p99,17.71,96.61,1.82,57.17,270.35,memory_leak_progressive,INC-1339
2026-03-26T10:00:00+00:00,notification-svc,memory_percent,59.48,47.22,0.23,14.94,429.38,normal_noisy,INC-5125
2026-03-19T14:00:00+00:00,inventory-api,http_5xx_rate,40.0,49.76,1.85,66.34,30.17,normal_noisy,INC-5089
2026-03-22T14:00:00+00:00,auth-service,request_latency_p99,21.67,48.46,24.71,48.11,2917.48,network_partition,INC-4351
2026-03-24T05:00:00+00:00,auth-service,cpu_percent,65.86,66.75,30.66,227.62,2158.65,cascade_failure,INC-3210
2026-04-04T03:00:00+00:00,order-service,http_5xx_rate,14.27,41.63,26.87,24.48,2214.99,network_partition,INC-4024
2026-03-17T08:00:00+00:00,notification-svc,cpu_percent,22.69,95.73,7.46,55.13,480.78,memory_leak_progressive,INC-1477
2026-03-12T01:00:00+00:00,notification-svc,db_conn_pool_wait_ms,51.09,36.3,7.59,285.03,703.0,db_pool_exhaustion,INC-0446
2026-03-26T12:00:00+00:00,notification-svc,request_latency_p99,77.09,76.11,5.72,37.66,273.23,memory_leak_progressive,INC-1118
2026-03-20T15:00:00+00:00,order-service,http_5xx_rate,94.08,45.81,18.41,76.92,1386.23,cpu_saturation_burst,INC-2475
2026-03-21T15:00:00+00:00,inventory-api,cpu_percent,92.58,70.94,48.46,273.26,2237.8,cascade_failure,INC-3279
2026-03-20T08:00:00+00:00,auth-service,memory_percent,16.1,19.8,0.18,2.94,28.98,normal_noisy,INC-5018
2026-03-22T15:00:00+00:00,payment-api,request_latency_p99,99.16,21.17,1.24,5.65,212.92,cpu_saturation_burst,INC-2245
2026-03-18T09:00:00+00:00,payment-api,request_latency_p99,19.47,56.9,1.07,13.02,44.86,normal_noisy,INC-5496
2026-03-31T19:00:00+00:00,inventory-api,cpu_percent,31.58,35.38,0.98,130.49,117.22,normal_noisy,INC-5053
2026-03-29T04:00:00+00:00,auth-service,request_latency_p99,27.52,93.04,5.82,10.15,738.64,memory_leak_progressive,INC-1048
2026-03-29T09:00:00+00:00,payment-api,request_latency_p99,33.51,52.99,53.45,11.91,118.69,network_partition,INC-4211
2026-03-13T06:00:00+00:00,notification-svc,request_latency_p99,68.71,70.12,22.2,353.48,2585.51,cascade_failure,INC-3124
2026-03-16T12:00:00+00:00,payment-api,request_latency_p99,33.2,67.7,23.35,254.89,415.24,db_pool_exhaustion,INC-0264
2026-04-03T03:00:00+00:00,payment-api,http_5xx_rate,99.18,41.28,2.8,16.5,151.9,cpu_saturation_burst,INC-2398
2026-04-01T23:00:00+00:00,auth-service,request_latency_p99,38.46,69.96,29.57,8.29,2097.33,network_partition,INC-4354
2026-03-31T12:00:00+00:00,auth-service,request_latency_p99,81.82,71.61,25.6,106.97,1240.79,cascade_failure,INC-3316
2026-03-14T13:00:00+00:00,payment-api,request_latency_p99,31.01,62.56,23.61,199.17,652.87,db_pool_exhaustion,INC-0354
2026-03-13T10:00:00+00:00,payment-api,cpu_percent,89.3,30.4,13.44,51.4,580.83,cpu_saturation_burst,INC-2076
2026-03-19T19:00:00+00:00,notification-svc,http_5xx_rate,55.43,61.66,16.52,422.44,281.15,db_pool_exhaustion,INC-0209
2026-03-19T17:00:00+00:00,payment-api,cpu_percent,39.22,87.06,3.77,30.98,265.05,memory_leak_progressive,INC-1114
2026-03-17T09:00:00+00:00,payment-api,http_5xx_rate,20.32,60.84,44.16,13.67,35.24,network_partition,INC-4091
2026-04-02T04:00:00+00:00,inventory-api,request_latency_p99,24.7,38.33,37.46,15.19,136.8,network_partition,INC-4100
2026-04-05T08:00:00+00:00,order-service,http_5xx_rate,91.09,60.41,1.24,8.82,230.45,cpu_saturation_burst,INC-2499
2026-04-03T04:00:00+00:00,auth-service,http_5xx_rate,88.49,73.77,0.14,14.6,42.16,cpu_saturation_burst,INC-2136
2026-03-21T04:00:00+00:00,notification-svc,request_latency_p99,44.02,34.06,1.5,15.18,27.47,normal_noisy,INC-5381
2026-03-27T10:00:00+00:00,inventory-api,http_5xx_rate,35.12,30.34,22.43,31.5,2905.87,network_partition,INC-4079
2026-03-13T01:00:00+00:00,auth-service,db_conn_pool_wait_ms,48.61,57.92,25.95,191.34,240.15,db_pool_exhaustion,INC-0058
2026-03-27T06:00:00+00:00,payment-api,request_latency_p99,39.66,66.51,22.48,12.87,2378.43,network_partition,INC-4484
2026-03-12T09:00:00+00:00,order-service,request_latency_p99,40.58,86.17,1.27,11.9,350.69,memory_leak_progressive,INC-1312
2026-04-01T05:00:00+00:00,payment-api,http_5xx_rate,11.47,67.73,59.16,9.41,73.94,network_partition,INC-4196
2026-04-07T05:00:00+00:00,inventory-api,request_latency_p99,67.8,96.29,3.03,11.78,556.67,memory_leak_progressive,INC-1062
2026-03-12T14:00:00+00:00,auth-service,memory_percent,7.82,52.17,1.16,17.15,89.73,normal_noisy,INC-5444
2026-03-20T08:00:00+00:00,auth-service,request_latency_p99,21.01,58.48,19.09,82.93,695.61,db_pool_exhaustion,INC-0230
2026-03-24T08:00:00+00:00,payment-api,memory_percent,43.45,32.93,1.91,17.75,88.76,normal_noisy,INC-5010
2026-03-31T07:00:00+00:00,payment-api,http_5xx_rate,91.29,84.67,52.69,352.24,1244.52,cascade_failure,INC-3222
2026-04-03T22:00:00+00:00,auth-service,request_latency_p99,37.15,31.76,45.67,57.45,2839.17,network_partition,INC-4180
2026-03-18T02:00:00+00:00,notification-svc,request_latency_p99,94.54,27.67,14.77,48.0,1826.17,cpu_saturation_burst,INC-2451
2026-03-22T16:00:00+00:00,order-service,request_latency_p99,99.01,48.58,30.13,46.3,2142.1,cpu_saturation_burst,INC-2235
2026-03-22T02:00:00+00:00,inventory-api,cpu_percent,88.69,44.9,0.84,5.76,55.57,cpu_saturation_burst,INC-2072
2026-03-29T02:00:00+00:00,order-service,request_latency_p99,10.54,48.99,0.61,18.22,72.85,normal_noisy,INC-5350
2026-03-30T01:00:00+00:00,inventory-api,http_5xx_rate,86.8,68.0,2.41,6.69,198.5,cpu_saturation_burst,INC-2038
2026-04-04T14:00:00+00:00,auth-service,memory_percent,77.75,77.24,7.63,49.31,329.72,memory_leak_progressive,INC-1390
2026-03-26T13:00:00+00:00,auth-service,request_latency_p99,91.49,49.11,1.78,3.31,161.17,cpu_saturation_burst,INC-2054
2026-03-28T17:00:00+00:00,order-service,request_latency_p99,48.75,64.85,3.62,16.96,452.98,memory_leak_progressive,INC-1208
2026-03-19T18:00:00+00:00,notification-svc,db_conn_pool_wait_ms,18.69,32.31,7.01,322.88,927.01,db_pool_exhaustion,INC-0425
2026-03-16T06:00:00+00:00,notification-svc,db_conn_pool_wait_ms,28.61,36.14,20.02,182.79,319.67,db_pool_exhaustion,INC-0070
2026-04-06T17:00:00+00:00,order-service,request_latency_p99,17.02,33.88,27.63,45.95,54.34,network_partition,INC-4250
2026-03-18T01:00:00+00:00,auth-service,request_latency_p99,35.94,17.0,0.7,2.92,21.8,normal_noisy,INC-5036
2026-04-06T05:00:00+00:00,order-service,memory_percent,33.22,18.48,0.19,18.11,96.18,normal_noisy,INC-5340
2026-04-03T02:00:00+00:00,inventory-api,request_latency_p99,8.14,32.09,43.5,25.11,1902.88,network_partition,INC-4407
2026-03-15T12:00:00+00:00,auth-service,http_5xx_rate,29.92,34.82,1.01,289.28,553.97,normal_noisy,INC-5464
2026-04-01T11:00:00+00:00,auth-service,request_latency_p99,89.62,38.11,1.42,10.41,73.59,normal_noisy,INC-5082
2026-03-21T11:00:00+00:00,order-service,request_latency_p99,36.99,48.42,32.62,40.08,25.93,network_partition,INC-4093
2026-03-12T13:00:00+00:00,inventory-api,cpu_percent,20.17,78.91,6.08,46.72,479.74,memory_leak_progressive,INC-1441
2026-03-28T19:00:00+00:00,notification-svc,cpu_percent,29.14,88.96,4.82,6.3,692.86,memory_leak_progressive,INC-1121
2026-03-27T11:00:00+00:00,inventory-api,request_latency_p99,40.63,36.46,0.35,8.22,55.58,normal_noisy,INC-5020
2026-03-22T15:00:00+00:00,inventory-api,http_5xx_rate,90.55,58.69,13.25,76.19,2012.18,cpu_saturation_burst,INC-2197
2026-03-24T10:00:00+00:00,inventory-api,request_latency_p99,9.1,39.28,56.72,20.11,1406.17,network_partition,INC-4068
2026-03-25T18:00:00+00:00,notification-svc,request_latency_p99,91.62,34.17,29.28,43.99,890.64,cpu_saturation_burst,INC-2033
2026-03-17T05:00:00+00:00,auth-service,db_conn_pool_wait_ms,83.3,96.5,34.93,93.11,1889.91,cascade_failure,INC-3006
2026-03-17T10:00:00+00:00,inventory-api,cpu_percent,85.78,96.95,48.67,343.13,2478.55,cascade_failure,INC-3077
2026-03-21T05:00:00+00:00,inventory-api,http_5xx_rate,9.22,31.9,37.64,27.31,43.45,network_partition,INC-4131
2026-04-06T10:00:00+00:00,notification-svc,http_5xx_rate,44.84,34.24,37.67,33.35,14.03,network_partition,INC-4045
2026-03-18T18:00:00+00:00,payment-api,cpu_percent,96.2,44.62,19.29,58.17,2364.2,cpu_saturation_burst,INC-2396
2026-03-21T08:00:00+00:00,auth-service,db_conn_pool_wait_ms,11.95,49.78,8.1,121.12,438.47,db_pool_exhaustion,INC-0280
2026-03-18T00:00:00+00:00,order-service,request_latency_p99,87.49,23.12,1.05,19.33,127.29,cpu_saturation_burst,INC-2466
2026-04-06T02:00:00+00:00,order-service,cpu_percent,69.2,86.69,21.76,339.08,1723.73,cascade_failure,INC-3004
2026-03-11T20:00:00+00:00,auth-service,request_latency_p99,15.38,52.75,44.07,31.71,16.95,network_partition,INC-4283
2026-04-03T23:00:00+00:00,inventory-api,http_5xx_rate,26.01,23.28,1.24,16.29,131.26,normal_noisy,INC-5339
2026-03-26T18:00:00+00:00,auth-service,http_5xx_rate,16.08,35.51,6.8,4.46,65.17,normal_noisy,INC-5224
2026-03-11T15:00:00+00:00,notification-svc,memory_percent,43.63,72.63,6.62,52.43,732.35,memory_leak_progressive,INC-1054
2026-03-25T23:00:00+00:00,payment-api,memory_percent,24.92,88.34,0.31,39.91,359.03,memory_leak_progressive,INC-1335
2026-03-28T03:00:00+00:00,order-service,memory_percent,41.26,89.68,5.9,33.78,793.56,memory_leak_progressive,INC-1463
2026-03-09T04:00:00+00:00,payment-api,cpu_percent,17.2,82.44,2.84,31.15,127.52,memory_leak_progressive,INC-1097
2026-03-28T06:00:00+00:00,order-service,http_5xx_rate,23.05,61.58,20.17,44.63,26.09,network_partition,INC-4452
2026-03-10T04:00:00+00:00,inventory-api,cpu_percent,47.3,65.5,1.18,56.92,771.22,memory_leak_progressive,INC-1303
2026-03-21T05:00:00+00:00,payment-api,request_latency_p99,28.61,69.17,33.98,14.66,68.0,network_partition,INC-4137
2026-03-25T01:00:00+00:00,payment-api,cpu_percent,19.61,20.43,1.76,9.08,135.61,normal_noisy,INC-5486
2026-03-19T18:00:00+00:00,payment-api,http_5xx_rate,39.04,45.84,1.95,8.22,108.97,normal_noisy,INC-5220
2026-04-03T10:00:00+00:00,notification-svc,db_conn_pool_wait_ms,59.97,58.75,6.18,263.98,261.89,db_pool_exhaustion,INC-0441
2026-04-03T16:00:00+00:00,notification-svc,cpu_percent,15.89,79.46,3.17,36.16,524.55,memory_leak_progressive,INC-1009
2026-03-12T02:00:00+00:00,auth-service,db_conn_pool_wait_ms,48.43,64.08,17.62,137.91,1109.55,db_pool_exhaustion,INC-0077
2026-03-27T01:00:00+00:00,order-service,request_latency_p99,8.19,57.09,55.09,44.22,111.21,network_partition,INC-4482
2026-03-16T02:00:00+00:00,auth-service,request_latency_p99,81.71,78.64,5.7,59.03,130.51,memory_leak_progressive,INC-1150
2026-03-31T22:00:00+00:00,notification-svc,memory_percent,29.12,93.54,1.4,26.55,403.7,memory_leak_progressive,INC-1023
2026-03-15T21:00:00+00:00,order-service,cpu_percent,92.21,73.35,1.42,13.48,112.06,cpu_saturation_burst,INC-2488
2026-04-01T06:00:00+00:00,auth-service,http_5xx_rate,44.84,68.43,49.82,16.8,147.4,network_partition,INC-4209
2026-04-01T02:00:00+00:00,order-service,cpu_percent,94.28,70.5,24.7,62.08,2454.36,cpu_saturation_burst,INC-2495
2026-03-10T01:00:00+00:00,auth-service,cpu_percent,66.26,86.27,3.33,8.96,567.69,memory_leak_progressive,INC-1155
2026-03-19T18:00:00+00:00,inventory-api,request_latency_p99,73.03,36.71,1.19,287.21,43.89,normal_noisy,INC-5317
2026-03-11T10:00:00+00:00,auth-service,http_5xx_rate,98.09,68.57,20.82,104.53,2570.83,cascade_failure,INC-3039
2026-03-24T09:00:00+00:00,payment-api,http_5xx_rate,95.17,57.32,1.12,19.23,216.54,cpu_saturation_burst,INC-2424
2026-03-15T23:00:00+00:00,order-service,memory_percent,71.03,75.27,43.89,171.24,1834.54,cascade_failure,INC-3152
2026-03-08T20:00:00+00:00,payment-api,request_latency_p99,58.13,95.4,0.86,43.33,403.14,memory_leak_progressive,INC-1131
2026-04-03T17:00:00+00:00,payment-api,cpu_percent,28.73,34.46,0.13,16.92,27.95,normal_noisy,INC-5042
2026-04-07T02:00:00+00:00,auth-service,memory_percent,90.32,86.87,52.74,198.08,1759.88,cascade_failure,INC-3008
2026-03-28T12:00:00+00:00,notification-svc,memory_percent,28.32,29.6,0.61,13.57,118.75,normal_noisy,INC-5442
2026-03-21T06:00:00+00:00,inventory-api,http_5xx_rate,26.03,68.57,20.55,239.93,477.51,db_pool_exhaustion,INC-0483
2026-03-25T08:00:00+00:00,inventory-api,request_latency_p99,77.5,87.41,46.18,179.04,1096.68,cascade_failure,INC-3428
2026-04-02T14:00:00+00:00,payment-api,cpu_percent,95.19,47.25,22.82,16.62,1275.45,cpu_saturation_burst,INC-2114
2026-03-27T10:00:00+00:00,inventory-api,memory_percent,36.39,45.18,0.31,5.78,33.76,normal_noisy,INC-5064
2026-03-18T09:00:00+00:00,payment-api,cpu_percent,95.72,44.84,2.86,11.4,188.87,cpu_saturation_burst,INC-2089
2026-03-13T09:00:00+00:00,inventory-api,http_5xx_rate,14.51,47.33,13.82,305.26,920.46,db_pool_exhaustion,INC-0439
2026-03-26T07:00:00+00:00,order-service,db_conn_pool_wait_ms,93.57,93.7,30.24,296.81,2409.76,cascade_failure,INC-3218
2026-03-21T15:00:00+00:00,auth-service,request_latency_p99,13.58,43.47,54.79,49.12,82.43,network_partition,INC-4444
2026-03-31T02:00:00+00:00,payment-api,request_latency_p99,53.73,79.85,3.59,29.29,297.0,memory_leak_progressive,INC-1357
2026-03-13T01:00:00+00:00,payment-api,cpu_percent,91.26,78.53,27.71,356.89,1444.41,cascade_failure,INC-3484
2026-03-28T05:00:00+00:00,auth-service,db_conn_pool_wait_ms,54.42,67.19,7.5,251.35,307.4,db_pool_exhaustion,INC-0167
2026-03-16T11:00:00+00:00,payment-api,db_conn_pool_wait_ms,59.01,54.46,6.36,377.48,816.31,db_pool_exhaustion,INC-0060
2026-03-25T05:00:00+00:00,payment-api,memory_percent,24.67,83.15,0.18,59.84,781.9,memory_leak_progressive,INC-1112
2026-04-07T05:00:00+00:00,payment-api,request_latency_p99,69.28,85.01,0.79,55.08,265.75,memory_leak_progressive,INC-1031
2026-03-29T02:00:00+00:00,payment-api,request_latency_p99,76.3,46.48,0.86,13.03,139.59,normal_noisy,INC-5288
2026-03-18T09:00:00+00:00,inventory-api,request_latency_p99,23.53,44.57,12.86,171.5,357.61,db_pool_exhaustion,INC-0050
2026-04-06T09:00:00+00:00,payment-api,cpu_percent,81.98,84.34,24.04,385.0,2691.82,cascade_failure,INC-3384
2026-03-17T11:00:00+00:00,inventory-api,request_latency_p99,99.43,32.64,29.99,42.47,1386.93,cpu_saturation_burst,INC-2012
2026-03-19T15:00:00+00:00,payment-api,memory_percent,36.26,92.34,0.82,33.8,691.02,memory_leak_progressive,INC-1359
2026-03-13T20:00:00+00:00,inventory-api,http_5xx_rate,98.79,30.35,16.3,27.51,687.32,cpu_saturation_burst,INC-2018
2026-04-03T07:00:00+00:00,notification-svc,db_conn_pool_wait_ms,14.39,56.31,15.47,229.28,974.32,db_pool_exhaustion,INC-0049
2026-03-19T22:00:00+00:00,inventory-api,cpu_percent,75.11,76.71,2.79,39.11,766.5,memory_leak_progressive,INC-1220
2026-03-22T05:00:00+00:00,inventory-api,http_5xx_rate,33.44,60.45,29.7,8.35,2224.42,network_partition,INC-4391
2026-03-26T20:00:00+00:00,payment-api,cpu_percent,5.49,34.81,1.79,10.7,68.62,normal_noisy,INC-5153
2026-03-21T03:00:00+00:00,order-service,request_latency_p99,14.81,32.19,45.66,44.4,1972.88,network_partition,INC-4247
2026-04-02T04:00:00+00:00,inventory-api,cpu_percent,90.78,59.82,14.21,72.33,2312.42,cpu_saturation_burst,INC-2160
2026-04-02T07:00:00+00:00,order-service,request_latency_p99,73.96,70.84,0.83,12.63,780.48,memory_leak_progressive,INC-1133
2026-04-04T03:00:00+00:00,order-service,http_5xx_rate,94.51,54.0,23.57,27.02,655.26,cpu_saturation_burst,INC-2339
2026-03-25T02:00:00+00:00,notification-svc,http_5xx_rate,25.24,42.07,37.97,7.3,2649.21,network_partition,INC-4128
2026-03-14T16:00:00+00:00,order-service,cpu_percent,16.42,54.72,8.58,15.97,58.93,normal_noisy,INC-5103
2026-03-09T18:00:00+00:00,notification-svc,cpu_percent,93.0,65.7,13.23,79.67,2235.67,cpu_saturation_burst,INC-2437
2026-04-04T16:00:00+00:00,inventory-api,http_5xx_rate,22.05,34.91,25.78,434.2,353.28,db_pool_exhaustion,INC-0026
2026-03-13T07:00:00+00:00,notification-svc,request_latency_p99,16.9,35.05,1.24,16.06,134.85,normal_noisy,INC-5466
2026-03-24T11:00:00+00:00,payment-api,db_conn_pool_wait_ms,24.47,61.84,27.69,315.96,1002.72,db_pool_exhaustion,INC-0220
2026-04-06T05:00:00+00:00,auth-service,http_5xx_rate,13.48,37.14,0.94,14.44,78.31,normal_noisy,INC-5319
2026-03-16T17:00:00+00:00,notification-svc,db_conn_pool_wait_ms,52.77,45.6,18.27,269.87,1176.53,db_pool_exhaustion,INC-0277
2026-03-16T10:00:00+00:00,order-service,request_latency_p99,20.56,37.77,57.59,58.65,84.88,network_partition,INC-4158
2026-04-06T03:00:00+00:00,notification-svc,request_latency_p99,85.38,61.34,19.08,26.01,1819.06,cpu_saturation_burst,INC-2481
2026-03-21T11:00:00+00:00,order-service,request_latency_p99,94.68,43.63,23.87,26.17,1097.81,cpu_saturation_burst,INC-2236
2026-04-04T12:00:00+00:00,payment-api,db_conn_pool_wait_ms,97.39,97.92,57.53,318.42,1541.49,cascade_failure,INC-3094
2026-03-21T03:00:00+00:00,order-service,request_latency_p99,23.65,81.43,5.29,49.74,231.62,memory_leak_progressive,INC-1500
2026-03-21T08:00:00+00:00,payment-api,http_5xx_rate,26.73,38.42,46.87,41.57,2410.31,network_partition,INC-4141
2026-03-31T14:00:00+00:00,auth-service,db_conn_pool_wait_ms,22.36,39.99,8.49,443.0,1060.56,db_pool_exhaustion,INC-0362
2026-03-24T16:00:00+00:00,inventory-api,request_latency_p99,87.11,45.26,34.86,67.9,815.43,cpu_saturation_burst,INC-2458
2026-03-30T14:00:00+00:00,order-service,db_conn_pool_wait_ms,78.77,65.35,25.43,237.31,968.03,cascade_failure,INC-3494
2026-04-06T15:00:00+00:00,notification-svc,http_5xx_rate,81.06,79.07,35.71,151.57,1301.27,cascade_failure,INC-3172
2026-04-04T11:00:00+00:00,notification-svc,http_5xx_rate,35.94,66.13,24.37,47.26,1163.24,network_partition,INC-4335
2026-03-25T14:00:00+00:00,auth-service,memory_percent,70.69,67.67,20.36,228.64,1328.36,cascade_failure,INC-3151
2026-03-15T03:00:00+00:00,notification-svc,cpu_percent,67.41,78.98,37.39,155.64,2020.94,cascade_failure,INC-3336
2026-04-02T12:00:00+00:00,notification-svc,request_latency_p99,95.72,44.71,34.84,71.89,1204.25,cpu_saturation_burst,INC-2115
2026-03-25T02:00:00+00:00,payment-api,http_5xx_rate,79.89,70.59,29.23,105.89,1794.5,cascade_failure,INC-3347
2026-03-24T14:00:00+00:00,payment-api,http_5xx_rate,85.67,30.85,2.92,5.8,92.68,cpu_saturation_burst,INC-2318
2026-04-03T15:00:00+00:00,order-service,http_5xx_rate,8.4,48.43,0.63,12.4,50.22,normal_noisy,INC-5130
2026-04-05T11:00:00+00:00,order-service,db_conn_pool_wait_ms,42.77,33.76,28.75,284.75,948.51,db_pool_exhaustion,INC-0298
2026-04-07T11:00:00+00:00,payment-api,request_latency_p99,98.37,72.04,2.85,7.21,96.03,cpu_saturation_burst,INC-2314
2026-03-22T03:00:00+00:00,order-service,cpu_percent,18.32,83.37,2.41,55.43,740.15,memory_leak_progressive,INC-1438
2026-03-25T03:00:00+00:00,inventory-api,http_5xx_rate,44.68,56.99,22.06,233.77,274.07,db_pool_exhaustion,INC-0241
2026-03-18T15:00:00+00:00,inventory-api,cpu_percent,99.89,69.39,33.33,68.87,1368.87,cpu_saturation_burst,INC-2433
2026-03-14T10:00:00+00:00,inventory-api,cpu_percent,37.55,94.35,5.8,47.79,682.94,memory_leak_progressive,INC-1083
2026-03-28T05:00:00+00:00,inventory-api,http_5xx_rate,17.82,23.69,0.26,3.21,70.01,normal_noisy,INC-5407
2026-03-16T03:00:00+00:00,inventory-api,db_conn_pool_wait_ms,75.25,79.26,46.75,401.48,1717.16,cascade_failure,INC-3455
2026-03-31T05:00:00+00:00,order-service,request_latency_p99,93.44,35.65,1.64,6.19,239.52,cpu_saturation_burst,INC-2335
2026-03-15T13:00:00+00:00,order-service,cpu_percent,74.7,72.07,43.5,204.02,808.15,cascade_failure,INC-3230
2026-03-08T22:00:00+00:00,inventory-api,http_5xx_rate,90.72,90.24,25.65,324.06,2623.44,cascade_failure,INC-3173
2026-04-03T00:00:00+00:00,order-service,http_5xx_rate,24.43,39.65,7.06,285.65,696.56,db_pool_exhaustion,INC-0351
2026-04-04T22:00:00+00:00,auth-service,cpu_percent,19.39,33.64,1.94,5.01,54.11,normal_noisy,INC-5246
2026-03-18T08:00:00+00:00,payment-api,http_5xx_rate,86.17,23.74,25.1,54.28,1941.89,cpu_saturation_burst,INC-2221
2026-03-12T17:00:00+00:00,order-service,http_5xx_rate,57.98,39.13,28.3,185.3,771.21,db_pool_exhaustion,INC-0350
2026-03-09T10:00:00+00:00,auth-service,http_5xx_rate,90.46,78.87,23.05,262.72,2101.21,cascade_failure,INC-3019
2026-03-27T14:00:00+00:00,auth-service,cpu_percent,15.11,46.73,1.95,3.69,102.96,normal_noisy,INC-5048
2026-03-26T18:00:00+00:00,order-service,cpu_percent,68.43,80.2,4.39,30.98,769.47,memory_leak_progressive,INC-1144
2026-03-30T02:00:00+00:00,order-service,cpu_percent,18.78,19.35,0.7,7.15,24.01,normal_noisy,INC-5336
2026-04-06T14:00:00+00:00,order-service,cpu_percent,54.08,81.5,2.33,50.36,656.36,memory_leak_progressive,INC-1445
2026-03-14T23:00:00+00:00,order-service,cpu_percent,94.71,38.11,8.12,67.22,542.12,cpu_saturation_burst,INC-2463
2026-03-10T01:00:00+00:00,notification-svc,memory_percent,44.17,96.57,7.98,34.44,746.5,memory_leak_progressive,INC-1158
2026-04-05T02:00:00+00:00,order-service,http_5xx_rate,14.11,46.71,1.49,2.77,81.86,normal_noisy,INC-5203
2026-03-25T23:00:00+00:00,inventory-api,http_5xx_rate,55.41,21.9,1.09,74.4,21.76,normal_noisy,INC-5394
2026-04-03T07:00:00+00:00,auth-service,cpu_percent,85.74,41.04,14.46,53.18,2227.63,cpu_saturation_burst,INC-2237
2026-03-27T05:00:00+00:00,order-service,http_5xx_rate,35.64,36.91,22.7,19.4,2116.31,network_partition,INC-4468
2026-03-13T01:00:00+00:00,auth-service,cpu_percent,66.91,82.85,2.7,11.99,129.56,memory_leak_progressive,INC-1148
2026-03-26T12:00:00+00:00,inventory-api,request_latency_p99,91.89,64.05,28.91,19.22,551.32,cpu_saturation_burst,INC-2126
2026-04-02T19:00:00+00:00,auth-service,cpu_percent,98.66,57.85,34.28,72.82,2134.9,cpu_saturation_burst,INC-2111
2026-03-16T15:00:00+00:00,inventory-api,http_5xx_rate,6.58,43.97,0.03,13.51,57.66,normal_noisy,INC-5151
2026-03-30T10:00:00+00:00,notification-svc,db_conn_pool_wait_ms,98.03,70.43,31.79,378.09,2492.43,cascade_failure,INC-3441
2026-04-04T17:00:00+00:00,auth-service,request_latency_p99,64.39,80.62,7.08,7.03,226.26,memory_leak_progressive,INC-1039
2026-03-23T02:00:00+00:00,notification-svc,http_5xx_rate,91.72,53.2,12.29,48.96,2233.89,cpu_saturation_burst,INC-2049
2026-03-11T14:00:00+00:00,order-service,cpu_percent,13.66,22.73,0.79,17.71,101.03,normal_noisy,INC-5484
2026-03-16T00:00:00+00:00,payment-api,http_5xx_rate,28.07,50.71,51.6,45.91,50.18,network_partition,INC-4376
2026-03-12T03:00:00+00:00,auth-service,request_latency_p99,15.18,33.92,45.66,5.35,2374.7,network_partition,INC-4210
2026-03-27T16:00:00+00:00,payment-api,http_5xx_rate,40.61,51.26,34.63,18.07,128.54,network_partition,INC-4339
2026-03-10T05:00:00+00:00,inventory-api,http_5xx_rate,36.89,42.81,47.84,40.44,48.05,network_partition,INC-4163
2026-03-25T18:00:00+00:00,payment-api,cpu_percent,38.45,73.2,0.52,46.55,187.16,memory_leak_progressive,INC-1302
2026-03-21T04:00:00+00:00,auth-service,memory_percent,15.17,88.66,6.28,10.5,325.46,memory_leak_progressive,INC-1287
2026-03-21T13:00:00+00:00,payment-api,http_5xx_rate,24.11,48.19,0.11,10.96,81.7,normal_noisy,INC-5195
2026-03-13T21:00:00+00:00,auth-service,request_latency_p99,40.32,67.65,38.56,31.35,2473.52,network_partition,INC-4041
2026-03-09T22:00:00+00:00,payment-api,request_latency_p99,67.87,86.91,4.25,15.59,652.03,memory_leak_progressive,INC-1289
2026-03-19T10:00:00+00:00,auth-service,http_5xx_rate,20.59,33.02,45.17,48.44,2769.29,network_partition,INC-4184
2026-03-23T11:00:00+00:00,payment-api,http_5xx_rate,36.48,47.71,40.45,35.98,1042.66,network_partition,INC-4469
2026-03-25T03:00:00+00:00,order-service,request_latency_p99,21.08,59.64,47.09,33.37,1088.34,network_partition,INC-4014
2026-03-15T18:00:00+00:00,notification-svc,memory_percent,59.97,77.28,1.17,56.34,277.53,memory_leak_progressive,INC-1215
2026-03-13T19:00:00+00:00,payment-api,request_latency_p99,16.28,75.43,0.91,28.05,412.57,memory_leak_progressive,INC-1304
2026-03-31T16:00:00+00:00,notification-svc,request_latency_p99,33.43,62.42,26.05,58.32,1750.83,network_partition,INC-4009
2026-03-18T11:00:00+00:00,payment-api,cpu_percent,5.86,23.04,0.74,7.82,101.65,normal_noisy,INC-5262
2026-03-20T00:00:00+00:00,order-service,request_latency_p99,18.02,64.08,19.61,263.31,935.13,db_pool_exhaustion,INC-0124
2026-03-21T22:00:00+00:00,inventory-api,memory_percent,75.14,75.21,53.44,405.91,809.52,cascade_failure,INC-3309
2026-03-27T23:00:00+00:00,payment-api,http_5xx_rate,41.69,61.08,52.53,27.51,1787.81,network_partition,INC-4287
2026-03-13T07:00:00+00:00,order-service,http_5xx_rate,13.79,57.49,46.6,30.92,1094.15,network_partition,INC-4148
2026-03-13T20:00:00+00:00,payment-api,request_latency_p99,63.66,88.88,4.73,56.16,202.69,memory_leak_progressive,INC-1119
2026-04-01T04:00:00+00:00,notification-svc,http_5xx_rate,55.93,39.95,27.16,360.63,297.54,db_pool_exhaustion,INC-0407
2026-03-14T18:00:00+00:00,payment-api,http_5xx_rate,92.14,48.8,11.03,53.7,1743.14,cpu_saturation_burst,INC-2158
2026-03-28T04:00:00+00:00,notification-svc,http_5xx_rate,90.88,23.32,29.32,56.29,800.62,cpu_saturation_burst,INC-2069
2026-03-19T04:00:00+00:00,notification-svc,request_latency_p99,86.17,66.53,5.45,28.28,1926.31,cpu_saturation_burst,INC-2134
2026-03-26T14:00:00+00:00,order-service,cpu_percent,13.92,27.35,0.68,7.65,85.09,normal_noisy,INC-5406
2026-03-31T01:00:00+00:00,order-service,http_5xx_rate,55.35,52.94,19.48,434.07,367.29,db_pool_exhaustion,INC-0498
2026-03-17T00:00:00+00:00,notification-svc,http_5xx_rate,92.02,23.28,1.95,14.14,103.35,cpu_saturation_burst,INC-2062
2026-03-18T14:00:00+00:00,order-service,request_latency_p99,18.02,38.1,18.49,449.42,681.38,db_pool_exhaustion,INC-0326
2026-03-28T19:00:00+00:00,auth-service,request_latency_p99,42.75,69.82,5.4,224.99,757.58,db_pool_exhaustion,INC-0343
2026-03-31T04:00:00+00:00,inventory-api,request_latency_p99,15.28,33.27,53.83,50.48,2085.62,network_partition,INC-4357
2026-03-25T13:00:00+00:00,notification-svc,http_5xx_rate,35.59,56.45,49.02,10.41,2549.45,network_partition,INC-4267
2026-03-23T18:00:00+00:00,auth-service,memory_percent,60.45,67.64,2.87,58.42,750.71,memory_leak_progressive,INC-1283
2026-04-01T15:00:00+00:00,payment-api,http_5xx_rate,34.29,61.28,48.25,33.91,26.05,network_partition,INC-4368
2026-03-27T10:00:00+00:00,order-service,db_conn_pool_wait_ms,23.09,55.08,14.7,249.24,545.38,db_pool_exhaustion,INC-0300
2026-03-12T14:00:00+00:00,auth-service,http_5xx_rate,88.22,51.08,2.14,12.34,203.73,cpu_saturation_burst,INC-2462
2026-04-03T03:00:00+00:00,auth-service,request_latency_p99,33.87,63.76,28.0,13.96,2873.13,network_partition,INC-4374
2026-03-15T21:00:00+00:00,order-service,http_5xx_rate,37.81,38.65,26.51,84.37,848.4,db_pool_exhaustion,INC-0304
2026-03-20T13:00:00+00:00,payment-api,cpu_percent,87.87,38.1,8.05,15.62,2096.7,cpu_saturation_burst,INC-2238
2026-04-02T14:00:00+00:00,notification-svc,memory_percent,14.88,35.09,0.55,12.8,106.33,normal_noisy,INC-5072
2026-04-02T16:00:00+00:00,auth-service,memory_percent,78.18,71.46,51.7,354.89,1307.66,cascade_failure,INC-3157
2026-03-22T15:00:00+00:00,payment-api,cpu_percent,19.05,91.42,4.29,40.0,501.79,memory_leak_progressive,INC-1165
2026-03-21T17:00:00+00:00,auth-service,request_latency_p99,86.43,77.46,27.99,121.39,2200.96,cascade_failure,INC-3191
2026-03-19T10:00:00+00:00,auth-service,request_latency_p99,16.75,67.75,15.05,263.68,424.69,db_pool_exhaustion,INC-0221
2026-04-07T06:00:00+00:00,payment-api,memory_percent,70.03,84.27,28.67,260.9,1776.62,cascade_failure,INC-3127
2026-03-24T04:00:00+00:00,order-service,request_latency_p99,96.47,54.81,30.55,18.41,615.56,cpu_saturation_burst,INC-2189
2026-03-14T23:00:00+00:00,inventory-api,cpu_percent,85.42,74.96,1.06,5.57,218.92,cpu_saturation_burst,INC-2456
2026-03-19T02:00:00+00:00,auth-service,db_conn_pool_wait_ms,11.82,64.21,9.08,423.18,707.25,db_pool_exhaustion,INC-0450
2026-04-02T15:00:00+00:00,inventory-api,request_latency_p99,10.46,34.2,35.6,22.93,2685.85,network_partition,INC-4003
2026-04-01T12:00:00+00:00,auth-service,memory_percent,23.2,36.72,1.87,17.51,94.29,normal_noisy,INC-5117
2026-03-30T12:00:00+00:00,notification-svc,http_5xx_rate,28.64,31.95,7.73,84.44,875.31,db_pool_exhaustion,INC-0085
2026-04-01T08:00:00+00:00,order-service,memory_percent,44.45,90.01,0.36,41.82,681.77,memory_leak_progressive,INC-1442
2026-04-01T20:00:00+00:00,payment-api,cpu_percent,84.38,86.95,7.19,20.23,217.5,memory_leak_progressive,INC-1462
2026-03-29T00:00:00+00:00,payment-api,memory_percent,32.64,84.29,0.41,21.91,764.91,memory_leak_progressive,INC-1342
2026-03-09T08:00:00+00:00,order-service,request_latency_p99,85.86,32.94,21.39,56.36,761.55,cpu_saturation_burst,INC-2327
2026-03-28T13:00:00+00:00,payment-api,http_5xx_rate,40.46,31.62,55.28,7.26,2584.47,network_partition,INC-4379
2026-03-17T15:00:00+00:00,order-service,http_5xx_rate,24.96,58.14,26.18,51.87,31.15,network_partition,INC-4431
2026-03-24T05:00:00+00:00,notification-svc,http_5xx_rate,97.89,46.06,11.07,52.4,1540.05,cpu_saturation_burst,INC-2374
2026-03-20T06:00:00+00:00,order-service,request_latency_p99,22.84,68.79,24.62,405.98,1167.59,db_pool_exhaustion,INC-0291
2026-03-22T17:00:00+00:00,auth-service,cpu_percent,77.06,88.79,29.66,243.63,2135.35,cascade_failure,INC-3368
2026-04-06T01:00:00+00:00,inventory-api,http_5xx_rate,83.72,62.87,55.13,403.67,1143.68,cascade_failure,INC-3055
2026-03-28T02:00:00+00:00,notification-svc,cpu_percent,33.64,90.19,5.13,9.08,111.78,memory_leak_progressive,INC-1105
2026-03-09T03:00:00+00:00,inventory-api,request_latency_p99,12.48,49.99,57.35,35.05,149.48,network_partition,INC-4033
2026-03-10T01:00:00+00:00,notification-svc,memory_percent,42.94,60.91,0.88,33.56,399.14,memory_leak_progressive,INC-1417
2026-03-14T11:00:00+00:00,inventory-api,memory_percent,33.17,43.0,0.51,14.41,80.2,normal_noisy,INC-5133
2026-03-13T12:00:00+00:00,payment-api,http_5xx_rate,35.24,52.74,24.31,11.12,1122.58,network_partition,INC-4338
2026-03-15T21:00:00+00:00,order-service,http_5xx_rate,26.58,36.38,56.09,13.4,101.32,network_partition,INC-4099
2026-04-01T21:00:00+00:00,payment-api,request_latency_p99,32.62,48.29,32.66,25.65,114.28,network_partition,INC-4438
2026-03-13T17:00:00+00:00,auth-service,request_latency_p99,67.0,83.45,3.79,30.97,392.12,memory_leak_progressive,INC-1322
2026-04-04T09:00:00+00:00,notification-svc,request_latency_p99,32.13,43.54,28.97,28.64,2516.44,network_partition,INC-4470
2026-03-18T12:00:00+00:00,payment-api,cpu_percent,88.87,42.32,0.49,17.57,74.24,cpu_saturation_burst,INC-2001
2026-04-06T12:00:00+00:00,notification-svc,db_conn_pool_wait_ms,70.82,63.2,46.37,174.78,2877.99,cascade_failure,INC-3204
2026-03-29T16:00:00+00:00,payment-api,request_latency_p99,49.14,33.31,17.17,137.88,690.71,db_pool_exhaustion,INC-0019
2026-03-28T17:00:00+00:00,auth-service,cpu_percent,98.88,94.58,21.06,280.22,1810.44,cascade_failure,INC-3278
2026-03-16T19:00:00+00:00,auth-service,http_5xx_rate,97.58,33.86,2.85,4.15,120.96,cpu_saturation_burst,INC-2209
2026-03-27T04:00:00+00:00,payment-api,request_latency_p99,11.23,41.92,1.56,11.29,72.35,normal_noisy,INC-5061
2026-03-28T04:00:00+00:00,payment-api,http_5xx_rate,99.07,88.55,53.79,124.6,1669.7,cascade_failure,INC-3437
2026-04-06T04:00:00+00:00,order-service,request_latency_p99,90.37,78.38,36.61,301.43,1191.79,cascade_failure,INC-3219
2026-04-05T19:00:00+00:00,inventory-api,request_latency_p99,90.09,72.65,0.06,15.94,207.21,cpu_saturation_burst,INC-2428
2026-03-28T06:00:00+00:00,notification-svc,http_5xx_rate,20.16,33.15,54.1,21.12,134.02,network_partition,INC-4242
2026-03-14T09:00:00+00:00,order-service,request_latency_p99,9.23,69.15,41.7,49.68,19.15,network_partition,INC-4311
2026-03-12T01:00:00+00:00,inventory-api,request_latency_p99,96.56,68.31,2.77,8.07,43.82,cpu_saturation_burst,INC-2358
2026-03-22T20:00:00+00:00,order-service,request_latency_p99,33.69,61.29,42.76,55.06,1439.73,network_partition,INC-4058
2026-03-12T23:00:00+00:00,inventory-api,db_conn_pool_wait_ms,50.61,58.38,16.71,296.97,1092.48,db_pool_exhaustion,INC-0361
2026-03-31T08:00:00+00:00,order-service,http_5xx_rate,44.73,51.66,50.11,54.01,50.72,network_partition,INC-4271
2026-03-28T04:00:00+00:00,order-service,request_latency_p99,16.36,53.61,53.27,44.07,65.56,network_partition,INC-4085
2026-03-09T14:00:00+00:00,notification-svc,cpu_percent,95.98,81.25,24.87,257.47,2487.29,cascade_failure,INC-3065
2026-03-27T02:00:00+00:00,payment-api,db_conn_pool_wait_ms,19.73,30.16,16.13,89.21,534.36,db_pool_exhaustion,INC-0345
2026-03-31T02:00:00+00:00,auth-service,memory_percent,79.15,78.73,1.01,27.49,332.31,memory_leak_progressive,INC-1487
2026-03-13T15:00:00+00:00,inventory-api,cpu_percent,96.83,22.47,29.37,47.54,1051.27,cpu_saturation_burst,INC-2261
2026-03-17T01:00:00+00:00,order-service,db_conn_pool_wait_ms,83.43,65.98,34.83,449.51,920.1,cascade_failure,INC-3214
2026-03-11T01:00:00+00:00,payment-api,request_latency_p99,84.84,90.04,45.93,409.65,2287.77,cascade_failure,INC-3221
2026-03-13T15:00:00+00:00,order-service,memory_percent,21.18,41.82,1.24,3.22,380.73,normal_noisy,INC-5147
2026-04-02T22:00:00+00:00,order-service,http_5xx_rate,6.63,25.18,0.7,14.42,111.97,normal_noisy,INC-5387
2026-03-26T01:00:00+00:00,payment-api,db_conn_pool_wait_ms,83.3,88.89,56.83,351.07,1085.7,cascade_failure,INC-3076
2026-03-17T03:00:00+00:00,inventory-api,http_5xx_rate,50.04,31.96,10.86,168.73,821.9,db_pool_exhaustion,INC-0086
2026-03-20T11:00:00+00:00,payment-api,request_latency_p99,14.62,31.1,24.96,17.79,2337.01,network_partition,INC-4064
2026-03-09T07:00:00+00:00,notification-svc,cpu_percent,69.61,88.52,4.91,5.91,593.98,memory_leak_progressive,INC-1169
2026-03-16T09:00:00+00:00,inventory-api,request_latency_p99,89.89,30.09,7.96,45.09,643.84,cpu_saturation_burst,INC-2015
2026-03-26T17:00:00+00:00,order-service,db_conn_pool_wait_ms,16.28,68.09,17.05,232.94,1153.21,db_pool_exhaustion,INC-0129
2026-03-15T08:00:00+00:00,auth-service,db_conn_pool_wait_ms,72.81,63.61,56.02,130.55,1134.4,cascade_failure,INC-3374
2026-03-21T18:00:00+00:00,payment-api,cpu_percent,96.53,70.56,0.45,13.76,221.19,cpu_saturation_burst,INC-2147
2026-03-20T03:00:00+00:00,inventory-api,memory_percent,77.92,80.88,2.9,5.66,631.41,memory_leak_progressive,INC-1392
2026-03-20T20:00:00+00:00,auth-service,request_latency_p99,13.26,38.15,24.5,48.25,82.61,network_partition,INC-4472
2026-03-24T08:00:00+00:00,auth-service,request_latency_p99,36.09,47.25,19.95,281.16,1098.12,db_pool_exhaustion,INC-0308
2026-04-06T21:00:00+00:00,order-service,db_conn_pool_wait_ms,23.73,46.05,18.23,254.2,200.99,db_pool_exhaustion,INC-0384
2026-03-27T06:00:00+00:00,inventory-api,request_latency_p99,93.96,73.77,31.35,346.69,1857.85,cascade_failure,INC-3334
2026-03-26T23:00:00+00:00,payment-api,cpu_percent,85.26,69.9,22.37,60.18,1297.62,cpu_saturation_burst,INC-2128
2026-03-15T17:00:00+00:00,auth-service,http_5xx_rate,17.72,67.27,24.04,223.52,1122.74,db_pool_exhaustion,INC-0427
2026-04-05T01:00:00+00:00,payment-api,http_5xx_rate,31.95,59.37,26.69,367.52,958.37,db_pool_exhaustion,INC-0495
2026-04-04T01:00:00+00:00,auth-service,db_conn_pool_wait_ms,72.15,93.81,27.63,389.18,1037.51,cascade_failure,INC-3066
2026-04-03T15:00:00+00:00,inventory-api,memory_percent,10.2,19.53,1.77,12.68,72.55,normal_noisy,INC-5292
2026-03-24T17:00:00+00:00,notification-svc,http_5xx_rate,5.32,54.31,0.57,10.45,72.58,normal_noisy,INC-5112
2026-03-08T18:00:00+00:00,auth-service,http_5xx_rate,95.52,31.26,22.3,63.57,1084.01,cpu_saturation_burst,INC-2252
2026-03-09T06:00:00+00:00,auth-service,cpu_percent,95.23,46.41,22.3,35.24,676.07,cpu_saturation_burst,INC-2296
2026-03-23T09:00:00+00:00,payment-api,db_conn_pool_wait_ms,35.12,68.85,11.47,432.53,704.55,db_pool_exhaustion,INC-0276
2026-04-03T15:00:00+00:00,notification-svc,request_latency_p99,40.54,41.85,13.65,289.98,990.67,db_pool_exhaustion,INC-0490
2026-04-05T02:00:00+00:00,order-service,db_conn_pool_wait_ms,78.8,81.19,55.58,234.67,1673.19,cascade_failure,INC-3458
2026-04-03T16:00:00+00:00,notification-svc,cpu_percent,27.27,95.16,6.96,53.87,698.47,memory_leak_progressive,INC-1191
2026-03-17T10:00:00+00:00,payment-api,http_5xx_rate,20.95,37.31,46.62,29.35,95.64,network_partition,INC-4052
2026-04-02T01:00:00+00:00,notification-svc,http_5xx_rate,21.35,55.58,43.05,56.1,2173.24,network_partition,INC-4239
2026-03-28T19:00:00+00:00,notification-svc,http_5xx_rate,93.28,62.14,2.84,18.5,83.96,cpu_saturation_burst,INC-2243
2026-03-31T17:00:00+00:00,inventory-api,cpu_percent,23.32,18.84,1.19,3.24,27.9,normal_noisy,INC-5174
2026-03-25T13:00:00+00:00,order-service,request_latency_p99,40.44,36.53,41.77,42.12,1688.28,network_partition,INC-4080
2026-03-10T13:00:00+00:00,order-service,http_5xx_rate,94.48,52.33,28.43,24.03,486.91,cpu_saturation_burst,INC-2059
2026-03-28T08:00:00+00:00,auth-service,http_5xx_rate,18.14,57.38,13.49,232.78,1154.9,db_pool_exhaustion,INC-0119
2026-04-07T01:00:00+00:00,order-service,cpu_percent,88.37,62.75,24.36,399.46,1334.89,cascade_failure,INC-3496
2026-03-09T17:00:00+00:00,order-service,http_5xx_rate,31.45,57.25,38.23,23.1,120.96,network_partition,INC-4286
2026-03-08T18:00:00+00:00,order-service,request_latency_p99,36.66,37.12,20.33,329.79,214.12,db_pool_exhaustion,INC-0282
2026-03-12T09:00:00+00:00,order-service,http_5xx_rate,24.2,36.32,1.91,13.76,40.73,normal_noisy,INC-5308
2026-03-29T16:00:00+00:00,order-service,http_5xx_rate,11.75,39.32,39.45,30.47,2253.12,network_partition,INC-4336
2026-03-21T10:00:00+00:00,auth-service,http_5xx_rate,33.06,45.02,1.09,18.34,43.73,normal_noisy,INC-5263
2026-03-12T20:00:00+00:00,payment-api,request_latency_p99,79.54,52.66,0.28,144.88,97.12,normal_noisy,INC-5446
2026-04-01T20:00:00+00:00,payment-api,http_5xx_rate,98.33,39.75,2.13,13.36,179.92,cpu_saturation_burst,INC-2180
2026-03-15T22:00:00+00:00,notification-svc,request_latency_p99,84.98,86.13,35.7,256.65,1204.88,cascade_failure,INC-3103
2026-04-02T09:00:00+00:00,inventory-api,request_latency_p99,41.16,59.21,27.79,42.95,107.08,network_partition,INC-4117
2026-03-23T20:00:00+00:00,order-service,http_5xx_rate,45.19,38.17,7.34,284.76,1088.03,db_pool_exhaustion,INC-0305
2026-04-02T15:00:00+00:00,inventory-api,memory_percent,66.82,84.51,22.66,178.18,810.64,cascade_failure,INC-3345
2026-03-23T01:00:00+00:00,inventory-api,request_latency_p99,94.93,39.1,10.16,23.37,1019.98,cpu_saturation_burst,INC-2357
2026-04-01T14:00:00+00:00,notification-svc,http_5xx_rate,17.31,37.16,32.85,54.77,2451.92,network_partition,INC-4437
2026-03-19T00:00:00+00:00,auth-service,memory_percent,26.9,91.22,0.49,22.77,677.53,memory_leak_progressive,INC-1076
2026-03-17T01:00:00+00:00,inventory-api,db_conn_pool_wait_ms,92.77,86.09,45.24,193.93,2441.82,cascade_failure,INC-3372
2026-03-20T12:00:00+00:00,notification-svc,memory_percent,29.41,20.88,1.7,2.69,83.69,normal_noisy,INC-5346
2026-03-13T11:00:00+00:00,payment-api,cpu_percent,44.31,56.65,0.67,145.52,27.87,normal_noisy,INC-5124
2026-03-16T18:00:00+00:00,notification-svc,cpu_percent,96.79,58.95,0.27,8.16,189.55,cpu_saturation_burst,INC-2418
2026-03-21T17:00:00+00:00,payment-api,memory_percent,65.07,88.82,24.04,364.52,2745.87,cascade_failure,INC-3296
2026-04-02T05:00:00+00:00,inventory-api,cpu_percent,17.09,96.04,2.65,51.41,519.18,memory_leak_progressive,INC-1344
2026-03-14T06:00:00+00:00,auth-service,memory_percent,17.54,24.8,0.17,10.37,81.17,normal_noisy,INC-5313
2026-04-06T12:00:00+00:00,inventory-api,request_latency_p99,15.43,30.55,11.21,362.83,656.55,db_pool_exhaustion,INC-0270
2026-03-18T08:00:00+00:00,auth-service,request_latency_p99,60.57,76.04,5.54,53.47,708.79,memory_leak_progressive,INC-1130
2026-03-31T14:00:00+00:00,notification-svc,http_5xx_rate,93.48,43.55,7.87,38.82,614.98,cpu_saturation_burst,INC-2034
2026-04-05T11:00:00+00:00,notification-svc,http_5xx_rate,48.5,33.73,21.41,448.57,234.18,db_pool_exhaustion,INC-0287
2026-03-27T15:00:00+00:00,auth-service,http_5xx_rate,10.4,47.15,47.41,48.97,47.85,network_partition,INC-4212
2026-03-17T17:00:00+00:00,order-service,http_5xx_rate,39.38,68.65,18.05,294.72,1109.8,db_pool_exhaustion,INC-0301
2026-03-27T23:00:00+00:00,payment-api,db_conn_pool_wait_ms,93.12,79.05,36.35,310.44,1452.62,cascade_failure,INC-3011
2026-03-25T09:00:00+00:00,inventory-api,request_latency_p99,69.87,85.88,41.18,250.85,1465.33,cascade_failure,INC-3312
2026-03-31T17:00:00+00:00,payment-api,request_latency_p99,42.4,56.1,12.91,375.5,987.43,db_pool_exhaustion,INC-0066
2026-03-24T13:00:00+00:00,payment-api,http_5xx_rate,10.71,48.29,20.87,41.47,115.3,network_partition,INC-4398
2026-03-19T00:00:00+00:00,order-service,memory_percent,35.05,92.46,4.23,26.66,146.97,memory_leak_progressive,INC-1391
2026-03-12T16:00:00+00:00,notification-svc,memory_percent,78.7,69.4,36.95,178.77,1942.57,cascade_failure,INC-3268
2026-03-20T04:00:00+00:00,inventory-api,cpu_percent,96.1,87.93,55.99,391.07,1093.92,cascade_failure,INC-3232
2026-04-03T22:00:00+00:00,auth-service,request_latency_p99,88.74,42.9,34.37,46.32,2493.15,cpu_saturation_burst,INC-2377
2026-03-24T06:00:00+00:00,payment-api,request_latency_p99,11.54,45.86,28.63,416.28,250.88,db_pool_exhaustion,INC-0231
2026-03-20T17:00:00+00:00,inventory-api,cpu_percent,23.3,60.51,6.09,23.8,188.3,memory_leak_progressive,INC-1004
2026-03-17T17:00:00+00:00,payment-api,request_latency_p99,39.39,57.43,34.89,18.52,1290.43,network_partition,INC-4460
2026-03-30T17:00:00+00:00,auth-service,cpu_percent,97.42,59.24,6.03,36.34,440.23,cpu_saturation_burst,INC-2351
2026-03-24T08:00:00+00:00,order-service,cpu_percent,89.51,48.09,6.51,71.62,862.8,cpu_saturation_burst,INC-2445
2026-03-11T04:00:00+00:00,order-service,memory_percent,16.5,53.09,1.15,18.16,102.89,normal_noisy,INC-5052
2026-03-18T20:00:00+00:00,auth-service,request_latency_p99,87.2,62.47,13.64,28.76,2465.61,cpu_saturation_burst,INC-2005
2026-03-09T13:00:00+00:00,order-service,memory_percent,37.29,85.24,4.59,12.06,233.14,memory_leak_progressive,INC-1337
2026-03-13T12:00:00+00:00,payment-api,db_conn_pool_wait_ms,73.86,92.69,29.31,214.08,1256.17,cascade_failure,INC-3089
2026-03-30T04:00:00+00:00,auth-service,db_conn_pool_wait_ms,19.19,36.63,6.12,382.76,1073.24,db_pool_exhaustion,INC-0375
2026-03-17T20:00:00+00:00,notification-svc,cpu_percent,97.82,22.73,0.85,5.48,133.79,cpu_saturation_burst,INC-2353
2026-04-01T00:00:00+00:00,notification-svc,http_5xx_rate,21.99,41.7,48.36,8.22,26.29,network_partition,INC-4111
2026-03-26T07:00:00+00:00,order-service,request_latency_p99,83.78,77.55,30.94,428.7,1715.94,cascade_failure,INC-3287
2026-04-03T11:00:00+00:00,auth-service,request_latency_p99,90.52,73.12,43.98,246.36,1536.83,cascade_failure,INC-3304
2026-04-02T09:00:00+00:00,inventory-api,http_5xx_rate,25.61,64.04,55.62,35.65,1383.61,network_partition,INC-4072
2026-03-25T16:00:00+00:00,auth-service,request_latency_p99,71.54,75.56,1.59,50.88,591.89,memory_leak_progressive,INC-1252
2026-03-12T15:00:00+00:00,payment-api,db_conn_pool_wait_ms,26.65,47.25,24.51,322.38,1041.2,db_pool_exhaustion,INC-0100
2026-03-12T03:00:00+00:00,inventory-api,cpu_percent,78.12,91.67,26.48,271.6,2321.22,cascade_failure,INC-3224
2026-04-03T02:00:00+00:00,auth-service,memory_percent,18.45,91.26,2.8,55.91,213.74,memory_leak_progressive,INC-1367
2026-03-29T14:00:00+00:00,auth-service,cpu_percent,16.27,83.28,7.34,36.19,161.95,memory_leak_progressive,INC-1411
2026-03-27T03:00:00+00:00,auth-service,http_5xx_rate,35.54,40.72,39.7,56.2,136.29,network_partition,INC-4010
2026-03-25T05:00:00+00:00,auth-service,memory_percent,72.36,78.35,3.87,11.55,626.92,memory_leak_progressive,INC-1030
2026-04-06T00:00:00+00:00,inventory-api,memory_percent,15.42,89.38,2.9,55.05,219.24,memory_leak_progressive,INC-1137
2026-03-29T11:00:00+00:00,order-service,http_5xx_rate,51.87,34.7,6.5,433.97,1034.71,db_pool_exhaustion,INC-0186
2026-03-09T18:00:00+00:00,notification-svc,cpu_percent,87.55,64.1,1.11,16.43,57.37,cpu_saturation_burst,INC-2188
2026-03-10T20:00:00+00:00,payment-api,memory_percent,70.85,67.23,26.51,223.21,2533.13,cascade_failure,INC-3472
2026-03-21T18:00:00+00:00,notification-svc,request_latency_p99,75.12,80.34,5.69,57.34,750.6,memory_leak_progressive,INC-1432
2026-03-19T22:00:00+00:00,notification-svc,cpu_percent,98.74,40.8,23.39,68.97,828.97,cpu_saturation_burst,INC-2382
2026-03-12T11:00:00+00:00,order-service,request_latency_p99,23.4,40.31,37.48,24.57,1237.86,network_partition,INC-4296
2026-03-12T00:00:00+00:00,payment-api,http_5xx_rate,27.36,61.45,58.89,51.09,1800.63,network_partition,INC-4383
2026-03-16T18:00:00+00:00,auth-service,request_latency_p99,22.72,67.83,31.65,44.15,2224.34,network_partition,INC-4402
2026-03-24T06:00:00+00:00,auth-service,request_latency_p99,88.31,65.06,51.42,159.25,958.3,cascade_failure,INC-3500
2026-03-16T12:00:00+00:00,auth-service,cpu_percent,76.12,66.29,7.0,55.4,747.99,memory_leak_progressive,INC-1108
2026-04-05T08:00:00+00:00,inventory-api,memory_percent,19.1,20.32,0.03,10.15,91.83,normal_noisy,INC-5397
2026-04-04T15:00:00+00:00,inventory-api,http_5xx_rate,33.06,46.99,6.29,118.2,872.26,db_pool_exhaustion,INC-0152
2026-03-30T11:00:00+00:00,notification-svc,request_latency_p99,85.03,46.03,1.81,15.11,173.84,cpu_saturation_burst,INC-2284
2026-03-26T19:00:00+00:00,order-service,http_5xx_rate,15.25,41.39,32.78,10.38,2049.91,network_partition,INC-4263
2026-03-30T13:00:00+00:00,order-service,memory_percent,45.69,84.37,3.87,49.98,215.82,memory_leak_progressive,INC-1232
2026-03-24T01:00:00+00:00,inventory-api,request_latency_p99,94.51,37.18,9.37,17.25,1649.54,cpu_saturation_burst,INC-2338
2026-03-23T19:00:00+00:00,payment-api,http_5xx_rate,95.06,84.72,54.81,336.81,1553.6,cascade_failure,INC-3099
2026-04-04T12:00:00+00:00,notification-svc,request_latency_p99,11.48,54.25,1.67,74.28,45.83,normal_noisy,INC-5341
2026-03-30T19:00:00+00:00,notification-svc,http_5xx_rate,31.75,69.7,27.29,211.23,948.61,db_pool_exhaustion,INC-0024
2026-03-25T09:00:00+00:00,auth-service,memory_percent,33.9,16.09,1.57,3.84,139.31,normal_noisy,INC-5358
2026-04-06T04:00:00+00:00,notification-svc,db_conn_pool_wait_ms,16.86,56.14,16.22,447.6,592.92,db_pool_exhaustion,INC-0159
2026-04-06T12:00:00+00:00,notification-svc,cpu_percent,52.29,88.53,7.13,45.42,394.0,memory_leak_progressive,INC-1362
2026-04-02T03:00:00+00:00,payment-api,cpu_percent,15.44,63.12,4.68,38.22,357.97,memory_leak_progressive,INC-1403
2026-03-11T02:00:00+00:00,order-service,http_5xx_rate,44.26,23.86,0.28,313.66,141.23,normal_noisy,INC-5156
2026-04-05T15:00:00+00:00,payment-api,memory_percent,37.32,45.86,0.1,14.71,88.45,normal_noisy,INC-5438
2026-04-05T11:00:00+00:00,notification-svc,request_latency_p99,22.13,44.67,13.78,206.55,724.67,db_pool_exhaustion,INC-0445
2026-03-12T02:00:00+00:00,order-service,cpu_percent,17.14,47.49,0.97,8.24,66.25,normal_noisy,INC-5439
2026-03-14T11:00:00+00:00,payment-api,memory_percent,27.88,96.72,5.38,19.54,255.97,memory_leak_progressive,INC-1255
2026-03-23T22:00:00+00:00,auth-service,request_latency_p99,28.05,96.28,4.7,43.53,607.63,memory_leak_progressive,INC-1424
2026-04-04T21:00:00+00:00,order-service,http_5xx_rate,35.38,34.13,1.0,19.54,68.0,normal_noisy,INC-5471
2026-03-11T11:00:00+00:00,notification-svc,http_5xx_rate,9.8,36.93,51.61,27.29,101.03,network_partition,INC-4103
2026-03-13T17:00:00+00:00,auth-service,db_conn_pool_wait_ms,53.41,44.78,19.19,372.44,269.14,db_pool_exhaustion,INC-0312
2026-03-17T05:00:00+00:00,auth-service,memory_percent,28.29,80.2,7.3,25.46,588.18,memory_leak_progressive,INC-1049
2026-04-02T14:00:00+00:00,order-service,db_conn_pool_wait_ms,79.36,93.98,59.78,124.88,2388.44,cascade_failure,INC-3446
2026-04-01T01:00:00+00:00,order-service,cpu_percent,99.82,40.81,20.73,60.64,1134.0,cpu_saturation_burst,INC-2457
2026-03-17T16:00:00+00:00,payment-api,db_conn_pool_wait_ms,10.24,59.18,28.72,210.79,956.5,db_pool_exhaustion,INC-0307
2026-03-15T10:00:00+00:00,inventory-api,http_5xx_rate,14.89,41.04,15.35,414.22,242.46,db_pool_exhaustion,INC-0288
2026-03-09T14:00:00+00:00,auth-service,memory_percent,82.87,88.41,2.92,39.66,342.42,memory_leak_progressive,INC-1195
2026-03-19T23:00:00+00:00,notification-svc,db_conn_pool_wait_ms,19.04,44.08,12.19,296.17,374.54,db_pool_exhaustion,INC-0309
2026-03-11T07:00:00+00:00,inventory-api,http_5xx_rate,39.75,40.0,24.19,47.23,2781.74,network_partition,INC-4321
2026-04-03T16:00:00+00:00,payment-api,request_latency_p99,72.53,89.18,5.57,57.59,191.13,memory_leak_progressive,INC-1250
2026-03-08T17:00:00+00:00,inventory-api,cpu_percent,49.11,48.17,0.87,19.49,47.09,normal_noisy,INC-5316
2026-04-04T10:00:00+00:00,notification-svc,cpu_percent,85.91,45.02,28.4,74.73,547.42,cpu_saturation_burst,INC-2240
2026-03-17T12:00:00+00:00,auth-service,cpu_percent,76.37,77.32,3.43,22.27,183.17,memory_leak_progressive,INC-1409
2026-04-07T05:00:00+00:00,auth-service,memory_percent,71.53,67.57,53.0,91.56,2283.83,cascade_failure,INC-3381
2026-03-10T22:00:00+00:00,inventory-api,request_latency_p99,40.89,35.82,44.66,55.5,2377.39,network_partition,INC-4381
2026-03-15T20:00:00+00:00,payment-api,request_latency_p99,92.04,23.61,0.47,18.81,193.61,cpu_saturation_burst,INC-2407
2026-03-16T16:00:00+00:00,auth-service,http_5xx_rate,42.55,38.1,44.04,53.94,20.69,network_partition,INC-4495
2026-03-09T22:00:00+00:00,auth-service,memory_percent,36.37,96.47,6.64,24.23,263.14,memory_leak_progressive,INC-1471
2026-04-04T20:00:00+00:00,auth-service,db_conn_pool_wait_ms,44.99,40.63,29.23,189.03,978.75,db_pool_exhaustion,INC-0014
2026-03-23T15:00:00+00:00,payment-api,memory_percent,69.27,78.32,0.77,27.19,531.2,memory_leak_progressive,INC-1374
2026-03-10T14:00:00+00:00,order-service,memory_percent,59.93,84.27,0.87,13.96,138.24,memory_leak_progressive,INC-1309
2026-03-25T03:00:00+00:00,auth-service,request_latency_p99,39.11,23.97,1.43,8.3,131.68,normal_noisy,INC-5079
2026-03-27T11:00:00+00:00,auth-service,cpu_percent,81.17,92.77,3.97,20.53,319.82,memory_leak_progressive,INC-1015
2026-03-31T16:00:00+00:00,order-service,request_latency_p99,11.03,64.14,21.61,29.09,2359.24,network_partition,INC-4414
2026-04-02T01:00:00+00:00,payment-api,http_5xx_rate,58.2,62.63,23.09,204.06,1069.09,db_pool_exhaustion,INC-0410
2026-03-25T00:00:00+00:00,inventory-api,http_5xx_rate,26.37,32.0,1.91,7.22,65.07,normal_noisy,INC-5334
2026-03-13T11:00:00+00:00,inventory-api,request_latency_p99,10.91,58.23,20.78,9.22,1738.72,network_partition,INC-4260
2026-03-26T20:00:00+00:00,payment-api,cpu_percent,36.18,52.94,1.07,14.9,53.7,normal_noisy,INC-5324
2026-03-21T09:00:00+00:00,auth-service,http_5xx_rate,99.55,38.41,1.37,19.62,132.74,cpu_saturation_burst,INC-2226
2026-04-06T05:00:00+00:00,notification-svc,http_5xx_rate,75.54,81.13,29.99,244.03,1765.43,cascade_failure,INC-3156
2026-03-11T19:00:00+00:00,inventory-api,memory_percent,81.85,94.85,51.59,161.28,2068.37,cascade_failure,INC-3111
2026-03-13T11:00:00+00:00,payment-api,db_conn_pool_wait_ms,56.54,31.45,20.54,339.23,657.74,db_pool_exhaustion,INC-0383
2026-03-13T05:00:00+00:00,inventory-api,request_latency_p99,41.98,67.66,55.48,30.69,2835.17,network_partition,INC-4107
2026-03-16T17:00:00+00:00,order-service,http_5xx_rate,20.63,46.13,38.78,37.5,120.43,network_partition,INC-4188
2026-03-26T03:00:00+00:00,inventory-api,request_latency_p99,90.31,84.71,33.29,178.14,1716.04,cascade_failure,INC-3122
2026-04-03T08:00:00+00:00,notification-svc,http_5xx_rate,30.49,37.6,0.4,13.84,23.93,normal_noisy,INC-5332
2026-03-20T02:00:00+00:00,inventory-api,request_latency_p99,34.67,97.63,2.43,19.45,712.12,memory_leak_progressive,INC-1053
2026-03-20T02:00:00+00:00,notification-svc,request_latency_p99,12.53,64.7,12.65,107.32,818.92,db_pool_exhaustion,INC-0223
2026-03-22T22:00:00+00:00,auth-service,http_5xx_rate,90.04,26.37,32.58,74.64,1628.04,cpu_saturation_burst,INC-2097
2026-03-28T14:00:00+00:00,notification-svc,http_5xx_rate,7.15,39.97,0.28,9.29,124.35,normal_noisy,INC-5255
2026-03-25T07:00:00+00:00,inventory-api,http_5xx_rate,48.25,55.39,18.84,341.31,759.21,db_pool_exhaustion,INC-0009
2026-03-31T20:00:00+00:00,notification-svc,cpu_percent,90.59,68.63,25.95,60.34,500.75,cpu_saturation_burst,INC-2477
2026-03-30T13:00:00+00:00,order-service,db_conn_pool_wait_ms,22.54,44.6,8.75,276.37,1072.1,db_pool_exhaustion,INC-0317
2026-03-11T00:00:00+00:00,inventory-api,request_latency_p99,10.18,32.5,7.74,130.0,295.35,db_pool_exhaustion,INC-0428
2026-03-29T05:00:00+00:00,auth-service,cpu_percent,96.07,63.29,50.43,212.03,921.8,cascade_failure,INC-3486
2026-03-28T23:00:00+00:00,order-service,http_5xx_rate,30.7,42.71,6.95,254.09,229.83,db_pool_exhaustion,INC-0106
2026-03-16T03:00:00+00:00,order-service,http_5xx_rate,40.51,32.28,25.08,29.6,1943.45,network_partition,INC-4016
2026-03-16T23:00:00+00:00,notification-svc,request_latency_p99,11.16,46.0,26.88,371.36,810.23,db_pool_exhaustion,INC-0143
2026-04-04T04:00:00+00:00,auth-service,db_conn_pool_wait_ms,53.84,66.07,29.61,391.2,1182.37,db_pool_exhaustion,INC-0122
2026-03-15T01:00:00+00:00,order-service,request_latency_p99,23.87,52.64,57.26,12.02,1842.0,network_partition,INC-4372
2026-03-10T03:00:00+00:00,payment-api,http_5xx_rate,34.14,59.44,2.17,9.33,100.33,normal_noisy,INC-5366
2026-03-16T20:00:00+00:00,order-service,request_latency_p99,85.33,37.63,27.51,35.1,896.71,cpu_saturation_burst,INC-2190
2026-03-15T15:00:00+00:00,auth-service,http_5xx_rate,37.4,54.56,0.68,15.83,55.84,normal_noisy,INC-5462
2026-04-01T14:00:00+00:00,notification-svc,http_5xx_rate,62.98,46.14,1.51,17.43,99.8,normal_noisy,INC-5101
2026-04-04T23:00:00+00:00,payment-api,db_conn_pool_wait_ms,68.99,74.36,51.69,162.59,2806.05,cascade_failure,INC-3158
2026-03-15T01:00:00+00:00,notification-svc,request_latency_p99,53.28,61.92,7.5,425.99,404.4,db_pool_exhaustion,INC-0116
2026-04-04T21:00:00+00:00,order-service,cpu_percent,94.49,34.88,8.29,37.85,1691.44,cpu_saturation_burst,INC-2406
2026-04-05T05:00:00+00:00,inventory-api,http_5xx_rate,71.36,75.82,40.6,170.89,2535.8,cascade_failure,INC-3012
2026-03-21T05:00:00+00:00,order-service,http_5xx_rate,30.75,38.1,26.77,42.98,1915.52,network_partition,INC-4493
2026-03-12T09:00:00+00:00,inventory-api,cpu_percent,42.22,43.35,1.74,7.44,64.44,normal_noisy,INC-5298
2026-03-31T20:00:00+00:00,inventory-api,request_latency_p99,60.12,23.75,0.19,17.57,76.58,normal_noisy,INC-5449
2026-03-16T08:00:00+00:00,notification-svc,memory_percent,94.77,95.55,28.01,218.78,1500.49,cascade_failure,INC-3097
2026-03-30T12:00:00+00:00,order-service,http_5xx_rate,30.0,43.34,1.05,14.97,86.56,normal_noisy,INC-5390
2026-03-16T09:00:00+00:00,notification-svc,request_latency_p99,16.78,97.87,2.6,35.01,569.57,memory_leak_progressive,INC-1173
2026-03-17T04:00:00+00:00,inventory-api,request_latency_p99,91.2,24.99,0.34,5.35,120.23,cpu_saturation_burst,INC-2432
2026-03-28T14:00:00+00:00,payment-api,http_5xx_rate,22.85,69.91,56.3,47.4,11.57,network_partition,INC-4173
2026-03-09T05:00:00+00:00,notification-svc,request_latency_p99,66.36,96.93,1.87,14.83,494.8,memory_leak_progressive,INC-1092
2026-03-25T19:00:00+00:00,auth-service,request_latency_p99,90.38,42.43,26.46,25.61,1396.38,cpu_saturation_burst,INC-2403
2026-03-28T20:00:00+00:00,notification-svc,memory_percent,59.24,94.92,2.9,18.01,204.16,memory_leak_progressive,INC-1389
2026-03-17T08:00:00+00:00,notification-svc,request_latency_p99,90.34,97.54,49.47,389.61,1004.45,cascade_failure,INC-3255
2026-03-29T22:00:00+00:00,order-service,http_5xx_rate,91.24,70.91,23.0,61.74,774.57,cpu_saturation_burst,INC-2367
2026-04-04T19:00:00+00:00,payment-api,http_5xx_rate,40.98,66.23,28.08,59.12,2032.35,network_partition,INC-4397
2026-04-02T05:00:00+00:00,auth-service,http_5xx_rate,17.0,57.11,25.36,428.32,435.26,db_pool_exhaustion,INC-0214
2026-04-04T12:00:00+00:00,notification-svc,http_5xx_rate,12.94,57.11,44.63,30.62,1802.98,network_partition,INC-4008
2026-04-03T04:00:00+00:00,inventory-api,http_5xx_rate,20.98,36.26,34.63,58.71,1287.45,network_partition,INC-4149
2026-04-01T21:00:00+00:00,payment-api,request_latency_p99,47.13,84.1,4.41,49.71,129.37,memory_leak_progressive,INC-1301
2026-03-13T04:00:00+00:00,notification-svc,http_5xx_rate,37.24,52.89,31.7,11.05,1349.22,network_partition,INC-4481
2026-03-11T22:00:00+00:00,inventory-api,http_5xx_rate,27.63,69.91,38.02,21.81,2773.57,network_partition,INC-4440
2026-03-22T08:00:00+00:00,payment-api,http_5xx_rate,29.04,38.87,51.46,15.55,2572.53,network_partition,INC-4284
2026-03-26T13:00:00+00:00,payment-api,http_5xx_rate,7.45,46.64,1.93,6.5,140.34,normal_noisy,INC-5163
2026-03-10T10:00:00+00:00,payment-api,cpu_percent,43.13,46.73,0.54,6.4,143.44,normal_noisy,INC-5212
2026-03-22T02:00:00+00:00,order-service,db_conn_pool_wait_ms,10.81,48.1,26.07,446.91,523.9,db_pool_exhaustion,INC-0274
2026-03-26T21:00:00+00:00,notification-svc,request_latency_p99,36.25,36.55,9.15,252.26,1036.3,db_pool_exhaustion,INC-0072
2026-03-22T00:00:00+00:00,inventory-api,cpu_percent,66.78,71.76,34.82,395.64,1936.37,cascade_failure,INC-3290
2026-03-15T16:00:00+00:00,order-service,request_latency_p99,90.61,60.54,32.92,20.06,423.66,cpu_saturation_burst,INC-2088
2026-04-01T14:00:00+00:00,auth-service,http_5xx_rate,22.4,66.56,24.93,202.95,1169.79,db_pool_exhaustion,INC-0395
2026-03-09T13:00:00+00:00,notification-svc,cpu_percent,84.85,79.58,7.07,32.37,197.37,memory_leak_progressive,INC-1084
2026-03-13T05:00:00+00:00,auth-service,http_5xx_rate,38.07,30.45,37.7,50.94,98.31,network_partition,INC-4081
2026-03-28T05:00:00+00:00,inventory-api,cpu_percent,68.45,61.98,51.36,417.02,1441.86,cascade_failure,INC-3481
2026-03-23T08:00:00+00:00,inventory-api,request_latency_p99,73.74,75.46,4.7,46.35,257.29,memory_leak_progressive,INC-1001
2026-03-12T23:00:00+00:00,auth-service,http_5xx_rate,40.09,46.07,32.6,28.5,1478.6,network_partition,INC-4015
2026-04-06T20:00:00+00:00,inventory-api,request_latency_p99,37.93,51.61,47.64,52.46,1875.52,network_partition,INC-4224
2026-03-26T09:00:00+00:00,payment-api,memory_percent,17.61,22.14,1.09,7.04,148.56,normal_noisy,INC-5480
2026-03-18T09:00:00+00:00,order-service,request_latency_p99,33.19,58.69,0.46,12.24,137.05,normal_noisy,INC-5241
2026-03-20T09:00:00+00:00,auth-service,http_5xx_rate,24.98,69.24,46.04,17.0,85.23,network_partition,INC-4319
2026-03-22T12:00:00+00:00,order-service,cpu_percent,95.37,63.39,1.75,11.97,175.03,cpu_saturation_burst,INC-2260
2026-04-02T06:00:00+00:00,notification-svc,cpu_percent,73.94,69.71,47.77,142.51,1838.1,cascade_failure,INC-3243
2026-03-16T02:00:00+00:00,payment-api,http_5xx_rate,22.04,44.43,9.41,405.14,667.48,db_pool_exhaustion,INC-0206
2026-03-22T20:00:00+00:00,auth-service,request_latency_p99,79.69,78.48,6.05,57.8,324.33,memory_leak_progressive,INC-1234
2026-03-13T01:00:00+00:00,payment-api,request_latency_p99,42.8,52.43,1.39,7.24,137.31,normal_noisy,INC-5003
2026-03-13T02:00:00+00:00,notification-svc,cpu_percent,18.42,77.35,6.74,32.16,543.17,memory_leak_progressive,INC-1027
2026-03-08T15:00:00+00:00,notification-svc,cpu_percent,91.87,46.75,23.82,54.2,643.61,cpu_saturation_burst,INC-2376
2026-03-24T13:00:00+00:00,auth-service,cpu_percent,43.42,85.31,1.16,22.21,379.74,memory_leak_progressive,INC-1399
2026-03-31T21:00:00+00:00,notification-svc,http_5xx_rate,32.56,48.51,25.66,255.49,883.84,db_pool_exhaustion,INC-0378
2026-04-01T04:00:00+00:00,order-service,cpu_percent,87.06,79.77,33.28,309.98,2339.96,cascade_failure,INC-3227
2026-03-17T19:00:00+00:00,inventory-api,http_5xx_rate,35.96,38.9,1.92,3.36,59.03,normal_noisy,INC-5183
2026-03-13T17:00:00+00:00,notification-svc,request_latency_p99,40.73,23.71,1.96,19.48,115.44,normal_noisy,INC-5223
2026-03-16T12:00:00+00:00,payment-api,db_conn_pool_wait_ms,41.15,46.8,14.6,104.48,1131.24,db_pool_exhaustion,INC-0387
2026-03-20T04:00:00+00:00,payment-api,http_5xx_rate,54.84,49.02,6.51,136.28,1022.21,db_pool_exhaustion,INC-0199
2026-03-26T23:00:00+00:00,auth-service,http_5xx_rate,96.07,65.34,2.26,17.19,49.99,cpu_saturation_burst,INC-2051
2026-03-11T19:00:00+00:00,notification-svc,cpu_percent,44.64,80.98,1.78,31.33,658.05,memory_leak_progressive,INC-1091
2026-04-06T06:00:00+00:00,notification-svc,memory_percent,80.31,69.15,1.69,13.05,660.23,memory_leak_progressive,INC-1020
2026-03-27T05:00:00+00:00,payment-api,http_5xx_rate,8.3,51.98,0.42,8.69,49.31,normal_noisy,INC-5451
2026-04-07T02:00:00+00:00,notification-svc,db_conn_pool_wait_ms,50.59,60.4,22.39,268.56,339.01,db_pool_exhaustion,INC-0430
2026-03-28T07:00:00+00:00,notification-svc,http_5xx_rate,99.85,42.38,30.87,17.09,2062.17,cpu_saturation_burst,INC-2084
2026-03-29T10:00:00+00:00,notification-svc,request_latency_p99,56.5,49.92,21.07,390.79,1067.17,db_pool_exhaustion,INC-0208
2026-03-25T17:00:00+00:00,inventory-api,request_latency_p99,27.4,68.09,20.38,223.64,581.41,db_pool_exhaustion,INC-0492
2026-03-26T09:00:00+00:00,inventory-api,memory_percent,77.77,85.31,28.04,363.6,2125.02,cascade_failure,INC-3110
2026-04-01T21:00:00+00:00,auth-service,cpu_percent,12.45,33.03,0.52,13.05,149.47,normal_noisy,INC-5413
2026-03-15T22:00:00+00:00,notification-svc,cpu_percent,75.3,80.11,4.35,12.95,495.01,memory_leak_progressive,INC-1293
2026-03-31T23:00:00+00:00,payment-api,http_5xx_rate,44.2,57.06,29.44,5.9,20.93,network_partition,INC-4020
2026-03-30T06:00:00+00:00,order-service,cpu_percent,87.4,67.79,0.04,14.22,97.93,cpu_saturation_burst,INC-2187
2026-03-29T15:00:00+00:00,order-service,http_5xx_rate,94.3,49.16,34.34,48.28,440.17,cpu_saturation_burst,INC-2186
2026-03-28T08:00:00+00:00,payment-api,http_5xx_rate,43.03,50.74,37.71,9.04,2171.47,network_partition,INC-4182
2026-03-21T05:00:00+00:00,inventory-api,cpu_percent,92.16,66.35,1.22,17.54,123.56,cpu_saturation_burst,INC-2341
2026-03-26T23:00:00+00:00,order-service,request_latency_p99,27.32,60.0,52.1,37.9,113.67,network_partition,INC-4233
2026-03-08T23:00:00+00:00,notification-svc,request_latency_p99,49.68,33.39,18.89,129.39,1002.06,db_pool_exhaustion,INC-0084
2026-04-06T06:00:00+00:00,inventory-api,request_latency_p99,19.84,33.08,50.86,52.98,148.49,network_partition,INC-4370
2026-03-21T05:00:00+00:00,payment-api,request_latency_p99,30.83,48.93,32.78,7.46,145.21,network_partition,INC-4227
2026-03-27T14:00:00+00:00,notification-svc,db_conn_pool_wait_ms,37.7,34.34,21.81,96.83,481.23,db_pool_exhaustion,INC-0021
2026-03-24T02:00:00+00:00,payment-api,http_5xx_rate,91.15,66.38,5.34,45.75,1863.96,cpu_saturation_burst,INC-2379
2026-03-15T04:00:00+00:00,order-service,request_latency_p99,66.83,69.1,38.7,394.87,2286.62,cascade_failure,INC-3059
2026-03-28T10:00:00+00:00,inventory-api,request_latency_p99,91.01,79.47,44.28,447.31,2058.43,cascade_failure,INC-3439
2026-03-12T16:00:00+00:00,order-service,request_latency_p99,10.42,53.5,1.9,16.08,52.9,normal_noisy,INC-5338
2026-04-03T03:00:00+00:00,inventory-api,db_conn_pool_wait_ms,79.49,90.87,57.49,167.66,2007.6,cascade_failure,INC-3438
2026-03-16T05:00:00+00:00,payment-api,request_latency_p99,57.68,80.72,6.59,6.4,637.09,memory_leak_progressive,INC-1474
2026-03-19T19:00:00+00:00,notification-svc,cpu_percent,25.92,54.51,1.37,9.97,138.6,normal_noisy,INC-5290
2026-03-29T21:00:00+00:00,inventory-api,cpu_percent,66.38,95.7,5.37,41.7,497.52,memory_leak_progressive,INC-1384
2026-03-13T20:00:00+00:00,auth-service,request_latency_p99,93.9,20.79,10.55,79.18,604.03,cpu_saturation_burst,INC-2099
2026-03-25T19:00:00+00:00,auth-service,db_conn_pool_wait_ms,47.62,50.17,23.76,264.36,664.68,db_pool_exhaustion,INC-0157
2026-03-27T18:00:00+00:00,order-service,http_5xx_rate,33.25,53.4,25.36,22.09,2212.23,network_partition,INC-4277
2026-03-17T19:00:00+00:00,order-service,memory_percent,81.01,78.19,6.96,16.38,787.11,memory_leak_progressive,INC-1387
2026-03-21T00:00:00+00:00,auth-service,request_latency_p99,96.92,27.03,0.85,290.33,52.04,normal_noisy,INC-5499
2026-04-01T07:00:00+00:00,auth-service,db_conn_pool_wait_ms,97.6,89.88,34.94,383.08,1771.42,cascade_failure,INC-3092
2026-03-19T05:00:00+00:00,inventory-api,request_latency_p99,18.22,60.56,35.7,43.3,131.59,network_partition,INC-4479
2026-03-11T22:00:00+00:00,notification-svc,http_5xx_rate,9.45,40.3,1.03,2.35,147.19,normal_noisy,INC-5218
2026-03-14T08:00:00+00:00,auth-service,request_latency_p99,27.0,57.29,1.14,18.27,89.54,normal_noisy,INC-5035
2026-03-31T03:00:00+00:00,notification-svc,http_5xx_rate,36.96,69.62,52.85,27.59,2110.84,network_partition,INC-4118
2026-04-06T15:00:00+00:00,auth-service,cpu_percent,88.27,46.34,31.51,20.61,2317.93,cpu_saturation_burst,INC-2473
2026-03-13T15:00:00+00:00,inventory-api,cpu_percent,25.18,18.45,1.28,10.9,98.45,normal_noisy,INC-5149
2026-04-02T23:00:00+00:00,order-service,db_conn_pool_wait_ms,10.35,53.85,11.6,280.58,387.86,db_pool_exhaustion,INC-0459
2026-04-06T08:00:00+00:00,order-service,http_5xx_rate,33.59,62.66,47.87,21.02,2563.88,network_partition,INC-4499
2026-03-19T15:00:00+00:00,inventory-api,request_latency_p99,19.58,30.99,28.19,284.71,648.21,db_pool_exhaustion,INC-0079
2026-03-20T05:00:00+00:00,auth-service,memory_percent,10.98,35.17,0.62,72.7,145.96,normal_noisy,INC-5415
2026-03-25T06:00:00+00:00,order-service,http_5xx_rate,85.71,42.71,10.2,18.61,2302.8,cpu_saturation_burst,INC-2057
2026-04-01T09:00:00+00:00,notification-svc,request_latency_p99,72.23,65.62,4.22,21.13,205.28,memory_leak_progressive,INC-1407
2026-03-11T02:00:00+00:00,notification-svc,cpu_percent,67.62,61.51,21.84,377.73,2270.71,cascade_failure,INC-3064
2026-03-12T15:00:00+00:00,order-service,request_latency_p99,20.7,44.12,46.11,24.63,2470.94,network_partition,INC-4427
2026-03-25T13:00:00+00:00,inventory-api,memory_percent,39.13,46.67,1.68,7.49,579.33,normal_noisy,INC-5197
2026-03-19T20:00:00+00:00,auth-service,http_5xx_rate,26.04,60.32,28.49,403.76,860.87,db_pool_exhaustion,INC-0381
2026-04-02T03:00:00+00:00,notification-svc,cpu_percent,45.33,92.19,6.65,38.01,472.07,memory_leak_progressive,INC-1448
2026-03-14T08:00:00+00:00,order-service,memory_percent,70.23,82.63,21.49,140.89,2095.54,cascade_failure,INC-3213
2026-04-05T21:00:00+00:00,payment-api,cpu_percent,32.62,33.07,0.29,2.62,91.11,normal_noisy,INC-5257
2026-03-11T20:00:00+00:00,notification-svc,cpu_percent,74.05,85.75,3.52,57.23,606.89,memory_leak_progressive,INC-1216
2026-03-24T13:00:00+00:00,inventory-api,memory_percent,79.15,85.73,30.32,296.47,1359.83,cascade_failure,INC-3414
2026-04-02T18:00:00+00:00,auth-service,cpu_percent,61.08,80.47,2.01,16.58,567.12,memory_leak_progressive,INC-1187
2026-03-11T09:00:00+00:00,notification-svc,http_5xx_rate,39.59,51.15,0.15,6.55,60.97,normal_noisy,INC-5171
2026-04-04T05:00:00+00:00,payment-api,http_5xx_rate,92.6,65.14,1.93,4.9,42.66,cpu_saturation_burst,INC-2294
2026-03-15T14:00:00+00:00,payment-api,db_conn_pool_wait_ms,45.41,54.42,12.69,443.02,499.13,db_pool_exhaustion,INC-0306
2026-04-07T00:00:00+00:00,order-service,request_latency_p99,38.41,52.09,25.92,301.84,308.66,db_pool_exhaustion,INC-0210
2026-03-24T22:00:00+00:00,auth-service,request_latency_p99,22.67,51.06,44.99,43.07,2204.24,network_partition,INC-4012
2026-03-11T21:00:00+00:00,inventory-api,request_latency_p99,37.18,34.64,37.89,17.76,1408.81,network_partition,INC-4222
2026-04-06T04:00:00+00:00,notification-svc,cpu_percent,47.16,36.43,1.67,13.7,97.77,normal_noisy,INC-5476
2026-03-08T20:00:00+00:00,payment-api,cpu_percent,86.82,69.62,38.46,215.61,2414.94,cascade_failure,INC-3038
2026-04-05T15:00:00+00:00,order-service,request_latency_p99,25.32,93.99,2.27,16.22,574.24,memory_leak_progressive,INC-1386
2026-03-21T01:00:00+00:00,notification-svc,cpu_percent,90.68,65.62,46.92,153.98,908.93,cascade_failure,INC-3360
2026-03-14T08:00:00+00:00,notification-svc,memory_percent,71.18,85.94,7.85,20.4,293.0,memory_leak_progressive,INC-1418
2026-04-02T01:00:00+00:00,auth-service,db_conn_pool_wait_ms,75.63,97.46,29.88,166.48,908.39,cascade_failure,INC-3387
2026-03-19T04:00:00+00:00,auth-service,cpu_percent,68.05,63.37,38.34,84.34,2597.99,cascade_failure,INC-3161
2026-04-06T10:00:00+00:00,auth-service,db_conn_pool_wait_ms,20.94,50.63,28.4,443.93,1177.19,db_pool_exhaustion,INC-0192
2026-03-09T08:00:00+00:00,payment-api,request_latency_p99,81.18,64.28,33.15,112.92,1924.56,cascade_failure,INC-3248
2026-03-10T22:00:00+00:00,inventory-api,http_5xx_rate,32.06,52.65,57.08,54.36,2653.64,network_partition,INC-4132
2026-03-31T07:00:00+00:00,auth-service,http_5xx_rate,96.16,33.48,17.01,28.22,990.24,cpu_saturation_burst,INC-2266
2026-03-24T23:00:00+00:00,payment-api,http_5xx_rate,54.26,56.9,21.07,340.16,389.77,db_pool_exhaustion,INC-0484
2026-03-27T23:00:00+00:00,auth-service,memory_percent,76.79,91.43,4.1,34.0,265.83,memory_leak_progressive,INC-1416
2026-03-09T19:00:00+00:00,notification-svc,cpu_percent,71.85,31.63,1.87,18.92,111.95,normal_noisy,INC-5100
2026-04-01T21:00:00+00:00,inventory-api,db_conn_pool_wait_ms,20.01,57.2,9.53,297.96,874.81,db_pool_exhaustion,INC-0278
2026-04-01T03:00:00+00:00,notification-svc,cpu_percent,33.85,79.65,1.54,7.83,309.48,memory_leak_progressive,INC-1489
2026-04-02T07:00:00+00:00,order-service,http_5xx_rate,91.78,84.28,35.36,217.28,1784.46,cascade_failure,INC-3488
2026-03-19T15:00:00+00:00,notification-svc,request_latency_p99,96.06,66.01,42.82,320.95,2378.54,cascade_failure,INC-3395
2026-03-10T14:00:00+00:00,inventory-api,http_5xx_rate,67.63,76.9,48.96,320.26,2189.84,cascade_failure,INC-3370
2026-03-22T14:00:00+00:00,auth-service,memory_percent,28.01,81.15,5.5,17.36,427.74,memory_leak_progressive,INC-1072
2026-04-01T01:00:00+00:00,order-service,request_latency_p99,66.94,91.28,5.94,36.82,644.02,memory_leak_progressive,INC-1494
2026-03-15T01:00:00+00:00,order-service,memory_percent,92.19,64.48,0.26,19.49,148.75,normal_noisy,INC-5296
2026-03-31T02:00:00+00:00,payment-api,request_latency_p99,18.33,49.43,1.13,6.68,55.5,normal_noisy,INC-5447
2026-03-14T22:00:00+00:00,notification-svc,cpu_percent,17.55,64.62,5.41,13.18,526.01,memory_leak_progressive,INC-1086
2026-03-28T04:00:00+00:00,notification-svc,request_latency_p99,13.06,45.07,57.72,41.2,138.8,network_partition,INC-4329
2026-03-08T19:00:00+00:00,payment-api,cpu_percent,16.75,27.15,1.33,15.55,132.7,normal_noisy,INC-5494
2026-03-11T10:00:00+00:00,order-service,cpu_percent,93.11,27.11,17.45,40.89,2457.63,cpu_saturation_burst,INC-2350
2026-04-03T10:00:00+00:00,auth-service,http_5xx_rate,44.25,44.96,1.45,14.54,32.77,normal_noisy,INC-5401
2026-03-24T13:00:00+00:00,auth-service,request_latency_p99,84.2,80.83,6.94,59.17,353.89,memory_leak_progressive,INC-1175
2026-03-23T22:00:00+00:00,inventory-api,http_5xx_rate,30.72,41.13,0.43,19.06,58.25,normal_noisy,INC-5091
2026-04-02T12:00:00+00:00,notification-svc,request_latency_p99,22.41,85.02,4.36,29.24,423.74,memory_leak_progressive,INC-1356
2026-04-06T08:00:00+00:00,payment-api,db_conn_pool_wait_ms,38.03,49.22,21.95,289.08,866.96,db_pool_exhaustion,INC-0448
2026-03-16T18:00:00+00:00,payment-api,http_5xx_rate,89.87,48.32,26.58,63.04,1551.86,cpu_saturation_burst,INC-2420
2026-03-10T03:00:00+00:00,notification-svc,http_5xx_rate,20.71,32.54,46.37,30.39,1775.56,network_partition,INC-4230
2026-03-18T15:00:00+00:00,order-service,db_conn_pool_wait_ms,68.76,67.85,22.33,178.19,2681.44,cascade_failure,INC-3117
2026-04-01T21:00:00+00:00,payment-api,request_latency_p99,18.5,41.24,31.83,15.24,39.22,network_partition,INC-4259
2026-03-17T13:00:00+00:00,payment-api,request_latency_p99,22.84,51.65,1.44,296.07,82.34,normal_noisy,INC-5322
2026-03-20T00:00:00+00:00,payment-api,http_5xx_rate,19.29,30.62,1.76,18.63,97.61,normal_noisy,INC-5254
2026-03-24T00:00:00+00:00,payment-api,request_latency_p99,90.32,92.9,41.47,151.53,841.09,cascade_failure,INC-3217
2026-04-05T23:00:00+00:00,inventory-api,request_latency_p99,63.25,56.85,0.68,2.58,565.39,normal_noisy,INC-5172
2026-04-04T04:00:00+00:00,payment-api,request_latency_p99,99.88,27.0,12.55,61.51,2146.05,cpu_saturation_burst,INC-2248
2026-04-03T21:00:00+00:00,order-service,db_conn_pool_wait_ms,17.81,34.17,29.99,310.66,655.35,db_pool_exhaustion,INC-0295
2026-03-10T19:00:00+00:00,inventory-api,memory_percent,78.81,79.58,2.9,10.78,630.73,memory_leak_progressive,INC-1089
2026-03-19T02:00:00+00:00,payment-api,cpu_percent,93.75,31.26,34.5,57.34,543.6,cpu_saturation_burst,INC-2282
2026-03-08T19:00:00+00:00,notification-svc,cpu_percent,92.67,51.2,1.92,16.41,45.65,cpu_saturation_burst,INC-2423
2026-04-03T16:00:00+00:00,payment-api,request_latency_p99,9.92,53.62,34.65,55.75,2156.36,network_partition,INC-4350
2026-03-17T22:00:00+00:00,auth-service,cpu_percent,91.28,68.12,20.77,31.49,1455.43,cpu_saturation_burst,INC-2427
2026-04-02T13:00:00+00:00,inventory-api,http_5xx_rate,41.44,31.27,51.69,49.19,2741.85,network_partition,INC-4253
2026-03-12T14:00:00+00:00,payment-api,db_conn_pool_wait_ms,11.34,52.14,22.5,248.76,847.88,db_pool_exhaustion,INC-0426
2026-04-01T11:00:00+00:00,notification-svc,cpu_percent,53.98,79.68,4.71,44.65,520.35,memory_leak_progressive,INC-1035
2026-03-28T22:00:00+00:00,payment-api,request_latency_p99,88.52,71.69,34.5,23.68,975.7,cpu_saturation_burst,INC-2055
2026-03-26T15:00:00+00:00,auth-service,cpu_percent,85.69,79.45,38.92,333.57,2755.16,cascade_failure,INC-3365
2026-04-02T09:00:00+00:00,payment-api,memory_percent,8.77,62.55,1.44,11.81,53.12,normal_noisy,INC-5005
2026-03-09T00:00:00+00:00,payment-api,request_latency_p99,92.38,64.51,15.76,41.28,1270.02,cpu_saturation_burst,INC-2426
2026-03-18T19:00:00+00:00,inventory-api,http_5xx_rate,20.6,66.95,15.95,398.41,839.01,db_pool_exhaustion,INC-0133
2026-03-18T19:00:00+00:00,payment-api,memory_percent,81.16,83.04,57.31,141.07,952.1,cascade_failure,INC-3338
2026-03-15T09:00:00+00:00,notification-svc,cpu_percent,69.54,64.16,39.29,236.14,2796.47,cascade_failure,INC-3326
2026-04-05T19:00:00+00:00,inventory-api,http_5xx_rate,58.22,35.7,22.87,445.56,800.8,db_pool_exhaustion,INC-0422
2026-03-20T04:00:00+00:00,notification-svc,http_5xx_rate,41.32,26.09,0.72,3.96,80.4,normal_noisy,INC-5159
2026-04-06T23:00:00+00:00,auth-service,request_latency_p99,41.59,31.86,34.95,20.26,1668.72,network_partition,INC-4029
2026-03-11T08:00:00+00:00,notification-svc,memory_percent,15.63,51.17,1.21,13.14,27.26,normal_noisy,INC-5490
2026-03-19T05:00:00+00:00,inventory-api,cpu_percent,95.94,63.28,1.1,17.02,125.69,cpu_saturation_burst,INC-2369
2026-03-12T00:00:00+00:00,payment-api,cpu_percent,36.02,81.79,4.85,16.94,420.65,memory_leak_progressive,INC-1057
2026-03-22T07:00:00+00:00,auth-service,request_latency_p99,15.65,64.81,20.28,50.44,53.91,network_partition,INC-4044
2026-03-18T08:00:00+00:00,auth-service,request_latency_p99,92.35,38.84,9.92,63.62,621.81,cpu_saturation_burst,INC-2487
2026-03-29T08:00:00+00:00,notification-svc,http_5xx_rate,35.85,32.53,1.5,13.52,133.7,normal_noisy,INC-5180
2026-03-16T02:00:00+00:00,order-service,cpu_percent,67.91,85.64,2.99,12.01,297.44,memory_leak_progressive,INC-1071
2026-03-17T03:00:00+00:00,inventory-api,http_5xx_rate,53.15,41.64,27.04,343.72,929.41,db_pool_exhaustion,INC-0353
2026-04-06T23:00:00+00:00,auth-service,request_latency_p99,31.02,68.37,23.8,285.82,740.86,db_pool_exhaustion,INC-0092
2026-03-28T04:00:00+00:00,inventory-api,request_latency_p99,11.11,52.82,6.5,16.83,458.19,normal_noisy,INC-5063
2026-03-25T05:00:00+00:00,inventory-api,cpu_percent,20.03,54.55,0.37,6.21,149.99,normal_noisy,INC-5034
2026-03-28T02:00:00+00:00,auth-service,http_5xx_rate,86.27,66.67,32.95,58.9,935.94,cpu_saturation_burst,INC-2171
2026-03-17T22:00:00+00:00,payment-api,request_latency_p99,23.99,31.14,33.97,18.37,2377.42,network_partition,INC-4249
2026-03-31T19:00:00+00:00,order-service,http_5xx_rate,99.94,51.12,16.57,52.86,1357.45,cpu_saturation_burst,INC-2286
2026-03-15T17:00:00+00:00,inventory-api,memory_percent,69.59,90.03,28.1,242.39,2251.18,cascade_failure,INC-3203
2026-03-26T01:00:00+00:00,auth-service,request_latency_p99,99.22,44.15,26.54,17.36,821.05,cpu_saturation_burst,INC-2469
2026-03-14T17:00:00+00:00,payment-api,http_5xx_rate,71.35,97.48,54.1,297.33,2342.9,cascade_failure,INC-3408
2026-03-22T16:00:00+00:00,notification-svc,http_5xx_rate,97.37,33.41,1.64,4.09,174.03,cpu_saturation_burst,INC-2478
2026-03-16T12:00:00+00:00,payment-api,request_latency_p99,21.29,93.71,0.65,50.41,337.05,memory_leak_progressive,INC-1198
2026-04-03T23:00:00+00:00,auth-service,http_5xx_rate,40.69,42.74,0.53,13.97,483.25,normal_noisy,INC-5007
2026-03-29T10:00:00+00:00,notification-svc,request_latency_p99,48.64,40.85,17.36,139.14,397.48,db_pool_exhaustion,INC-0349
2026-03-29T15:00:00+00:00,auth-service,cpu_percent,73.57,83.82,54.15,314.94,1347.32,cascade_failure,INC-3145
2026-03-24T13:00:00+00:00,order-service,request_latency_p99,33.26,35.46,52.58,39.8,2647.28,network_partition,INC-4347
2026-03-24T17:00:00+00:00,payment-api,request_latency_p99,14.74,57.33,21.76,11.92,1712.9,network_partition,INC-4432
2026-03-15T21:00:00+00:00,inventory-api,http_5xx_rate,40.73,36.55,56.48,18.39,2913.69,network_partition,INC-4169
2026-04-02T00:00:00+00:00,order-service,cpu_percent,87.08,61.02,1.26,14.3,215.94,cpu_saturation_burst,INC-2138
2026-03-17T23:00:00+00:00,order-service,http_5xx_rate,67.58,66.39,39.32,346.78,1452.11,cascade_failure,INC-3298
2026-04-06T07:00:00+00:00,order-service,request_latency_p99,98.06,97.45,25.82,80.87,2741.93,cascade_failure,INC-3045
2026-03-24T13:00:00+00:00,order-service,memory_percent,44.45,39.74,1.95,14.05,30.59,normal_noisy,INC-5337
2026-04-05T21:00:00+00:00,notification-svc,http_5xx_rate,31.05,36.49,5.9,17.08,72.18,normal_noisy,INC-5321
2026-03-19T08:00:00+00:00,payment-api,request_latency_p99,95.29,33.7,30.4,19.01,1455.67,cpu_saturation_burst,INC-2340
2026-03-17T03:00:00+00:00,auth-service,http_5xx_rate,14.84,30.33,26.58,36.02,1030.85,network_partition,INC-4491
2026-04-04T04:00:00+00:00,payment-api,http_5xx_rate,51.72,50.94,27.68,217.21,1077.99,db_pool_exhaustion,INC-0454
2026-04-04T15:00:00+00:00,auth-service,memory_percent,27.96,90.55,3.12,55.31,779.07,memory_leak_progressive,INC-1414
2026-03-10T21:00:00+00:00,order-service,http_5xx_rate,90.47,41.67,2.83,19.66,114.81,cpu_saturation_burst,INC-2200
2026-03-26T04:00:00+00:00,inventory-api,http_5xx_rate,89.09,50.83,19.42,49.01,667.47,cpu_saturation_burst,INC-2275
2026-04-06T05:00:00+00:00,order-service,db_conn_pool_wait_ms,75.01,72.15,51.22,277.9,2677.37,cascade_failure,INC-3367
2026-03-23T09:00:00+00:00,inventory-api,http_5xx_rate,19.07,39.47,11.23,85.22,771.23,db_pool_exhaustion,INC-0038
2026-03-17T09:00:00+00:00,notification-svc,request_latency_p99,67.11,97.06,1.97,50.83,329.92,memory_leak_progressive,INC-1475
2026-03-15T08:00:00+00:00,payment-api,memory_percent,41.34,27.37,0.96,3.58,90.7,normal_noisy,INC-5271
2026-04-03T03:00:00+00:00,auth-service,cpu_percent,35.97,86.82,5.89,13.66,665.81,memory_leak_progressive,INC-1484
2026-03-13T00:00:00+00:00,notification-svc,http_5xx_rate,87.27,62.98,57.7,144.62,1078.27,cascade_failure,INC-3306
2026-03-29T18:00:00+00:00,notification-svc,db_conn_pool_wait_ms,72.12,97.36,54.51,113.32,2119.22,cascade_failure,INC-3462
2026-04-05T19:00:00+00:00,auth-service,request_latency_p99,85.32,37.54,22.28,78.35,1460.44,cpu_saturation_burst,INC-2419
2026-04-03T07:00:00+00:00,auth-service,cpu_percent,92.65,23.05,0.64,18.82,80.66,cpu_saturation_burst,INC-2285
2026-03-10T19:00:00+00:00,inventory-api,db_conn_pool_wait_ms,58.98,62.08,24.49,188.32,842.48,db_pool_exhaustion,INC-0040
2026-03-27T03:00:00+00:00,order-service,memory_percent,28.34,44.67,0.98,19.41,24.56,normal_noisy,INC-5041
2026-03-09T04:00:00+00:00,auth-service,request_latency_p99,29.04,45.9,19.62,442.72,328.05,db_pool_exhaustion,INC-0170
2026-03-31T17:00:00+00:00,notification-svc,cpu_percent,97.59,63.12,29.3,52.34,519.31,cpu_saturation_burst,INC-2356
2026-03-17T15:00:00+00:00,auth-service,cpu_percent,59.26,96.23,7.03,14.91,181.55,memory_leak_progressive,INC-1238
2026-03-17T06:00:00+00:00,payment-api,http_5xx_rate,80.01,61.42,58.74,299.48,2839.85,cascade_failure,INC-3091
2026-03-08T20:00:00+00:00,auth-service,http_5xx_rate,34.8,42.32,0.31,7.93,128.24,normal_noisy,INC-5200
2026-03-20T02:00:00+00:00,order-service,cpu_percent,90.55,79.42,25.66,220.76,2069.02,cascade_failure,INC-3398
2026-04-06T09:00:00+00:00,inventory-api,request_latency_p99,78.89,62.85,3.44,13.18,283.72,memory_leak_progressive,INC-1135
2026-03-25T18:00:00+00:00,notification-svc,http_5xx_rate,43.24,20.49,0.61,16.37,129.96,normal_noisy,INC-5148
2026-03-21T01:00:00+00:00,notification-svc,http_5xx_rate,65.47,76.84,42.09,95.91,2892.94,cascade_failure,INC-3419
2026-03-26T16:00:00+00:00,notification-svc,http_5xx_rate,97.64,53.08,11.75,25.72,2342.14,cpu_saturation_burst,INC-2291
2026-03-09T14:00:00+00:00,order-service,http_5xx_rate,87.9,70.16,10.73,55.37,2247.3,cpu_saturation_burst,INC-2381
2026-03-21T11:00:00+00:00,inventory-api,request_latency_p99,61.4,77.35,6.79,39.74,220.99,memory_leak_progressive,INC-1080
2026-03-09T05:00:00+00:00,notification-svc,request_latency_p99,39.61,38.87,23.35,222.6,1027.44,db_pool_exhaustion,INC-0329
2026-03-14T16:00:00+00:00,notification-svc,cpu_percent,99.25,82.28,21.33,190.89,2975.95,cascade_failure,INC-3143
2026-03-18T13:00:00+00:00,order-service,memory_percent,17.28,87.59,5.0,38.34,780.01,memory_leak_progressive,INC-1393
2026-03-27T04:00:00+00:00,inventory-api,http_5xx_rate,93.33,77.93,48.38,273.23,1730.46,cascade_failure,INC-3350
2026-03-24T21:00:00+00:00,payment-api,request_latency_p99,25.06,91.18,2.86,10.9,304.41,memory_leak_progressive,INC-1281
2026-03-12T06:00:00+00:00,notification-svc,http_5xx_rate,21.04,56.24,12.23,103.08,934.73,db_pool_exhaustion,INC-0160
2026-03-09T16:00:00+00:00,notification-svc,request_latency_p99,88.41,84.51,42.84,382.08,1537.82,cascade_failure,INC-3046
2026-03-30T07:00:00+00:00,payment-api,http_5xx_rate,77.64,97.92,21.78,249.94,2705.22,cascade_failure,INC-3434
2026-03-24T17:00:00+00:00,order-service,http_5xx_rate,26.78,15.53,0.93,18.87,117.99,normal_noisy,INC-5479
2026-03-24T18:00:00+00:00,order-service,http_5xx_rate,17.26,67.84,12.53,343.1,778.02,db_pool_exhaustion,INC-0062
2026-03-14T00:00:00+00:00,auth-service,request_latency_p99,25.0,84.25,0.71,46.0,211.02,memory_leak_progressive,INC-1350
2026-03-09T05:00:00+00:00,auth-service,request_latency_p99,10.34,38.01,23.9,16.35,2343.36,network_partition,INC-4130
2026-03-11T23:00:00+00:00,auth-service,memory_percent,9.57,51.14,1.08,13.6,147.52,normal_noisy,INC-5393
2026-03-31T01:00:00+00:00,notification-svc,request_latency_p99,88.21,49.52,0.15,6.26,196.4,cpu_saturation_burst,INC-2044
2026-03-23T22:00:00+00:00,inventory-api,http_5xx_rate,21.86,42.1,47.09,14.94,1001.92,network_partition,INC-4497
2026-04-01T10:00:00+00:00,notification-svc,request_latency_p99,9.18,54.02,24.22,47.62,1405.12,network_partition,INC-4261
2026-03-11T12:00:00+00:00,inventory-api,request_latency_p99,19.61,34.76,45.83,35.06,2466.72,network_partition,INC-4122
2026-03-15T13:00:00+00:00,order-service,cpu_percent,91.35,23.77,31.87,25.2,849.98,cpu_saturation_burst,INC-2071
2026-03-29T15:00:00+00:00,notification-svc,request_latency_p99,55.92,61.25,7.76,275.48,1197.03,db_pool_exhaustion,INC-0054
2026-04-06T03:00:00+00:00,payment-api,db_conn_pool_wait_ms,22.28,31.7,10.59,350.85,654.89,db_pool_exhaustion,INC-0259
2026-03-23T09:00:00+00:00,payment-api,memory_percent,21.53,84.53,4.7,36.93,151.84,memory_leak_progressive,INC-1006
2026-03-16T09:00:00+00:00,inventory-api,memory_percent,72.94,97.11,2.91,5.25,437.12,memory_leak_progressive,INC-1253
2026-03-29T09:00:00+00:00,auth-service,request_latency_p99,97.24,80.72,49.87,408.64,2727.6,cascade_failure,INC-3479
2026-03-27T01:00:00+00:00,auth-service,http_5xx_rate,16.57,29.05,7.07,340.88,79.78,normal_noisy,INC-5448
2026-04-01T18:00:00+00:00,auth-service,http_5xx_rate,19.96,62.23,39.86,23.15,143.46,network_partition,INC-4411
2026-04-03T01:00:00+00:00,notification-svc,db_conn_pool_wait_ms,84.98,65.26,31.99,164.36,1915.26,cascade_failure,INC-3018
2026-03-25T10:00:00+00:00,auth-service,http_5xx_rate,14.47,20.24,1.11,2.57,128.22,normal_noisy,INC-5498
2026-03-28T04:00:00+00:00,auth-service,http_5xx_rate,12.1,59.75,32.54,14.36,2608.22,network_partition,INC-4274
2026-04-02T13:00:00+00:00,order-service,http_5xx_rate,96.38,45.23,1.2,9.41,51.41,cpu_saturation_burst,INC-2390
2026-04-03T04:00:00+00:00,notification-svc,http_5xx_rate,92.1,32.13,14.67,54.02,2474.08,cpu_saturation_burst,INC-2267
2026-03-08T18:00:00+00:00,notification-svc,request_latency_p99,39.6,69.57,40.4,22.39,65.45,network_partition,INC-4467
2026-03-26T19:00:00+00:00,notification-svc,memory_percent,73.18,97.05,20.48,442.08,2528.34,cascade_failure,INC-3212
2026-04-04T21:00:00+00:00,notification-svc,request_latency_p99,69.93,79.05,3.16,18.23,431.06,memory_leak_progressive,INC-1272
2026-03-11T14:00:00+00:00,auth-service,memory_percent,58.38,47.77,0.81,18.44,23.0,normal_noisy,INC-5303
2026-03-31T14:00:00+00:00,payment-api,request_latency_p99,87.11,62.8,34.13,157.88,1982.49,cascade_failure,INC-3308
2026-03-21T13:00:00+00:00,order-service,cpu_percent,38.53,39.23,0.08,226.21,85.75,normal_noisy,INC-5186
2026-03-25T08:00:00+00:00,notification-svc,request_latency_p99,95.19,20.36,27.27,34.5,2035.42,cpu_saturation_burst,INC-2086
2026-03-27T21:00:00+00:00,notification-svc,http_5xx_rate,23.99,62.69,57.68,5.46,2536.79,network_partition,INC-4258
2026-04-04T07:00:00+00:00,order-service,request_latency_p99,70.99,68.02,44.81,313.29,2337.92,cascade_failure,INC-3033
2026-04-01T15:00:00+00:00,order-service,request_latency_p99,92.52,31.21,0.27,3.23,223.39,cpu_saturation_burst,INC-2326
2026-03-12T14:00:00+00:00,auth-service,http_5xx_rate,13.34,37.1,52.93,53.41,1971.54,network_partition,INC-4120
2026-03-27T10:00:00+00:00,order-service,db_conn_pool_wait_ms,73.74,76.79,21.7,122.01,2501.42,cascade_failure,INC-3313
2026-03-24T17:00:00+00:00,inventory-api,memory_percent,65.25,77.76,32.33,110.52,2234.51,cascade_failure,INC-3215
2026-03-18T08:00:00+00:00,auth-service,request_latency_p99,36.37,66.36,35.09,33.05,1799.31,network_partition,INC-4035
2026-03-22T23:00:00+00:00,payment-api,request_latency_p99,14.36,64.91,55.51,14.99,2740.7,network_partition,INC-4424
2026-04-03T16:00:00+00:00,order-service,http_5xx_rate,8.75,32.76,34.42,53.04,1341.91,network_partition,INC-4435
2026-04-04T01:00:00+00:00,inventory-api,db_conn_pool_wait_ms,82.76,75.32,35.48,430.91,1866.88,cascade_failure,INC-3182
2026-03-19T12:00:00+00:00,order-service,request_latency_p99,10.93,49.05,46.3,58.15,1063.04,network_partition,INC-4228
2026-03-19T16:00:00+00:00,auth-service,request_latency_p99,97.16,69.93,34.09,73.9,862.31,cpu_saturation_burst,INC-2164
2026-03-29T13:00:00+00:00,order-service,request_latency_p99,56.43,96.42,7.41,7.19,718.52,memory_leak_progressive,INC-1464
2026-03-13T14:00:00+00:00,payment-api,cpu_percent,20.09,42.14,0.68,11.31,46.08,normal_noisy,INC-5403
2026-04-02T07:00:00+00:00,order-service,db_conn_pool_wait_ms,68.57,78.88,30.79,228.43,1843.78,cascade_failure,INC-3163
2026-03-16T03:00:00+00:00,auth-service,db_conn_pool_wait_ms,18.02,54.42,24.77,337.22,1021.88,db_pool_exhaustion,INC-0399
2026-04-02T17:00:00+00:00,inventory-api,cpu_percent,54.49,76.44,3.32,28.13,134.47,memory_leak_progressive,INC-1085
2026-03-11T21:00:00+00:00,inventory-api,memory_percent,84.88,93.72,5.98,24.73,742.03,memory_leak_progressive,INC-1449
2026-03-31T14:00:00+00:00,notification-svc,request_latency_p99,24.96,85.36,6.4,6.15,123.83,memory_leak_progressive,INC-1205
2026-03-22T23:00:00+00:00,auth-service,db_conn_pool_wait_ms,57.71,41.39,13.88,233.14,522.08,db_pool_exhaustion,INC-0432
2026-03-10T08:00:00+00:00,payment-api,request_latency_p99,12.94,53.91,25.4,380.26,267.53,db_pool_exhaustion,INC-0293
2026-03-15T15:00:00+00:00,payment-api,request_latency_p99,42.24,41.57,11.45,260.06,785.96,db_pool_exhaustion,INC-0146
2026-03-15T13:00:00+00:00,notification-svc,db_conn_pool_wait_ms,13.43,57.67,20.79,167.08,957.35,db_pool_exhaustion,INC-0324
2026-03-28T05:00:00+00:00,notification-svc,http_5xx_rate,38.87,39.55,36.32,7.54,149.19,network_partition,INC-4109
2026-03-13T08:00:00+00:00,inventory-api,cpu_percent,87.24,28.2,21.05,49.24,2015.76,cpu_saturation_burst,INC-2166
2026-03-15T23:00:00+00:00,order-service,http_5xx_rate,99.53,34.86,10.38,78.9,2109.37,cpu_saturation_burst,INC-2453
2026-03-25T00:00:00+00:00,auth-service,db_conn_pool_wait_ms,51.38,55.27,23.95,215.95,554.53,db_pool_exhaustion,INC-0003
2026-03-09T23:00:00+00:00,auth-service,request_latency_p99,59.61,96.43,7.45,52.88,658.09,memory_leak_progressive,INC-1077
2026-04-02T08:00:00+00:00,inventory-api,memory_percent,30.89,47.71,1.59,17.81,148.26,normal_noisy,INC-5158
2026-03-28T07:00:00+00:00,notification-svc,db_conn_pool_wait_ms,58.5,36.92,12.99,293.82,493.96,db_pool_exhaustion,INC-0340
2026-03-21T12:00:00+00:00,auth-service,http_5xx_rate,18.5,32.21,0.56,6.29,62.02,normal_noisy,INC-5040
2026-03-21T05:00:00+00:00,order-service,memory_percent,40.09,49.33,1.63,2.03,64.94,normal_noisy,INC-5436
2026-03-14T23:00:00+00:00,order-service,memory_percent,38.2,95.31,3.26,26.85,200.67,memory_leak_progressive,INC-1426
2026-03-17T17:00:00+00:00,inventory-api,http_5xx_rate,43.71,43.59,6.78,222.1,675.31,db_pool_exhaustion,INC-0266
2026-03-15T22:00:00+00:00,auth-service,db_conn_pool_wait_ms,57.79,69.23,23.48,213.51,665.21,db_pool_exhaustion,INC-0377
2026-03-27T01:00:00+00:00,auth-service,request_latency_p99,33.63,67.93,28.53,8.72,93.49,network_partition,INC-4023
2026-04-07T01:00:00+00:00,auth-service,http_5xx_rate,95.68,50.58,2.17,14.26,181.22,cpu_saturation_burst,INC-2464
2026-03-28T04:00:00+00:00,notification-svc,request_latency_p99,57.12,30.89,20.03,395.71,963.84,db_pool_exhaustion,INC-0272
2026-04-04T15:00:00+00:00,payment-api,memory_percent,82.34,81.11,7.12,7.33,421.53,memory_leak_progressive,INC-1197
2026-03-19T13:00:00+00:00,notification-svc,cpu_percent,44.21,31.2,1.59,4.42,31.54,normal_noisy,INC-5474
2026-03-21T19:00:00+00:00,order-service,request_latency_p99,19.04,38.68,7.38,134.07,200.57,db_pool_exhaustion,INC-0245
2026-04-01T10:00:00+00:00,order-service,memory_percent,11.22,42.01,1.68,14.74,102.46,normal_noisy,INC-5314
2026-04-02T02:00:00+00:00,inventory-api,request_latency_p99,32.29,42.89,14.68,276.76,1020.1,db_pool_exhaustion,INC-0477
2026-04-01T10:00:00+00:00,notification-svc,memory_percent,12.54,45.07,1.63,14.2,30.94,normal_noisy,INC-5286
2026-03-19T15:00:00+00:00,order-service,http_5xx_rate,10.59,45.17,1.76,17.86,329.12,normal_noisy,INC-5344
2026-03-09T19:00:00+00:00,payment-api,http_5xx_rate,22.37,53.66,55.18,42.3,1030.09,network_partition,INC-4299
2026-03-12T16:00:00+00:00,notification-svc,http_5xx_rate,34.49,64.82,48.61,5.41,102.23,network_partition,INC-4449
2026-04-03T16:00:00+00:00,order-service,memory_percent,26.9,22.66,0.89,19.29,53.98,normal_noisy,INC-5284
2026-03-15T10:00:00+00:00,inventory-api,cpu_percent,9.83,30.62,0.4,4.52,31.14,normal_noisy,INC-5454
2026-03-24T19:00:00+00:00,notification-svc,cpu_percent,33.78,23.22,1.38,346.73,142.17,normal_noisy,INC-5483
2026-03-16T01:00:00+00:00,order-service,request_latency_p99,13.38,43.61,46.92,31.6,2316.7,network_partition,INC-4160
2026-03-21T01:00:00+00:00,inventory-api,request_latency_p99,37.36,52.43,17.64,280.21,836.67,db_pool_exhaustion,INC-0251
2026-03-26T19:00:00+00:00,inventory-api,db_conn_pool_wait_ms,19.77,68.38,24.02,438.3,840.95,db_pool_exhaustion,INC-0414
2026-04-06T13:00:00+00:00,auth-service,request_latency_p99,54.4,96.21,3.1,9.82,101.55,memory_leak_progressive,INC-1046
2026-03-17T21:00:00+00:00,payment-api,http_5xx_rate,99.49,36.51,0.13,14.8,202.68,cpu_saturation_burst,INC-2194
2026-03-14T00:00:00+00:00,order-service,request_latency_p99,29.54,92.75,6.82,49.21,337.23,memory_leak_progressive,INC-1239
2026-03-26T14:00:00+00:00,notification-svc,db_conn_pool_wait_ms,38.68,49.92,19.51,249.53,576.74,db_pool_exhaustion,INC-0311
2026-03-10T03:00:00+00:00,auth-service,db_conn_pool_wait_ms,68.42,65.51,35.54,259.04,2255.9,cascade_failure,INC-3480
2026-03-24T21:00:00+00:00,notification-svc,memory_percent,54.58,94.51,1.48,35.49,726.05,memory_leak_progressive,INC-1394
2026-03-27T03:00:00+00:00,auth-service,http_5xx_rate,85.39,69.17,26.37,31.67,949.57,cpu_saturation_burst,INC-2132
2026-03-28T02:00:00+00:00,auth-service,cpu_percent,98.37,53.16,1.44,5.37,44.44,cpu_saturation_burst,INC-2450
2026-04-05T12:00:00+00:00,payment-api,http_5xx_rate,38.56,31.65,0.31,5.41,103.79,normal_noisy,INC-5408
2026-03-29T08:00:00+00:00,notification-svc,request_latency_p99,47.93,58.78,15.8,414.15,827.31,db_pool_exhaustion,INC-0016
2026-03-19T07:00:00+00:00,auth-service,memory_percent,97.57,70.29,24.15,323.68,1164.76,cascade_failure,INC-3451
2026-03-22T07:00:00+00:00,inventory-api,request_latency_p99,29.88,96.42,2.66,58.21,227.76,memory_leak_progressive,INC-1222
2026-03-25T20:00:00+00:00,inventory-api,request_latency_p99,95.79,71.19,33.88,49.54,1318.13,cpu_saturation_burst,INC-2421
2026-03-10T14:00:00+00:00,auth-service,request_latency_p99,44.57,28.84,0.97,15.96,31.38,normal_noisy,INC-5134
2026-03-28T09:00:00+00:00,payment-api,memory_percent,59.68,87.26,7.33,11.19,793.08,memory_leak_progressive,INC-1482
2026-04-02T21:00:00+00:00,payment-api,request_latency_p99,95.67,74.78,34.16,151.64,2343.69,cascade_failure,INC-3375
2026-04-03T12:00:00+00:00,payment-api,cpu_percent,83.25,78.38,54.29,257.7,2153.85,cascade_failure,INC-3040
2026-03-19T14:00:00+00:00,notification-svc,request_latency_p99,38.7,61.55,1.67,19.64,79.1,normal_noisy,INC-5031
2026-04-03T08:00:00+00:00,inventory-api,cpu_percent,85.3,65.29,20.7,157.94,1257.85,cascade_failure,INC-3051
2026-04-01T17:00:00+00:00,payment-api,request_latency_p99,18.87,49.38,40.58,32.02,116.84,network_partition,INC-4423
2026-03-27T20:00:00+00:00,inventory-api,request_latency_p99,49.24,35.47,14.84,385.2,1092.9,db_pool_exhaustion,INC-0364
2026-03-10T16:00:00+00:00,payment-api,cpu_percent,12.13,15.38,1.27,3.22,73.4,normal_noisy,INC-5269
2026-03-09T17:00:00+00:00,order-service,db_conn_pool_wait_ms,19.42,43.77,7.42,234.91,1147.32,db_pool_exhaustion,INC-0183
2026-03-13T09:00:00+00:00,payment-api,cpu_percent,67.42,81.1,6.2,34.41,601.01,memory_leak_progressive,INC-1486
2026-04-02T14:00:00+00:00,order-service,request_latency_p99,65.46,74.75,27.06,424.48,2159.43,cascade_failure,INC-3491
2026-04-02T15:00:00+00:00,auth-service,http_5xx_rate,91.19,49.39,31.52,24.28,2014.89,cpu_saturation_burst,INC-2195
2026-03-11T08:00:00+00:00,inventory-api,memory_percent,85.34,84.49,32.11,331.8,2208.27,cascade_failure,INC-3270
2026-04-06T17:00:00+00:00,payment-api,http_5xx_rate,66.69,74.7,49.62,359.74,1480.23,cascade_failure,INC-3176
2026-03-17T00:00:00+00:00,notification-svc,request_latency_p99,93.85,31.19,12.72,74.94,856.14,cpu_saturation_burst,INC-2122
2026-03-09T11:00:00+00:00,auth-service,db_conn_pool_wait_ms,58.22,33.77,26.68,271.51,907.84,db_pool_exhaustion,INC-0188
2026-03-14T12:00:00+00:00,payment-api,memory_percent,24.18,95.98,6.42,36.96,733.84,memory_leak_progressive,INC-1120
2026-04-03T12:00:00+00:00,auth-service,cpu_percent,82.86,83.39,45.59,325.1,2590.58,cascade_failure,INC-3113
2026-03-15T06:00:00+00:00,notification-svc,cpu_percent,94.49,66.54,20.86,20.16,1692.98,cpu_saturation_burst,INC-2176
2026-03-12T03:00:00+00:00,payment-api,cpu_percent,97.65,31.89,21.73,77.39,402.67,cpu_saturation_burst,INC-2183
2026-03-24T16:00:00+00:00,auth-service,http_5xx_rate,44.99,61.51,44.29,54.24,1098.96,network_partition,INC-4385
2026-03-29T21:00:00+00:00,inventory-api,request_latency_p99,21.74,23.68,0.78,9.33,146.45,normal_noisy,INC-5216
2026-04-07T05:00:00+00:00,auth-service,request_latency_p99,22.38,91.26,2.4,13.04,345.73,memory_leak_progressive,INC-1115
2026-03-13T18:00:00+00:00,order-service,db_conn_pool_wait_ms,83.09,94.65,29.88,245.63,1874.93,cascade_failure,INC-3014
2026-03-17T13:00:00+00:00,inventory-api,request_latency_p99,89.31,48.19,31.74,32.18,1872.58,cpu_saturation_burst,INC-2467
2026-04-04T04:00:00+00:00,auth-service,db_conn_pool_wait_ms,54.47,60.48,22.45,273.23,478.61,db_pool_exhaustion,INC-0402
2026-04-06T05:00:00+00:00,inventory-api,cpu_percent,50.61,79.53,2.32,10.84,622.0,memory_leak_progressive,INC-1495
2026-04-03T13:00:00+00:00,order-service,memory_percent,83.57,86.79,1.33,13.54,560.6,memory_leak_progressive,INC-1435
2026-03-19T09:00:00+00:00,auth-service,request_latency_p99,44.34,51.57,28.37,372.97,585.41,db_pool_exhaustion,INC-0372
2026-03-20T17:00:00+00:00,notification-svc,request_latency_p99,85.23,82.75,44.19,156.64,1537.51,cascade_failure,INC-3423
2026-03-26T12:00:00+00:00,order-service,http_5xx_rate,24.08,63.19,20.84,19.19,2229.03,network_partition,INC-4307
2026-04-02T18:00:00+00:00,auth-service,cpu_percent,66.72,76.86,5.8,42.94,288.85,memory_leak_progressive,INC-1094
2026-03-29T03:00:00+00:00,notification-svc,request_latency_p99,69.48,90.35,34.9,208.62,1946.31,cascade_failure,INC-3411
2026-03-24T05:00:00+00:00,inventory-api,memory_percent,52.37,93.31,0.15,38.81,740.54,memory_leak_progressive,INC-1227
2026-03-19T13:00:00+00:00,notification-svc,cpu_percent,33.26,75.77,2.92,16.18,492.12,memory_leak_progressive,INC-1327
2026-03-15T02:00:00+00:00,auth-service,cpu_percent,67.31,96.85,22.99,140.6,2554.81,cascade_failure,INC-3175
2026-03-14T13:00:00+00:00,notification-svc,cpu_percent,80.99,91.34,6.55,25.7,319.75,memory_leak_progressive,INC-1188
2026-03-15T07:00:00+00:00,payment-api,request_latency_p99,25.36,40.61,35.99,16.01,111.02,network_partition,INC-4216
2026-03-29T19:00:00+00:00,notification-svc,http_5xx_rate,36.57,56.4,12.56,447.95,1147.54,db_pool_exhaustion,INC-0137
2026-03-16T01:00:00+00:00,inventory-api,cpu_percent,85.68,25.31,0.3,16.48,62.84,normal_noisy,INC-5265
2026-03-19T17:00:00+00:00,notification-svc,request_latency_p99,41.37,75.24,4.31,6.88,360.72,memory_leak_progressive,INC-1129
2026-03-13T04:00:00+00:00,payment-api,http_5xx_rate,36.62,55.69,16.57,192.45,619.77,db_pool_exhaustion,INC-0335
2026-04-02T10:00:00+00:00,order-service,http_5xx_rate,28.26,57.89,19.86,347.04,407.64,db_pool_exhaustion,INC-0391
2026-03-16T11:00:00+00:00,payment-api,request_latency_p99,27.45,35.54,54.27,30.88,1790.1,network_partition,INC-4310
2026-03-29T05:00:00+00:00,order-service,request_latency_p99,91.32,53.64,0.52,19.54,182.11,cpu_saturation_burst,INC-2110
2026-04-06T09:00:00+00:00,notification-svc,http_5xx_rate,95.53,62.18,50.82,230.16,2429.2,cascade_failure,INC-3238
2026-04-03T07:00:00+00:00,auth-service,request_latency_p99,10.23,20.15,1.62,7.91,66.34,normal_noisy,INC-5199
2026-03-30T10:00:00+00:00,order-service,request_latency_p99,69.01,75.37,2.17,7.59,704.53,memory_leak_progressive,INC-1211
2026-03-27T17:00:00+00:00,order-service,cpu_percent,94.01,48.83,0.95,4.17,191.14,cpu_saturation_burst,INC-2040
2026-03-19T23:00:00+00:00,auth-service,cpu_percent,44.44,33.43,0.7,19.12,212.78,normal_noisy,INC-5215
2026-03-17T15:00:00+00:00,auth-service,cpu_percent,75.27,73.47,32.07,402.02,1271.21,cascade_failure,INC-3351
2026-03-18T19:00:00+00:00,notification-svc,memory_percent,23.14,62.11,0.74,5.75,57.31,normal_noisy,INC-5096
2026-03-10T22:00:00+00:00,inventory-api,memory_percent,82.13,60.83,53.93,228.36,2027.76,cascade_failure,INC-3062
2026-04-03T14:00:00+00:00,auth-service,cpu_percent,29.88,38.24,1.74,16.26,49.88,normal_noisy,INC-5258
2026-03-14T22:00:00+00:00,notification-svc,request_latency_p99,85.1,87.97,20.29,389.96,2647.37,cascade_failure,INC-3095
2026-03-21T05:00:00+00:00,inventory-api,cpu_percent,19.67,15.73,1.2,19.7,57.09,normal_noisy,INC-5251
2026-03-21T01:00:00+00:00,inventory-api,http_5xx_rate,91.94,62.81,28.07,15.94,2444.48,cpu_saturation_burst,INC-2113
2026-03-16T03:00:00+00:00,inventory-api,db_conn_pool_wait_ms,10.12,64.24,20.25,347.07,329.14,db_pool_exhaustion,INC-0466
2026-03-09T03:00:00+00:00,auth-service,cpu_percent,70.23,88.61,52.39,81.03,1087.58,cascade_failure,INC-3061
2026-03-10T01:00:00+00:00,auth-service,request_latency_p99,94.21,68.76,1.76,13.26,142.68,cpu_saturation_burst,INC-2224
2026-03-27T16:00:00+00:00,auth-service,memory_percent,93.98,75.75,38.42,98.69,922.87,cascade_failure,INC-3454
2026-03-25T05:00:00+00:00,order-service,memory_percent,54.63,46.18,5.44,19.51,86.92,normal_noisy,INC-5467
2026-04-03T22:00:00+00:00,notification-svc,http_5xx_rate,30.37,65.45,43.28,36.09,1263.65,network_partition,INC-4349
2026-03-14T03:00:00+00:00,auth-service,db_conn_pool_wait_ms,95.6,72.01,33.62,357.77,2146.74,cascade_failure,INC-3009
2026-04-03T20:00:00+00:00,payment-api,request_latency_p99,93.32,25.62,24.81,30.84,2281.48,cpu_saturation_burst,INC-2105
2026-03-28T12:00:00+00:00,order-service,cpu_percent,71.39,97.96,39.6,322.71,1807.63,cascade_failure,INC-3489
2026-03-11T06:00:00+00:00,order-service,request_latency_p99,10.62,50.39,17.68,294.32,636.99,db_pool_exhaustion,INC-0339
2026-03-15T09:00:00+00:00,order-service,request_latency_p99,10.22,52.85,29.85,105.57,238.64,db_pool_exhaustion,INC-0216
2026-03-21T22:00:00+00:00,order-service,cpu_percent,87.96,94.66,58.15,125.22,1975.94,cascade_failure,INC-3116
2026-03-21T20:00:00+00:00,payment-api,http_5xx_rate,79.32,66.53,29.77,255.28,2324.03,cascade_failure,INC-3417
2026-04-06T11:00:00+00:00,notification-svc,http_5xx_rate,53.67,49.75,1.69,19.09,87.81,normal_noisy,INC-5015
2026-03-13T02:00:00+00:00,auth-service,cpu_percent,35.43,54.93,0.75,14.77,102.92,normal_noisy,INC-5305
2026-03-28T13:00:00+00:00,inventory-api,request_latency_p99,68.66,86.23,49.79,367.06,2270.38,cascade_failure,INC-3093
2026-03-27T16:00:00+00:00,payment-api,http_5xx_rate,42.4,39.73,44.13,18.66,1297.5,network_partition,INC-4241
2026-04-02T12:00:00+00:00,auth-service,memory_percent,93.93,87.51,58.11,284.62,2675.3,cascade_failure,INC-3185
2026-04-04T14:00:00+00:00,order-service,request_latency_p99,25.13,45.54,0.86,3.94,106.68,normal_noisy,INC-5023
2026-03-28T00:00:00+00:00,notification-svc,memory_percent,29.77,85.26,6.79,18.35,456.7,memory_leak_progressive,INC-1317
2026-03-12T03:00:00+00:00,inventory-api,http_5xx_rate,94.93,21.82,9.49,52.94,1402.67,cpu_saturation_burst,INC-2068
2026-04-07T06:00:00+00:00,auth-service,http_5xx_rate,31.62,49.15,40.05,42.45,2467.65,network_partition,INC-4004
2026-04-07T09:00:00+00:00,order-service,http_5xx_rate,16.55,32.07,28.64,136.99,465.81,db_pool_exhaustion,INC-0275
2026-04-05T06:00:00+00:00,order-service,request_latency_p99,31.96,63.51,53.52,36.04,1666.1,network_partition,INC-4245
2026-03-27T23:00:00+00:00,inventory-api,memory_percent,23.09,93.86,7.3,57.94,366.98,memory_leak_progressive,INC-1366
2026-03-10T15:00:00+00:00,order-service,db_conn_pool_wait_ms,17.52,31.89,8.46,377.89,1118.82,db_pool_exhaustion,INC-0102
2026-03-14T15:00:00+00:00,inventory-api,request_latency_p99,79.3,85.51,45.1,390.83,2393.16,cascade_failure,INC-3002
2026-03-27T21:00:00+00:00,payment-api,http_5xx_rate,39.71,38.66,58.7,40.51,111.32,network_partition,INC-4150
2026-03-25T13:00:00+00:00,notification-svc,request_latency_p99,29.57,43.17,16.28,191.93,767.93,db_pool_exhaustion,INC-0172
2026-03-11T20:00:00+00:00,payment-api,request_latency_p99,44.65,36.92,17.68,235.93,1191.77,db_pool_exhaustion,INC-0108
2026-03-22T19:00:00+00:00,auth-service,db_conn_pool_wait_ms,67.9,68.03,32.06,244.13,2967.48,cascade_failure,INC-3363
2026-03-25T00:00:00+00:00,order-service,memory_percent,96.0,71.91,51.45,334.96,1666.28,cascade_failure,INC-3022
2026-03-29T12:00:00+00:00,order-service,memory_percent,17.69,52.07,1.82,7.58,20.15,normal_noisy,INC-5488
2026-03-11T09:00:00+00:00,payment-api,request_latency_p99,42.01,38.07,35.2,49.12,1497.61,network_partition,INC-4203
2026-03-14T05:00:00+00:00,inventory-api,http_5xx_rate,21.65,51.3,29.76,33.06,2279.14,network_partition,INC-4055
2026-03-25T01:00:00+00:00,notification-svc,memory_percent,87.04,72.26,39.2,124.2,841.62,cascade_failure,INC-3265
2026-04-01T20:00:00+00:00,inventory-api,http_5xx_rate,20.26,67.71,33.88,20.55,59.01,network_partition,INC-4034
2026-03-26T11:00:00+00:00,payment-api,http_5xx_rate,76.51,75.04,37.11,160.92,1875.1,cascade_failure,INC-3463
2026-03-11T20:00:00+00:00,auth-service,http_5xx_rate,44.05,43.92,44.3,9.05,43.18,network_partition,INC-4251
2026-03-28T06:00:00+00:00,notification-svc,request_latency_p99,33.39,61.69,20.75,36.91,1186.2,network_partition,INC-4341
2026-03-10T16:00:00+00:00,order-service,memory_percent,21.69,31.96,0.72,3.75,139.6,normal_noisy,INC-5076
2026-03-15T06:00:00+00:00,notification-svc,memory_percent,84.89,77.68,50.24,354.8,1909.32,cascade_failure,INC-3425
2026-03-12T08:00:00+00:00,auth-service,request_latency_p99,15.7,67.19,28.69,90.53,514.72,db_pool_exhaustion,INC-0296
2026-03-13T22:00:00+00:00,notification-svc,request_latency_p99,21.18,68.41,3.2,28.7,104.55,memory_leak_progressive,INC-1213
2026-03-10T22:00:00+00:00,notification-svc,db_conn_pool_wait_ms,59.52,35.66,16.21,409.77,592.57,db_pool_exhaustion,INC-0073
2026-04-01T03:00:00+00:00,payment-api,cpu_percent,75.11,97.37,53.12,258.02,2515.27,cascade_failure,INC-3453
2026-03-10T16:00:00+00:00,auth-service,request_latency_p99,20.09,41.18,50.53,20.18,2344.42,network_partition,INC-4270
2026-03-30T02:00:00+00:00,inventory-api,request_latency_p99,39.05,40.12,1.48,217.79,317.73,normal_noisy,INC-5062
2026-04-03T04:00:00+00:00,payment-api,cpu_percent,20.9,29.02,1.96,5.31,39.61,normal_noisy,INC-5386
2026-03-31T02:00:00+00:00,inventory-api,db_conn_pool_wait_ms,26.38,54.6,27.26,364.01,802.56,db_pool_exhaustion,INC-0482
2026-03-12T16:00:00+00:00,order-service,http_5xx_rate,8.37,58.09,38.13,45.37,1641.84,network_partition,INC-4219
2026-03-14T19:00:00+00:00,notification-svc,http_5xx_rate,68.13,60.76,38.56,264.77,1236.84,cascade_failure,INC-3031
2026-03-24T06:00:00+00:00,payment-api,http_5xx_rate,30.32,50.49,26.69,39.0,2540.69,network_partition,INC-4116
2026-03-27T05:00:00+00:00,payment-api,http_5xx_rate,72.29,84.06,20.0,226.99,1445.73,cascade_failure,INC-3015
2026-04-02T11:00:00+00:00,notification-svc,memory_percent,76.48,33.93,0.03,15.56,166.62,normal_noisy,INC-5461
2026-03-13T21:00:00+00:00,auth-service,request_latency_p99,91.95,46.79,16.89,53.54,1409.66,cpu_saturation_burst,INC-2491
2026-04-03T01:00:00+00:00,notification-svc,request_latency_p99,96.01,40.85,1.92,3.39,248.88,cpu_saturation_burst,INC-2172
2026-03-27T04:00:00+00:00,order-service,http_5xx_rate,40.9,37.56,31.14,44.4,120.49,network_partition,INC-4453
2026-03-11T12:00:00+00:00,payment-api,request_latency_p99,18.9,69.1,54.82,14.25,1039.81,network_partition,INC-4430
2026-03-22T03:00:00+00:00,order-service,http_5xx_rate,40.52,38.79,36.7,34.7,132.66,network_partition,INC-4074
2026-03-15T15:00:00+00:00,auth-service,request_latency_p99,41.06,49.5,45.01,35.45,2952.66,network_partition,INC-4217
2026-03-09T05:00:00+00:00,order-service,request_latency_p99,24.51,47.81,55.82,18.82,2296.02,network_partition,INC-4272
2026-04-07T08:00:00+00:00,auth-service,db_conn_pool_wait_ms,56.21,60.59,16.18,294.93,949.51,db_pool_exhaustion,INC-0406
2026-03-21T03:00:00+00:00,payment-api,cpu_percent,79.48,64.92,6.29,50.7,366.25,memory_leak_progressive,INC-1258
2026-03-15T23:00:00+00:00,order-service,db_conn_pool_wait_ms,77.83,79.78,53.33,315.68,1541.13,cascade_failure,INC-3457
2026-03-12T00:00:00+00:00,auth-service,request_latency_p99,23.27,40.54,45.53,29.14,64.55,network_partition,INC-4185
2026-03-30T17:00:00+00:00,order-service,db_conn_pool_wait_ms,71.79,85.05,59.93,289.63,2956.53,cascade_failure,INC-3452
2026-04-05T12:00:00+00:00,notification-svc,request_latency_p99,12.55,34.46,14.61,278.14,260.53,db_pool_exhaustion,INC-0098
2026-03-09T09:00:00+00:00,inventory-api,request_latency_p99,85.77,33.43,30.86,40.85,845.0,cpu_saturation_burst,INC-2334
2026-03-12T05:00:00+00:00,inventory-api,http_5xx_rate,24.14,41.06,24.06,36.89,101.34,network_partition,INC-4390
2026-03-24T16:00:00+00:00,payment-api,cpu_percent,84.2,82.1,4.45,54.93,110.44,memory_leak_progressive,INC-1244
2026-03-18T13:00:00+00:00,auth-service,memory_percent,69.13,88.05,3.62,50.21,383.59,memory_leak_progressive,INC-1307
2026-03-08T23:00:00+00:00,notification-svc,memory_percent,11.7,50.48,7.24,11.54,473.87,normal_noisy,INC-5270
2026-03-27T07:00:00+00:00,notification-svc,request_latency_p99,94.64,77.31,53.35,394.62,1980.93,cascade_failure,INC-3397
2026-03-18T22:00:00+00:00,order-service,http_5xx_rate,44.25,54.36,46.44,16.8,85.43,network_partition,INC-4500
2026-03-12T16:00:00+00:00,payment-api,db_conn_pool_wait_ms,82.38,62.09,36.63,249.3,833.9,cascade_failure,INC-3036
2026-03-16T02:00:00+00:00,auth-service,request_latency_p99,40.98,30.32,25.61,42.52,1317.9,network_partition,INC-4051
2026-03-24T06:00:00+00:00,auth-service,http_5xx_rate,23.65,57.04,33.17,33.75,2236.75,network_partition,INC-4011
2026-03-10T03:00:00+00:00,payment-api,request_latency_p99,56.65,69.23,6.74,354.92,338.0,db_pool_exhaustion,INC-0149
2026-03-22T14:00:00+00:00,notification-svc,cpu_percent,33.7,51.81,1.98,11.82,90.98,normal_noisy,INC-5055
2026-03-17T15:00:00+00:00,auth-service,http_5xx_rate,39.33,37.49,27.83,8.17,27.72,network_partition,INC-4054
2026-03-11T09:00:00+00:00,order-service,http_5xx_rate,76.45,94.39,51.14,190.0,2380.34,cascade_failure,INC-3403
2026-03-31T16:00:00+00:00,notification-svc,request_latency_p99,93.35,67.46,33.84,67.96,556.15,cpu_saturation_burst,INC-2316
2026-03-17T00:00:00+00:00,inventory-api,memory_percent,21.21,82.56,2.81,38.51,279.53,memory_leak_progressive,INC-1193
2026-03-26T02:00:00+00:00,order-service,request_latency_p99,34.86,83.88,2.77,40.8,617.72,memory_leak_progressive,INC-1319
2026-03-16T02:00:00+00:00,auth-service,request_latency_p99,93.62,82.98,50.58,355.16,1959.33,cascade_failure,INC-3229
2026-04-06T10:00:00+00:00,notification-svc,request_latency_p99,86.15,35.73,17.41,60.62,1651.01,cpu_saturation_burst,INC-2387
2026-03-09T17:00:00+00:00,inventory-api,request_latency_p99,23.66,59.74,29.31,49.82,2408.46,network_partition,INC-4282
2026-03-26T07:00:00+00:00,auth-service,request_latency_p99,30.41,34.32,0.04,10.45,481.19,normal_noisy,INC-5234
2026-03-20T16:00:00+00:00,inventory-api,db_conn_pool_wait_ms,75.35,75.38,29.42,406.03,2789.07,cascade_failure,INC-3100
2026-03-13T01:00:00+00:00,order-service,memory_percent,17.79,23.83,4.06,17.09,135.43,normal_noisy,INC-5111
2026-03-20T23:00:00+00:00,inventory-api,request_latency_p99,13.67,37.35,23.88,22.36,147.02,network_partition,INC-4458
2026-03-18T14:00:00+00:00,auth-service,memory_percent,26.85,87.03,6.1,22.81,197.8,memory_leak_progressive,INC-1202
2026-03-27T06:00:00+00:00,order-service,memory_percent,91.9,78.3,51.53,369.69,2685.62,cascade_failure,INC-3379
2026-03-22T01:00:00+00:00,inventory-api,request_latency_p99,33.09,38.76,0.09,9.82,77.98,normal_noisy,INC-5157
2026-03-20T15:00:00+00:00,order-service,request_latency_p99,28.76,80.0,2.24,26.63,268.02,memory_leak_progressive,INC-1422
2026-03-12T14:00:00+00:00,inventory-api,request_latency_p99,93.38,54.82,1.4,8.19,178.21,cpu_saturation_burst,INC-2425
2026-03-29T03:00:00+00:00,auth-service,memory_percent,68.68,83.56,28.83,425.48,1695.29,cascade_failure,INC-3209
2026-03-14T11:00:00+00:00,auth-service,cpu_percent,54.48,85.35,1.27,21.27,169.69,memory_leak_progressive,INC-1406
2026-03-14T01:00:00+00:00,notification-svc,request_latency_p99,35.3,34.03,21.47,262.93,333.98,db_pool_exhaustion,INC-0455
2026-03-17T08:00:00+00:00,order-service,request_latency_p99,24.29,43.88,26.29,10.72,1966.31,network_partition,INC-4186
2026-03-12T16:00:00+00:00,inventory-api,http_5xx_rate,16.07,36.8,30.56,17.3,2659.19,network_partition,INC-4305
2026-03-27T01:00:00+00:00,order-service,memory_percent,99.36,89.46,37.89,212.87,2575.08,cascade_failure,INC-3272
2026-04-04T01:00:00+00:00,order-service,request_latency_p99,47.71,62.79,18.15,413.1,1196.68,db_pool_exhaustion,INC-0168
2026-03-11T02:00:00+00:00,auth-service,request_latency_p99,59.55,68.69,2.9,17.64,141.69,memory_leak_progressive,INC-1231
2026-03-20T13:00:00+00:00,order-service,http_5xx_rate,30.29,39.95,35.64,48.5,121.36,network_partition,INC-4189
2026-04-07T08:00:00+00:00,auth-service,http_5xx_rate,97.74,47.35,1.49,12.64,241.24,cpu_saturation_burst,INC-2311
2026-03-16T03:00:00+00:00,payment-api,request_latency_p99,19.82,42.41,24.44,418.64,1171.83,db_pool_exhaustion,INC-0027
2026-04-04T17:00:00+00:00,inventory-api,http_5xx_rate,36.59,65.46,43.89,52.55,2829.71,network_partition,INC-4060
2026-03-28T21:00:00+00:00,order-service,cpu_percent,81.5,95.1,39.09,165.03,2934.36,cascade_failure,INC-3153
2026-03-09T18:00:00+00:00,payment-api,cpu_percent,87.37,63.86,45.32,169.59,2557.39,cascade_failure,INC-3123
2026-03-13T22:00:00+00:00,order-service,memory_percent,67.22,63.96,5.08,26.7,141.71,memory_leak_progressive,INC-1088
2026-03-21T08:00:00+00:00,order-service,request_latency_p99,14.62,38.99,43.44,32.92,55.35,network_partition,INC-4017
2026-03-21T05:00:00+00:00,notification-svc,cpu_percent,46.53,88.14,1.94,44.8,247.25,memory_leak_progressive,INC-1498
2026-03-27T08:00:00+00:00,payment-api,cpu_percent,97.43,49.75,16.04,19.99,485.69,cpu_saturation_burst,INC-2177
2026-03-28T16:00:00+00:00,inventory-api,http_5xx_rate,75.81,89.34,35.87,190.26,1292.18,cascade_failure,INC-3201
2026-04-06T14:00:00+00:00,auth-service,http_5xx_rate,91.96,27.43,17.37,70.91,581.4,cpu_saturation_burst,INC-2041
2026-03-26T03:00:00+00:00,payment-api,request_latency_p99,53.37,48.16,11.2,362.98,436.66,db_pool_exhaustion,INC-0034
2026-04-02T20:00:00+00:00,payment-api,cpu_percent,76.64,68.7,57.98,167.89,985.42,cascade_failure,INC-3310
2026-03-27T16:00:00+00:00,notification-svc,cpu_percent,6.66,38.48,0.97,8.22,80.36,normal_noisy,INC-5127
2026-03-21T15:00:00+00:00,payment-api,http_5xx_rate,85.62,44.27,7.91,65.08,1462.89,cpu_saturation_burst,INC-2380
2026-03-19T08:00:00+00:00,auth-service,db_conn_pool_wait_ms,30.84,39.3,14.19,319.47,566.39,db_pool_exhaustion,INC-0042
2026-03-29T17:00:00+00:00,inventory-api,db_conn_pool_wait_ms,86.45,85.32,38.38,366.89,905.04,cascade_failure,INC-3292
2026-03-22T09:00:00+00:00,auth-service,http_5xx_rate,16.0,40.05,31.54,39.96,2984.25,network_partition,INC-4190
2026-03-28T04:00:00+00:00,inventory-api,request_latency_p99,38.63,27.62,9.88,13.74,511.22,normal_noisy,INC-5107
2026-03-09T00:00:00+00:00,notification-svc,db_conn_pool_wait_ms,93.95,68.78,54.26,170.65,874.89,cascade_failure,INC-3473
2026-03-31T19:00:00+00:00,auth-service,http_5xx_rate,25.98,63.07,45.21,10.45,1009.34,network_partition,INC-4290
2026-03-09T17:00:00+00:00,auth-service,db_conn_pool_wait_ms,67.06,96.17,31.76,114.39,970.81,cascade_failure,INC-3426
2026-03-09T00:00:00+00:00,inventory-api,memory_percent,35.27,91.93,1.63,22.88,565.36,memory_leak_progressive,INC-1110
2026-03-25T04:00:00+00:00,auth-service,http_5xx_rate,88.22,21.87,5.44,22.74,1905.13,cpu_saturation_burst,INC-2133
2026-03-10T17:00:00+00:00,inventory-api,request_latency_p99,50.21,58.62,23.47,249.94,331.06,db_pool_exhaustion,INC-0029
2026-04-06T17:00:00+00:00,order-service,request_latency_p99,56.85,51.84,20.42,433.35,491.89,db_pool_exhaustion,INC-0442
2026-03-25T15:00:00+00:00,order-service,http_5xx_rate,35.96,69.51,49.71,37.38,2884.57,network_partition,INC-4356
2026-03-16T06:00:00+00:00,auth-service,cpu_percent,30.23,40.72,0.63,8.63,71.75,normal_noisy,INC-5299
2026-04-06T01:00:00+00:00,order-service,db_conn_pool_wait_ms,22.2,52.96,22.11,420.84,260.83,db_pool_exhaustion,INC-0494
2026-03-11T21:00:00+00:00,payment-api,http_5xx_rate,98.62,50.85,0.47,19.8,205.76,cpu_saturation_burst,INC-2259
2026-03-08T23:00:00+00:00,notification-svc,cpu_percent,97.01,60.84,24.99,19.55,463.6,cpu_saturation_burst,INC-2302
2026-03-23T18:00:00+00:00,payment-api,request_latency_p99,15.83,50.09,21.0,23.04,1047.42,network_partition,INC-4366
2026-03-27T14:00:00+00:00,payment-api,request_latency_p99,97.8,28.53,5.07,26.03,1126.85,cpu_saturation_burst,INC-2383
2026-03-14T08:00:00+00:00,order-service,request_latency_p99,89.41,29.24,30.41,33.22,662.53,cpu_saturation_burst,INC-2305
2026-03-16T11:00:00+00:00,order-service,request_latency_p99,54.11,55.54,18.05,357.73,912.75,db_pool_exhaustion,INC-0237
2026-03-28T07:00:00+00:00,inventory-api,request_latency_p99,55.19,93.46,1.86,8.97,622.74,memory_leak_progressive,INC-1052
2026-03-12T06:00:00+00:00,inventory-api,cpu_percent,21.38,78.86,5.17,34.59,435.33,memory_leak_progressive,INC-1021
2026-03-20T16:00:00+00:00,auth-service,request_latency_p99,18.75,41.55,49.07,17.74,38.74,network_partition,INC-4447
2026-03-20T13:00:00+00:00,notification-svc,request_latency_p99,92.66,38.38,8.64,45.87,1163.28,cpu_saturation_burst,INC-2233
2026-04-02T15:00:00+00:00,notification-svc,cpu_percent,87.69,65.83,20.11,65.59,1911.87,cpu_saturation_burst,INC-2139
2026-03-10T18:00:00+00:00,payment-api,memory_percent,28.58,89.38,6.73,18.09,499.51,memory_leak_progressive,INC-1221
2026-03-23T20:00:00+00:00,auth-service,request_latency_p99,78.92,77.6,4.02,5.64,575.3,memory_leak_progressive,INC-1236
2026-03-12T14:00:00+00:00,notification-svc,cpu_percent,24.41,54.98,1.84,16.08,29.99,normal_noisy,INC-5154
2026-03-28T18:00:00+00:00,inventory-api,db_conn_pool_wait_ms,85.99,61.66,44.96,202.3,2112.08,cascade_failure,INC-3251
2026-03-24T19:00:00+00:00,auth-service,http_5xx_rate,47.26,55.2,26.28,326.13,355.21,db_pool_exhaustion,INC-0059
2026-03-24T14:00:00+00:00,auth-service,cpu_percent,68.29,91.19,3.13,23.78,279.38,memory_leak_progressive,INC-1132
2026-03-13T06:00:00+00:00,inventory-api,http_5xx_rate,98.81,35.1,2.31,16.01,192.16,cpu_saturation_burst,INC-2182
2026-04-02T02:00:00+00:00,order-service,request_latency_p99,19.07,68.73,46.54,17.09,1090.64,network_partition,INC-4204
2026-03-08T20:00:00+00:00,auth-service,cpu_percent,26.84,76.95,5.11,39.07,556.6,memory_leak_progressive,INC-1093
2026-03-31T20:00:00+00:00,notification-svc,cpu_percent,86.11,70.64,0.49,4.35,84.92,cpu_saturation_burst,INC-2304
2026-03-13T08:00:00+00:00,notification-svc,http_5xx_rate,91.93,36.33,23.5,33.17,1074.93,cpu_saturation_burst,INC-2388
2026-03-23T01:00:00+00:00,notification-svc,request_latency_p99,32.12,49.12,0.17,10.44,75.08,normal_noisy,INC-5116
2026-04-02T00:00:00+00:00,order-service,cpu_percent,21.25,40.56,0.23,8.73,27.49,normal_noisy,INC-5131
2026-03-12T20:00:00+00:00,notification-svc,cpu_percent,80.71,95.43,52.9,333.37,1711.47,cascade_failure,INC-3346
2026-04-04T05:00:00+00:00,auth-service,request_latency_p99,16.52,86.57,3.34,5.11,181.67,memory_leak_progressive,INC-1440
2026-03-17T04:00:00+00:00,inventory-api,cpu_percent,15.43,53.52,1.1,9.52,133.32,normal_noisy,INC-5289
2026-03-13T09:00:00+00:00,order-service,request_latency_p99,93.77,59.53,12.18,32.8,1629.97,cpu_saturation_burst,INC-2250
2026-03-26T01:00:00+00:00,payment-api,request_latency_p99,73.47,93.51,2.1,21.65,778.36,memory_leak_progressive,INC-1405
2026-03-28T04:00:00+00:00,notification-svc,request_latency_p99,41.72,25.47,1.34,8.46,51.52,normal_noisy,INC-5044
2026-03-10T18:00:00+00:00,auth-service,cpu_percent,86.27,71.05,21.7,35.07,1548.84,cpu_saturation_burst,INC-2280
2026-04-04T14:00:00+00:00,notification-svc,request_latency_p99,11.4,55.96,26.35,30.0,2005.09,network_partition,INC-4403
2026-03-14T11:00:00+00:00,auth-service,request_latency_p99,23.76,33.71,1.45,18.6,92.52,normal_noisy,INC-5460
2026-03-22T19:00:00+00:00,notification-svc,request_latency_p99,11.05,30.75,25.47,47.57,66.22,network_partition,INC-4127
2026-04-05T04:00:00+00:00,inventory-api,http_5xx_rate,42.62,56.71,54.28,28.32,132.45,network_partition,INC-4388
2026-03-27T12:00:00+00:00,payment-api,request_latency_p99,17.6,69.27,48.77,46.87,26.94,network_partition,INC-4043
2026-03-22T21:00:00+00:00,auth-service,request_latency_p99,91.98,29.5,6.37,17.1,1864.4,cpu_saturation_burst,INC-2143
2026-03-30T04:00:00+00:00,order-service,http_5xx_rate,40.25,33.14,50.31,39.25,28.98,network_partition,INC-4382
2026-03-14T22:00:00+00:00,notification-svc,cpu_percent,44.45,84.3,6.97,11.27,200.51,memory_leak_progressive,INC-1207
2026-03-22T23:00:00+00:00,auth-service,cpu_percent,5.6,24.34,1.93,6.62,123.38,normal_noisy,INC-5142
2026-04-02T00:00:00+00:00,notification-svc,request_latency_p99,85.68,58.34,20.96,33.48,2036.83,cpu_saturation_burst,INC-2023
2026-03-08T22:00:00+00:00,payment-api,memory_percent,41.87,96.52,3.88,17.39,126.53,memory_leak_progressive,INC-1246
2026-03-26T12:00:00+00:00,notification-svc,cpu_percent,97.15,65.73,42.16,313.81,1514.73,cascade_failure,INC-3047
2026-03-14T13:00:00+00:00,notification-svc,http_5xx_rate,37.78,57.88,31.01,9.85,12.79,network_partition,INC-4358
2026-03-12T23:00:00+00:00,payment-api,http_5xx_rate,41.74,52.91,50.19,54.87,2483.9,network_partition,INC-4047
2026-03-30T00:00:00+00:00,inventory-api,cpu_percent,80.32,83.35,7.76,45.19,285.8,memory_leak_progressive,INC-1014
2026-04-04T01:00:00+00:00,order-service,http_5xx_rate,42.71,68.79,29.61,338.28,488.23,db_pool_exhaustion,INC-0082
2026-03-14T04:00:00+00:00,payment-api,http_5xx_rate,26.78,38.57,1.14,18.78,61.3,normal_noisy,INC-5162
2026-03-14T16:00:00+00:00,order-service,request_latency_p99,88.29,47.85,24.63,79.02,663.57,cpu_saturation_burst,INC-2309
2026-03-14T12:00:00+00:00,order-service,http_5xx_rate,30.46,50.3,25.65,44.77,2029.8,network_partition,INC-4496
2026-04-07T01:00:00+00:00,inventory-api,memory_percent,56.64,76.14,0.91,27.23,181.22,memory_leak_progressive,INC-1415
2026-03-12T23:00:00+00:00,payment-api,http_5xx_rate,86.87,41.52,0.82,14.06,168.52,cpu_saturation_burst,INC-2405
2026-03-30T12:00:00+00:00,order-service,memory_percent,84.94,71.76,50.91,266.51,983.76,cascade_failure,INC-3148
2026-03-18T21:00:00+00:00,payment-api,request_latency_p99,18.96,54.86,0.7,4.96,30.76,normal_noisy,INC-5261
2026-03-24T10:00:00+00:00,payment-api,http_5xx_rate,97.87,56.27,8.12,63.46,1249.36,cpu_saturation_burst,INC-2109
2026-03-23T07:00:00+00:00,order-service,db_conn_pool_wait_ms,42.63,69.68,29.99,371.54,716.46,db_pool_exhaustion,INC-0151
2026-03-17T06:00:00+00:00,auth-service,cpu_percent,37.53,35.93,0.03,5.47,42.75,normal_noisy,INC-5227
2026-03-11T05:00:00+00:00,notification-svc,cpu_percent,34.01,87.92,6.0,16.94,658.47,memory_leak_progressive,INC-1275
2026-03-20T17:00:00+00:00,notification-svc,request_latency_p99,53.21,58.93,17.99,311.56,568.23,db_pool_exhaustion,INC-0330
2026-03-25T11:00:00+00:00,notification-svc,http_5xx_rate,44.12,35.59,10.0,272.08,207.36,db_pool_exhaustion,INC-0007
2026-04-07T00:00:00+00:00,inventory-api,cpu_percent,51.25,92.75,7.45,59.99,687.44,memory_leak_progressive,INC-1444
2026-03-20T08:00:00+00:00,order-service,memory_percent,29.02,76.77,6.89,30.29,604.58,memory_leak_progressive,INC-1323
2026-03-17T10:00:00+00:00,notification-svc,cpu_percent,62.41,94.48,3.36,58.89,390.73,memory_leak_progressive,INC-1235
2026-03-12T02:00:00+00:00,inventory-api,cpu_percent,32.97,92.14,2.95,52.91,735.21,memory_leak_progressive,INC-1410
2026-03-22T22:00:00+00:00,notification-svc,http_5xx_rate,58.56,66.76,23.88,446.98,809.43,db_pool_exhaustion,INC-0469
2026-03-24T14:00:00+00:00,order-service,http_5xx_rate,28.84,54.75,6.0,367.08,661.73,db_pool_exhaustion,INC-0182
2026-03-28T07:00:00+00:00,auth-service,db_conn_pool_wait_ms,43.98,38.56,7.48,248.87,406.99,db_pool_exhaustion,INC-0165
2026-03-31T19:00:00+00:00,payment-api,db_conn_pool_wait_ms,97.7,83.2,51.74,400.61,2742.02,cascade_failure,INC-3024
2026-03-10T20:00:00+00:00,inventory-api,request_latency_p99,37.45,67.78,15.98,371.31,468.51,db_pool_exhaustion,INC-0452
2026-03-15T00:00:00+00:00,notification-svc,http_5xx_rate,23.91,32.13,23.45,342.88,371.0,db_pool_exhaustion,INC-0491
2026-03-20T04:00:00+00:00,inventory-api,request_latency_p99,41.3,54.88,59.66,32.35,16.03,network_partition,INC-4005
2026-03-30T10:00:00+00:00,order-service,cpu_percent,90.08,69.92,16.98,34.56,793.71,cpu_saturation_burst,INC-2144
2026-03-14T19:00:00+00:00,notification-svc,request_latency_p99,91.6,68.51,2.46,11.14,64.03,cpu_saturation_burst,INC-2312
2026-03-19T08:00:00+00:00,auth-service,http_5xx_rate,37.47,56.28,25.2,31.46,60.41,network_partition,INC-4243
2026-03-13T20:00:00+00:00,inventory-api,request_latency_p99,87.02,57.67,11.04,47.78,1464.42,cpu_saturation_burst,INC-2112
2026-03-30T16:00:00+00:00,notification-svc,request_latency_p99,43.8,21.26,1.38,3.07,74.89,normal_noisy,INC-5355
2026-03-16T08:00:00+00:00,payment-api,memory_percent,75.54,63.55,50.17,239.52,1715.27,cascade_failure,INC-3478
2026-03-31T03:00:00+00:00,inventory-api,request_latency_p99,91.74,34.73,19.84,24.43,1362.13,cpu_saturation_burst,INC-2442
2026-03-28T09:00:00+00:00,notification-svc,request_latency_p99,90.82,96.63,43.25,110.79,1561.29,cascade_failure,INC-3390
2026-03-11T11:00:00+00:00,notification-svc,http_5xx_rate,98.41,51.14,0.83,15.3,130.54,cpu_saturation_burst,INC-2007
2026-04-03T10:00:00+00:00,notification-svc,http_5xx_rate,82.25,97.84,35.2,361.07,1154.51,cascade_failure,INC-3128
2026-04-07T05:00:00+00:00,auth-service,http_5xx_rate,67.18,95.78,37.02,150.96,1742.61,cascade_failure,INC-3133
2026-03-12T22:00:00+00:00,auth-service,request_latency_p99,92.11,54.89,7.45,22.28,2347.01,cpu_saturation_burst,INC-2075
2026-03-11T01:00:00+00:00,notification-svc,memory_percent,50.69,83.21,5.01,25.5,460.11,memory_leak_progressive,INC-1079
2026-03-16T05:00:00+00:00,payment-api,request_latency_p99,7.49,47.52,0.19,2.37,60.14,normal_noisy,INC-5228
2026-03-11T22:00:00+00:00,order-service,request_latency_p99,29.3,36.31,55.3,43.82,1512.06,network_partition,INC-4346
2026-03-19T02:00:00+00:00,inventory-api,http_5xx_rate,40.43,60.44,30.04,39.43,1773.25,network_partition,INC-4264
2026-03-09T15:00:00+00:00,payment-api,request_latency_p99,10.53,52.1,24.07,38.65,1122.98,network_partition,INC-4303
2026-03-19T06:00:00+00:00,auth-service,http_5xx_rate,40.31,34.05,11.83,334.38,727.4,db_pool_exhaustion,INC-0328
2026-03-21T16:00:00+00:00,order-service,request_latency_p99,68.02,62.38,53.24,192.46,1466.05,cascade_failure,INC-3291
2026-03-23T22:00:00+00:00,payment-api,http_5xx_rate,14.28,42.45,5.31,225.45,634.04,db_pool_exhaustion,INC-0443
2026-03-12T02:00:00+00:00,order-service,http_5xx_rate,67.18,60.04,59.79,200.42,810.71,cascade_failure,INC-3359
2026-03-21T21:00:00+00:00,inventory-api,http_5xx_rate,11.31,33.13,26.59,13.24,2561.93,network_partition,INC-4171
2026-03-27T13:00:00+00:00,inventory-api,memory_percent,12.48,62.79,8.69,168.45,49.27,normal_noisy,INC-5333
2026-03-22T04:00:00+00:00,order-service,request_latency_p99,48.58,96.25,0.84,9.12,452.76,memory_leak_progressive,INC-1333
2026-03-23T16:00:00+00:00,notification-svc,http_5xx_rate,40.98,45.2,57.87,59.26,2039.55,network_partition,INC-4375
2026-03-30T00:00:00+00:00,order-service,request_latency_p99,28.54,62.79,25.69,33.72,77.5,network_partition,INC-4104
2026-03-16T20:00:00+00:00,notification-svc,http_5xx_rate,86.48,36.89,22.82,24.95,2141.76,cpu_saturation_burst,INC-2415
2026-03-21T16:00:00+00:00,auth-service,http_5xx_rate,89.3,69.38,26.33,35.4,1566.73,cpu_saturation_burst,INC-2202
2026-03-17T12:00:00+00:00,payment-api,request_latency_p99,27.65,36.01,41.92,28.63,99.57,network_partition,INC-4315
2026-03-16T09:00:00+00:00,order-service,cpu_percent,88.35,57.5,6.8,59.89,1888.8,cpu_saturation_burst,INC-2500
2026-04-01T14:00:00+00:00,payment-api,memory_percent,37.87,25.92,1.39,8.71,136.2,normal_noisy,INC-5378
2026-03-31T12:00:00+00:00,notification-svc,request_latency_p99,43.86,31.18,15.03,328.66,1095.63,db_pool_exhaustion,INC-0087
2026-03-24T16:00:00+00:00,notification-svc,request_latency_p99,87.18,57.67,33.66,78.87,900.41,cpu_saturation_burst,INC-2404
2026-04-07T01:00:00+00:00,inventory-api,memory_percent,32.49,49.99,0.26,18.77,115.78,normal_noisy,INC-5427
2026-03-24T01:00:00+00:00,notification-svc,cpu_percent,87.83,25.1,0.25,7.36,90.7,cpu_saturation_burst,INC-2482
2026-03-14T02:00:00+00:00,auth-service,memory_percent,25.47,75.17,1.95,38.4,210.13,memory_leak_progressive,INC-1278
2026-04-02T00:00:00+00:00,inventory-api,request_latency_p99,84.23,83.7,1.15,7.66,689.59,memory_leak_progressive,INC-1300
2026-04-02T00:00:00+00:00,auth-service,request_latency_p99,72.1,62.18,57.66,433.76,1438.38,cascade_failure,INC-3167
2026-04-06T04:00:00+00:00,notification-svc,request_latency_p99,15.32,69.96,21.64,409.22,850.13,db_pool_exhaustion,INC-0055
2026-03-26T05:00:00+00:00,payment-api,http_5xx_rate,28.87,63.84,26.51,53.45,1001.74,network_partition,INC-4363
2026-04-05T00:00:00+00:00,inventory-api,cpu_percent,88.61,71.96,0.04,6.97,90.51,cpu_saturation_burst,INC-2288
2026-03-10T07:00:00+00:00,order-service,db_conn_pool_wait_ms,69.48,62.13,53.38,283.13,2535.24,cascade_failure,INC-3168
2026-03-13T19:00:00+00:00,notification-svc,memory_percent,29.5,25.48,1.35,8.82,126.95,normal_noisy,INC-5087
2026-03-18T21:00:00+00:00,inventory-api,request_latency_p99,17.14,55.37,34.37,20.51,1315.67,network_partition,INC-4155
2026-03-27T23:00:00+00:00,order-service,db_conn_pool_wait_ms,88.19,93.82,49.27,433.55,2833.72,cascade_failure,INC-3202
2026-03-22T03:00:00+00:00,order-service,request_latency_p99,93.75,71.34,2.61,11.33,83.25,cpu_saturation_burst,INC-2246
2026-03-18T01:00:00+00:00,order-service,db_conn_pool_wait_ms,19.98,64.36,27.81,101.41,412.15,db_pool_exhaustion,INC-0114
2026-04-05T14:00:00+00:00,notification-svc,cpu_percent,42.33,35.21,0.59,9.85,111.06,normal_noisy,INC-5307
2026-04-03T18:00:00+00:00,auth-service,memory_percent,73.51,95.09,4.83,40.5,321.07,memory_leak_progressive,INC-1488
2026-03-30T14:00:00+00:00,auth-service,request_latency_p99,77.43,96.97,2.23,28.21,294.97,memory_leak_progressive,INC-1002
2026-03-22T15:00:00+00:00,auth-service,request_latency_p99,29.49,22.99,0.35,15.37,142.0,normal_noisy,INC-5392
2026-03-24T05:00:00+00:00,notification-svc,request_latency_p99,94.02,26.5,13.22,54.68,872.48,cpu_saturation_burst,INC-2010
2026-03-29T14:00:00+00:00,payment-api,cpu_percent,98.97,62.36,1.53,8.68,194.89,cpu_saturation_burst,INC-2199
2026-03-14T18:00:00+00:00,notification-svc,request_latency_p99,96.56,20.44,18.7,15.73,798.72,cpu_saturation_burst,INC-2395
2026-03-26T15:00:00+00:00,order-service,cpu_percent,16.34,92.57,0.99,45.35,184.08,memory_leak_progressive,INC-1090
2026-03-27T17:00:00+00:00,order-service,memory_percent,32.8,81.39,7.24,15.11,372.46,memory_leak_progressive,INC-1269
2026-04-03T04:00:00+00:00,inventory-api,db_conn_pool_wait_ms,56.26,53.24,13.67,242.65,790.92,db_pool_exhaustion,INC-0018
2026-03-26T22:00:00+00:00,order-service,request_latency_p99,99.59,54.58,19.35,78.52,1353.34,cpu_saturation_burst,INC-2043
2026-03-11T03:00:00+00:00,order-service,http_5xx_rate,92.46,66.28,6.49,56.11,2128.95,cpu_saturation_burst,INC-2448
2026-03-23T07:00:00+00:00,notification-svc,request_latency_p99,42.53,57.5,45.05,44.63,1653.1,network_partition,INC-4464
2026-03-15T07:00:00+00:00,payment-api,http_5xx_rate,31.72,60.68,25.16,187.46,508.46,db_pool_exhaustion,INC-0286
2026-03-26T22:00:00+00:00,auth-service,cpu_percent,31.44,15.57,0.55,16.64,60.01,normal_noisy,INC-5139
2026-03-19T17:00:00+00:00,auth-service,request_latency_p99,39.51,35.86,23.7,397.66,554.8,db_pool_exhaustion,INC-0429
2026-04-01T21:00:00+00:00,auth-service,cpu_percent,96.34,40.22,25.7,60.76,2056.26,cpu_saturation_burst,INC-2329
2026-04-06T05:00:00+00:00,notification-svc,memory_percent,76.47,89.57,22.83,195.86,2865.33,cascade_failure,INC-3449
2026-04-02T06:00:00+00:00,notification-svc,cpu_percent,34.12,87.76,7.46,21.61,556.83,memory_leak_progressive,INC-1170
2026-03-09T13:00:00+00:00,payment-api,request_latency_p99,33.37,61.39,5.45,176.52,309.14,db_pool_exhaustion,INC-0032
2026-03-18T06:00:00+00:00,notification-svc,http_5xx_rate,92.12,58.59,2.13,19.75,61.62,cpu_saturation_burst,INC-2342
2026-03-27T02:00:00+00:00,order-service,memory_percent,81.88,90.97,4.04,59.22,556.77,memory_leak_progressive,INC-1223
2026-03-28T07:00:00+00:00,auth-service,memory_percent,28.59,83.47,6.24,10.53,488.77,memory_leak_progressive,INC-1452
2026-03-23T17:00:00+00:00,auth-service,http_5xx_rate,88.64,95.56,57.5,295.06,2901.41,cascade_failure,INC-3415
2026-03-19T01:00:00+00:00,payment-api,request_latency_p99,18.83,47.71,30.16,45.19,42.23,network_partition,INC-4294
2026-03-09T17:00:00+00:00,auth-service,request_latency_p99,31.5,47.3,11.33,111.75,975.79,db_pool_exhaustion,INC-0215
2026-03-26T14:00:00+00:00,payment-api,cpu_percent,54.73,90.59,3.21,19.83,455.99,memory_leak_progressive,INC-1490
2026-04-02T23:00:00+00:00,inventory-api,request_latency_p99,89.11,22.26,1.25,13.87,164.35,cpu_saturation_burst,INC-2165
2026-04-04T13:00:00+00:00,order-service,memory_percent,11.74,56.44,1.67,9.93,268.33,normal_noisy,INC-5293
2026-03-30T17:00:00+00:00,inventory-api,http_5xx_rate,28.17,47.93,27.71,30.5,1902.51,network_partition,INC-4006
2026-03-13T09:00:00+00:00,order-service,db_conn_pool_wait_ms,39.15,53.41,21.43,301.07,920.22,db_pool_exhaustion,INC-0327
2026-04-03T00:00:00+00:00,payment-api,request_latency_p99,49.78,94.9,2.09,44.61,269.49,memory_leak_progressive,INC-1061
2026-03-09T16:00:00+00:00,inventory-api,request_latency_p99,97.24,65.34,33.36,76.63,483.53,cpu_saturation_burst,INC-2384
2026-03-28T08:00:00+00:00,order-service,http_5xx_rate,85.1,83.06,23.21,362.38,1889.47,cascade_failure,INC-3225
2026-03-09T16:00:00+00:00,auth-service,request_latency_p99,95.94,31.1,1.51,18.1,73.26,cpu_saturation_burst,INC-2087
2026-03-30T05:00:00+00:00,inventory-api,http_5xx_rate,8.87,44.5,1.8,10.94,58.54,normal_noisy,INC-5184
2026-03-30T15:00:00+00:00,auth-service,request_latency_p99,43.92,59.87,17.91,354.42,803.94,db_pool_exhaustion,INC-0342
2026-03-24T12:00:00+00:00,auth-service,db_conn_pool_wait_ms,98.89,77.83,35.03,255.33,2570.54,cascade_failure,INC-3154
2026-03-14T14:00:00+00:00,payment-api,http_5xx_rate,15.79,45.6,29.97,393.58,392.59,db_pool_exhaustion,INC-0148
2026-04-04T18:00:00+00:00,inventory-api,http_5xx_rate,40.92,60.39,28.26,30.93,2623.83,network_partition,INC-4340
2026-03-16T02:00:00+00:00,payment-api,http_5xx_rate,34.44,37.38,48.78,29.77,1001.3,network_partition,INC-4413
2026-03-16T07:00:00+00:00,order-service,http_5xx_rate,88.38,50.56,19.12,52.06,1255.05,cpu_saturation_burst,INC-2108
2026-03-20T16:00:00+00:00,auth-service,request_latency_p99,55.94,78.7,3.0,30.55,431.98,memory_leak_progressive,INC-1349
2026-03-22T03:00:00+00:00,notification-svc,memory_percent,15.71,76.24,4.06,59.19,576.19,memory_leak_progressive,INC-1467
2026-03-15T04:00:00+00:00,notification-svc,cpu_percent,96.55,32.44,17.72,65.72,1154.39,cpu_saturation_burst,INC-2073
2026-03-24T19:00:00+00:00,notification-svc,request_latency_p99,37.47,37.37,52.09,52.46,99.52,network_partition,INC-4465
2026-03-31T12:00:00+00:00,order-service,db_conn_pool_wait_ms,75.97,71.8,32.12,222.78,1926.19,cascade_failure,INC-3406
2026-03-13T20:00:00+00:00,auth-service,db_conn_pool_wait_ms,51.16,51.56,25.48,415.2,292.76,db_pool_exhaustion,INC-0156
2026-03-14T23:00:00+00:00,payment-api,memory_percent,56.66,90.73,2.48,59.35,177.54,memory_leak_progressive,INC-1166
2026-03-22T20:00:00+00:00,notification-svc,cpu_percent,60.93,91.19,7.33,30.9,104.04,memory_leak_progressive,INC-1162
2026-03-26T04:00:00+00:00,payment-api,request_latency_p99,96.96,69.54,10.91,26.75,2175.33,cpu_saturation_burst,INC-2003
2026-03-17T14:00:00+00:00,order-service,http_5xx_rate,38.18,61.01,37.29,43.85,15.75,network_partition,INC-4342
2026-04-03T22:00:00+00:00,payment-api,http_5xx_rate,39.63,16.14,0.89,4.77,67.48,normal_noisy,INC-5017
2026-03-31T07:00:00+00:00,order-service,http_5xx_rate,49.33,43.23,26.97,201.37,573.06,db_pool_exhaustion,INC-0177
2026-03-24T09:00:00+00:00,order-service,http_5xx_rate,16.96,23.04,0.89,6.09,104.96,normal_noisy,INC-5155
2026-03-25T00:00:00+00:00,auth-service,db_conn_pool_wait_ms,76.73,80.33,20.17,87.04,815.9,cascade_failure,INC-3380
2026-03-09T21:00:00+00:00,payment-api,request_latency_p99,86.77,90.05,44.8,359.95,2278.01,cascade_failure,INC-3025
2026-03-27T13:00:00+00:00,notification-svc,request_latency_p99,11.88,49.38,0.78,5.19,139.41,normal_noisy,INC-5318
2026-03-09T00:00:00+00:00,inventory-api,cpu_percent,95.94,31.39,20.93,35.96,590.62,cpu_saturation_burst,INC-2204
2026-03-13T03:00:00+00:00,notification-svc,http_5xx_rate,25.8,60.88,21.54,142.26,573.66,db_pool_exhaustion,INC-0025
2026-03-20T06:00:00+00:00,auth-service,http_5xx_rate,14.52,53.05,0.74,3.87,130.99,normal_noisy,INC-5311
2026-03-19T05:00:00+00:00,payment-api,request_latency_p99,82.82,34.11,4.47,3.4,108.48,normal_noisy,INC-5310
2026-03-29T11:00:00+00:00,payment-api,http_5xx_rate,38.41,33.18,59.45,32.15,126.93,network_partition,INC-4078
2026-03-27T11:00:00+00:00,order-service,request_latency_p99,16.11,68.26,42.64,59.01,2704.49,network_partition,INC-4300
2026-04-06T14:00:00+00:00,inventory-api,request_latency_p99,32.92,87.42,1.4,14.86,233.38,memory_leak_progressive,INC-1376
2026-03-17T03:00:00+00:00,notification-svc,memory_percent,28.73,29.23,1.62,17.08,148.11,normal_noisy,INC-5400
2026-04-05T22:00:00+00:00,order-service,request_latency_p99,41.07,97.66,2.96,34.1,662.04,memory_leak_progressive,INC-1439
2026-03-11T20:00:00+00:00,order-service,request_latency_p99,64.32,45.4,0.4,6.6,121.05,normal_noisy,INC-5198
2026-04-04T01:00:00+00:00,auth-service,cpu_percent,95.76,68.92,47.21,269.38,1874.4,cascade_failure,INC-3053
2026-03-16T12:00:00+00:00,notification-svc,request_latency_p99,57.13,68.03,15.28,301.71,867.4,db_pool_exhaustion,INC-0347
2026-03-20T23:00:00+00:00,payment-api,http_5xx_rate,8.44,49.46,0.89,18.38,106.94,normal_noisy,INC-5008
2026-04-01T15:00:00+00:00,payment-api,cpu_percent,37.11,54.61,1.88,18.2,101.95,normal_noisy,INC-5472
2026-03-26T11:00:00+00:00,inventory-api,request_latency_p99,14.17,58.77,51.78,9.77,1090.83,network_partition,INC-4038
2026-03-17T19:00:00+00:00,notification-svc,http_5xx_rate,98.88,79.06,53.31,225.68,1815.37,cascade_failure,INC-3427
2026-03-10T07:00:00+00:00,auth-service,db_conn_pool_wait_ms,59.06,54.71,20.26,236.64,1186.7,db_pool_exhaustion,INC-0386
2026-03-27T09:00:00+00:00,payment-api,db_conn_pool_wait_ms,74.97,72.92,20.87,398.0,2455.92,cascade_failure,INC-3330
2026-04-06T08:00:00+00:00,notification-svc,request_latency_p99,30.0,43.4,43.57,48.31,57.87,network_partition,INC-4162
2026-03-28T23:00:00+00:00,inventory-api,cpu_percent,16.81,24.86,1.76,8.07,108.98,normal_noisy,INC-5009
2026-03-31T08:00:00+00:00,inventory-api,http_5xx_rate,28.74,60.93,46.86,21.92,140.79,network_partition,INC-4197
2026-03-22T15:00:00+00:00,inventory-api,request_latency_p99,35.78,49.26,28.04,217.96,693.51,db_pool_exhaustion,INC-0244
2026-03-14T05:00:00+00:00,auth-service,http_5xx_rate,40.25,48.6,27.86,9.8,2660.81,network_partition,INC-4087
2026-03-27T22:00:00+00:00,inventory-api,request_latency_p99,83.39,76.58,42.21,162.49,1793.57,cascade_failure,INC-3327
2026-03-12T10:00:00+00:00,auth-service,request_latency_p99,15.09,97.85,5.74,41.03,388.48,memory_leak_progressive,INC-1437
2026-04-01T18:00:00+00:00,notification-svc,request_latency_p99,96.76,91.29,46.53,135.98,1895.07,cascade_failure,INC-3190
2026-03-27T18:00:00+00:00,payment-api,cpu_percent,26.52,52.75,0.03,7.31,145.65,normal_noisy,INC-5081
2026-03-28T18:00:00+00:00,payment-api,http_5xx_rate,24.4,58.95,6.66,381.97,1062.55,db_pool_exhaustion,INC-0313
2026-03-20T13:00:00+00:00,order-service,cpu_percent,85.57,30.71,26.5,63.61,2121.39,cpu_saturation_burst,INC-2460
2026-03-12T13:00:00+00:00,auth-service,cpu_percent,14.79,44.17,1.2,14.87,106.54,normal_noisy,INC-5426
2026-03-18T02:00:00+00:00,notification-svc,http_5xx_rate,38.65,61.46,29.12,37.52,1832.11,network_partition,INC-4108
2026-03-30T16:00:00+00:00,inventory-api,request_latency_p99,94.02,37.6,16.54,33.01,2276.11,cpu_saturation_burst,INC-2333
2026-03-13T12:00:00+00:00,order-service,cpu_percent,53.58,81.34,2.73,13.73,265.9,memory_leak_progressive,INC-1469
2026-03-31T08:00:00+00:00,notification-svc,http_5xx_rate,99.94,33.9,18.32,45.8,2361.8,cpu_saturation_burst,INC-2455
2026-03-29T07:00:00+00:00,notification-svc,request_latency_p99,65.28,60.77,2.94,56.08,555.97,memory_leak_progressive,INC-1161
2026-03-28T15:00:00+00:00,order-service,request_latency_p99,68.3,65.07,52.32,274.15,1240.61,cascade_failure,INC-3435
2026-04-07T05:00:00+00:00,auth-service,cpu_percent,75.3,76.88,1.47,38.73,560.64,memory_leak_progressive,INC-1436
2026-03-20T10:00:00+00:00,auth-service,db_conn_pool_wait_ms,22.99,35.41,7.92,328.51,303.32,db_pool_exhaustion,INC-0371
2026-03-11T15:00:00+00:00,payment-api,request_latency_p99,69.57,85.23,2.24,12.84,434.48,memory_leak_progressive,INC-1067
2026-04-04T15:00:00+00:00,order-service,request_latency_p99,71.56,71.24,46.2,147.12,2397.51,cascade_failure,INC-3474
2026-04-05T17:00:00+00:00,inventory-api,cpu_percent,88.91,86.74,25.81,256.17,1984.01,cascade_failure,INC-3355
2026-03-16T02:00:00+00:00,payment-api,http_5xx_rate,87.71,33.18,31.8,25.85,1347.67,cpu_saturation_burst,INC-2025
2026-03-24T00:00:00+00:00,inventory-api,cpu_percent,19.81,62.0,5.05,49.86,699.11,memory_leak_progressive,INC-1325
2026-03-29T00:00:00+00:00,auth-service,request_latency_p99,55.2,88.18,3.72,24.28,654.78,memory_leak_progressive,INC-1483
2026-03-19T06:00:00+00:00,payment-api,request_latency_p99,25.04,41.21,1.63,11.01,115.16,normal_noisy,INC-5173
2026-03-25T01:00:00+00:00,auth-service,request_latency_p99,24.69,48.34,0.87,4.49,124.66,normal_noisy,INC-5457
2026-03-17T13:00:00+00:00,payment-api,memory_percent,67.8,63.5,47.22,390.85,1750.33,cascade_failure,INC-3146
2026-03-12T18:00:00+00:00,notification-svc,request_latency_p99,42.05,33.87,1.59,10.7,373.01,normal_noisy,INC-5083
2026-03-17T09:00:00+00:00,notification-svc,request_latency_p99,42.59,38.09,20.33,34.03,124.34,network_partition,INC-4246
2026-03-10T11:00:00+00:00,auth-service,http_5xx_rate,41.15,59.74,34.99,49.09,1078.22,network_partition,INC-4119
2026-03-19T08:00:00+00:00,notification-svc,cpu_percent,63.87,79.82,1.25,58.66,347.13,memory_leak_progressive,INC-1314
2026-03-16T20:00:00+00:00,order-service,db_conn_pool_wait_ms,98.35,73.41,40.57,180.68,825.79,cascade_failure,INC-3293
2026-04-03T07:00:00+00:00,order-service,cpu_percent,90.46,20.46,1.97,9.15,223.57,cpu_saturation_burst,INC-2431
2026-04-04T04:00:00+00:00,auth-service,request_latency_p99,57.7,77.62,3.42,17.96,478.33,memory_leak_progressive,INC-1279
2026-03-20T05:00:00+00:00,payment-api,memory_percent,84.98,85.72,33.38,263.13,2559.67,cascade_failure,INC-3250
2026-04-04T05:00:00+00:00,payment-api,request_latency_p99,93.8,25.67,24.92,19.29,2297.84,cpu_saturation_burst,INC-2321
2026-03-10T20:00:00+00:00,payment-api,http_5xx_rate,15.39,39.75,32.8,52.99,2965.42,network_partition,INC-4400
2026-03-24T19:00:00+00:00,payment-api,request_latency_p99,32.85,33.62,1.05,14.32,63.32,normal_noisy,INC-5372
2026-03-23T23:00:00+00:00,payment-api,request_latency_p99,91.98,65.24,21.94,40.05,2335.43,cpu_saturation_burst,INC-2053
2026-03-20T02:00:00+00:00,auth-service,request_latency_p99,20.35,43.11,45.01,35.57,1749.35,network_partition,INC-4322
2026-03-30T07:00:00+00:00,order-service,http_5xx_rate,94.54,26.66,27.61,69.99,725.76,cpu_saturation_burst,INC-2014
2026-03-30T09:00:00+00:00,auth-service,db_conn_pool_wait_ms,97.47,70.48,20.72,212.7,1243.83,cascade_failure,INC-3429
2026-03-24T08:00:00+00:00,notification-svc,request_latency_p99,85.45,47.26,32.69,38.26,1494.72,cpu_saturation_burst,INC-2402
2026-03-18T10:00:00+00:00,payment-api,cpu_percent,67.82,87.97,24.19,179.32,2152.96,cascade_failure,INC-3323
2026-04-06T17:00:00+00:00,order-service,http_5xx_rate,29.84,52.44,31.61,38.46,2420.71,network_partition,INC-4248
2026-03-10T14:00:00+00:00,auth-service,request_latency_p99,14.71,50.62,45.78,7.34,1551.59,network_partition,INC-4494
2026-03-12T06:00:00+00:00,order-service,http_5xx_rate,27.54,48.17,0.44,19.61,138.51,normal_noisy,INC-5092
2026-04-01T22:00:00+00:00,auth-service,db_conn_pool_wait_ms,53.73,43.57,18.27,412.83,448.41,db_pool_exhaustion,INC-0127
2026-03-19T15:00:00+00:00,payment-api,http_5xx_rate,36.88,31.78,48.95,13.32,1536.31,network_partition,INC-4092
2026-03-22T08:00:00+00:00,order-service,http_5xx_rate,33.46,46.35,32.74,24.8,1393.79,network_partition,INC-4135
2026-03-21T01:00:00+00:00,inventory-api,memory_percent,81.74,84.88,5.28,12.54,313.57,memory_leak_progressive,INC-1388
2026-04-06T23:00:00+00:00,payment-api,request_latency_p99,16.5,47.25,55.11,52.68,49.88,network_partition,INC-4457
2026-03-10T07:00:00+00:00,notification-svc,http_5xx_rate,90.21,28.23,0.18,13.63,97.19,cpu_saturation_burst,INC-2348
2026-03-28T17:00:00+00:00,payment-api,http_5xx_rate,90.75,58.75,0.81,6.51,107.28,cpu_saturation_burst,INC-2008
2026-03-26T16:00:00+00:00,order-service,db_conn_pool_wait_ms,54.76,32.8,19.37,401.45,667.27,db_pool_exhaustion,INC-0356
2026-04-04T21:00:00+00:00,inventory-api,request_latency_p99,88.05,36.57,0.83,14.62,201.15,cpu_saturation_burst,INC-2004
2026-03-14T06:00:00+00:00,order-service,request_latency_p99,99.46,28.84,27.23,64.19,2243.93,cpu_saturation_burst,INC-2484
2026-03-11T00:00:00+00:00,notification-svc,cpu_percent,79.01,77.6,1.66,41.29,525.01,memory_leak_progressive,INC-1183
2026-03-22T05:00:00+00:00,inventory-api,request_latency_p99,47.0,93.29,6.32,56.86,647.33,memory_leak_progressive,INC-1328
2026-03-30T17:00:00+00:00,notification-svc,request_latency_p99,30.63,34.43,1.49,19.99,38.28,normal_noisy,INC-5351
2026-04-01T15:00:00+00:00,payment-api,http_5xx_rate,14.64,57.69,57.84,44.06,2587.17,network_partition,INC-4205
2026-03-15T20:00:00+00:00,notification-svc,http_5xx_rate,14.64,15.01,1.42,8.07,23.26,normal_noisy,INC-5192
2026-03-22T00:00:00+00:00,payment-api,cpu_percent,19.73,96.17,3.42,7.8,718.52,memory_leak_progressive,INC-1485
2026-03-15T11:00:00+00:00,order-service,cpu_percent,91.11,64.0,28.67,25.87,1939.49,cpu_saturation_burst,INC-2234
2026-03-23T18:00:00+00:00,payment-api,memory_percent,32.48,31.7,1.45,16.1,84.69,normal_noisy,INC-5054
2026-03-12T09:00:00+00:00,payment-api,memory_percent,66.33,71.28,57.14,298.12,1211.13,cascade_failure,INC-3140
2026-03-11T03:00:00+00:00,inventory-api,http_5xx_rate,16.93,41.34,21.87,268.79,1110.33,db_pool_exhaustion,INC-0141
2026-04-01T20:00:00+00:00,payment-api,db_conn_pool_wait_ms,53.09,55.69,22.26,319.85,1182.99,db_pool_exhaustion,INC-0218
2026-03-17T12:00:00+00:00,inventory-api,request_latency_p99,13.57,36.2,52.95,18.91,115.19,network_partition,INC-4466
2026-03-09T16:00:00+00:00,auth-service,db_conn_pool_wait_ms,10.61,52.26,17.81,447.72,1007.45,db_pool_exhaustion,INC-0363
2026-04-05T15:00:00+00:00,payment-api,memory_percent,41.97,47.15,0.31,13.96,93.16,normal_noisy,INC-5165
2026-04-02T12:00:00+00:00,auth-service,request_latency_p99,54.66,56.1,8.11,391.92,495.39,db_pool_exhaustion,INC-0346
2026-03-14T15:00:00+00:00,notification-svc,request_latency_p99,12.32,43.49,26.18,38.96,2941.92,network_partition,INC-4059
2026-03-22T02:00:00+00:00,auth-service,http_5xx_rate,25.86,68.12,12.27,176.99,715.06,db_pool_exhaustion,INC-0023
2026-04-06T09:00:00+00:00,notification-svc,request_latency_p99,68.3,96.04,0.47,54.88,507.94,memory_leak_progressive,INC-1212
2026-04-06T20:00:00+00:00,notification-svc,memory_percent,28.57,53.51,1.57,14.88,45.43,normal_noisy,INC-5450
2026-03-12T20:00:00+00:00,auth-service,request_latency_p99,37.85,61.36,21.61,365.48,606.39,db_pool_exhaustion,INC-0011
2026-03-12T14:00:00+00:00,auth-service,http_5xx_rate,25.87,45.16,58.7,52.28,2747.37,network_partition,INC-4417
2026-03-31T13:00:00+00:00,order-service,request_latency_p99,95.18,75.72,51.74,196.22,2775.07,cascade_failure,INC-3335
2026-03-11T06:00:00+00:00,payment-api,cpu_percent,72.4,68.24,1.15,42.32,201.56,memory_leak_progressive,INC-1294
2026-03-28T11:00:00+00:00,payment-api,cpu_percent,26.83,53.53,0.77,10.89,131.41,normal_noisy,INC-5266
2026-04-05T16:00:00+00:00,order-service,db_conn_pool_wait_ms,31.92,49.05,29.87,395.96,874.6,db_pool_exhaustion,INC-0095
2026-04-02T14:00:00+00:00,auth-service,request_latency_p99,11.5,34.76,27.92,263.3,521.53,db_pool_exhaustion,INC-0130
2026-03-18T08:00:00+00:00,payment-api,cpu_percent,68.81,86.91,25.5,104.08,2149.96,cascade_failure,INC-3401
2026-03-26T05:00:00+00:00,inventory-api,request_latency_p99,13.97,43.34,44.65,18.46,141.59,network_partition,INC-4410
2026-03-27T07:00:00+00:00,payment-api,cpu_percent,89.8,78.17,59.01,186.96,2796.54,cascade_failure,INC-3433
2026-04-06T04:00:00+00:00,order-service,request_latency_p99,42.92,29.87,1.14,13.73,48.42,normal_noisy,INC-5170
2026-03-25T21:00:00+00:00,notification-svc,http_5xx_rate,85.69,80.28,50.62,353.02,2570.57,cascade_failure,INC-3366
2026-03-20T02:00:00+00:00,order-service,request_latency_p99,69.93,75.87,26.23,306.9,2672.35,cascade_failure,INC-3159
2026-03-21T23:00:00+00:00,inventory-api,memory_percent,67.74,90.61,4.57,55.26,438.34,memory_leak_progressive,INC-1017
2026-03-12T20:00:00+00:00,payment-api,db_conn_pool_wait_ms,95.61,61.39,41.26,160.76,1288.42,cascade_failure,INC-3358
2026-03-21T12:00:00+00:00,payment-api,http_5xx_rate,98.65,51.16,18.61,52.66,2016.99,cpu_saturation_burst,INC-2278
2026-03-25T01:00:00+00:00,inventory-api,cpu_percent,35.38,94.74,0.82,32.17,737.62,memory_leak_progressive,INC-1451
2026-03-20T17:00:00+00:00,notification-svc,request_latency_p99,87.83,33.13,15.94,16.65,2157.97,cpu_saturation_burst,INC-2121
2026-03-08T15:00:00+00:00,payment-api,db_conn_pool_wait_ms,46.75,58.47,26.46,156.74,383.79,db_pool_exhaustion,INC-0420
2026-03-30T20:00:00+00:00,payment-api,cpu_percent,30.92,94.12,2.79,36.33,789.29,memory_leak_progressive,INC-1423
2026-03-29T10:00:00+00:00,inventory-api,cpu_percent,11.33,42.01,1.27,5.22,132.09,normal_noisy,INC-5229
2026-03-30T19:00:00+00:00,inventory-api,http_5xx_rate,49.6,46.07,23.06,391.43,1115.14,db_pool_exhaustion,INC-0478
2026-03-30T09:00:00+00:00,notification-svc,http_5xx_rate,30.49,35.31,53.62,42.55,2388.06,network_partition,INC-4036
2026-03-31T12:00:00+00:00,inventory-api,request_latency_p99,42.34,49.77,35.94,26.79,2610.77,network_partition,INC-4178
2026-03-30T17:00:00+00:00,order-service,cpu_percent,87.7,61.51,43.37,430.2,2323.66,cascade_failure,INC-3193
2026-03-12T02:00:00+00:00,notification-svc,http_5xx_rate,44.79,52.86,26.32,25.81,2756.58,network_partition,INC-4213
2026-03-18T14:00:00+00:00,notification-svc,http_5xx_rate,99.25,44.74,13.43,38.19,1088.38,cpu_saturation_burst,INC-2472
2026-03-14T10:00:00+00:00,order-service,cpu_percent,92.75,39.01,1.62,4.94,86.51,cpu_saturation_burst,INC-2203
2026-03-25T19:00:00+00:00,order-service,cpu_percent,66.64,61.07,56.86,359.74,1602.14,cascade_failure,INC-3170
2026-03-27T00:00:00+00:00,inventory-api,cpu_percent,14.99,41.54,1.69,4.16,49.33,normal_noisy,INC-5275
2026-04-02T22:00:00+00:00,payment-api,http_5xx_rate,68.26,63.38,37.88,307.2,1966.0,cascade_failure,INC-3471
2026-03-22T06:00:00+00:00,auth-service,request_latency_p99,15.84,97.19,1.56,55.85,114.68,memory_leak_progressive,INC-1321
2026-03-16T23:00:00+00:00,auth-service,request_latency_p99,69.62,76.64,55.55,334.13,1322.47,cascade_failure,INC-3498
2026-03-30T19:00:00+00:00,notification-svc,memory_percent,36.1,52.85,1.19,7.88,45.22,normal_noisy,INC-5369
2026-04-02T10:00:00+00:00,payment-api,request_latency_p99,86.36,66.68,1.96,18.73,82.06,cpu_saturation_burst,INC-2249
2026-03-23T19:00:00+00:00,notification-svc,http_5xx_rate,8.5,32.8,0.68,18.36,58.51,normal_noisy,INC-5373
2026-03-17T11:00:00+00:00,inventory-api,http_5xx_rate,18.05,43.39,0.47,3.61,69.41,normal_noisy,INC-5150
2026-03-30T22:00:00+00:00,order-service,request_latency_p99,89.06,32.25,0.11,14.62,87.54,cpu_saturation_burst,INC-2047
2026-03-10T23:00:00+00:00,auth-service,request_latency_p99,78.21,79.8,40.91,416.34,2472.9,cascade_failure,INC-3389
2026-04-02T10:00:00+00:00,auth-service,request_latency_p99,36.04,75.54,4.67,35.48,709.98,memory_leak_progressive,INC-1116
2026-04-02T17:00:00+00:00,payment-api,http_5xx_rate,89.3,39.75,1.64,16.29,78.35,cpu_saturation_burst,INC-2319
2026-04-05T07:00:00+00:00,auth-service,request_latency_p99,9.0,24.62,0.15,17.03,58.99,normal_noisy,INC-5385
2026-03-23T18:00:00+00:00,auth-service,http_5xx_rate,18.43,54.39,58.88,34.35,1900.4,network_partition,INC-4461
2026-03-16T09:00:00+00:00,order-service,request_latency_p99,84.58,81.11,22.25,380.1,2222.99,cascade_failure,INC-3273
2026-03-12T08:00:00+00:00,auth-service,request_latency_p99,35.64,38.56,1.03,14.56,96.17,normal_noisy,INC-5452
2026-03-16T06:00:00+00:00,auth-service,request_latency_p99,27.07,32.0,13.56,430.17,994.46,db_pool_exhaustion,INC-0132
2026-03-20T21:00:00+00:00,payment-api,http_5xx_rate,36.57,34.2,14.96,324.7,1117.34,db_pool_exhaustion,INC-0078
2026-03-22T02:00:00+00:00,auth-service,http_5xx_rate,17.65,65.61,58.38,17.92,1150.43,network_partition,INC-4053
2026-03-15T15:00:00+00:00,notification-svc,cpu_percent,83.7,89.68,4.5,55.91,722.41,memory_leak_progressive,INC-1225
2026-04-06T01:00:00+00:00,inventory-api,http_5xx_rate,86.39,31.35,14.77,75.2,1866.2,cpu_saturation_burst,INC-2315
2026-03-09T23:00:00+00:00,auth-service,request_latency_p99,75.39,67.08,29.95,386.79,2845.15,cascade_failure,INC-3352
2026-03-30T10:00:00+00:00,order-service,http_5xx_rate,35.6,61.38,20.23,41.49,1051.72,network_partition,INC-4297
2026-03-29T19:00:00+00:00,auth-service,http_5xx_rate,18.76,43.69,36.17,21.02,100.62,network_partition,INC-4487
2026-03-29T17:00:00+00:00,order-service,cpu_percent,86.92,57.97,17.77,26.81,634.87,cpu_saturation_burst,INC-2373
2026-04-01T11:00:00+00:00,inventory-api,http_5xx_rate,69.64,82.14,23.63,175.33,1941.78,cascade_failure,INC-3356
2026-03-09T08:00:00+00:00,inventory-api,request_latency_p99,85.58,30.05,15.59,31.75,456.85,cpu_saturation_burst,INC-2320
2026-03-20T09:00:00+00:00,auth-service,http_5xx_rate,44.7,33.16,1.49,17.87,84.05,normal_noisy,INC-5375
2026-03-19T02:00:00+00:00,auth-service,http_5xx_rate,23.45,67.24,26.84,46.55,2713.62,network_partition,INC-4172
2026-03-17T17:00:00+00:00,order-service,db_conn_pool_wait_ms,24.13,53.87,15.87,339.67,1123.31,db_pool_exhaustion,INC-0376
2026-04-07T06:00:00+00:00,notification-svc,http_5xx_rate,74.95,80.0,31.54,368.96,1400.21,cascade_failure,INC-3409
2026-04-01T03:00:00+00:00,inventory-api,http_5xx_rate,44.15,68.02,25.73,208.47,477.2,db_pool_exhaustion,INC-0334
2026-03-15T09:00:00+00:00,inventory-api,http_5xx_rate,30.67,39.88,31.6,58.11,1163.24,network_partition,INC-4252
2026-03-22T11:00:00+00:00,payment-api,request_latency_p99,22.56,27.59,0.17,19.86,104.94,normal_noisy,INC-5237
2026-04-03T15:00:00+00:00,notification-svc,request_latency_p99,67.38,65.84,27.86,384.23,1963.0,cascade_failure,INC-3105
2026-03-18T16:00:00+00:00,order-service,http_5xx_rate,95.38,63.84,18.08,35.98,939.91,cpu_saturation_burst,INC-2119
2026-03-17T04:00:00+00:00,payment-api,cpu_percent,23.89,29.9,1.95,19.15,35.38,normal_noisy,INC-5329
2026-03-27T22:00:00+00:00,notification-svc,request_latency_p99,71.54,64.35,54.8,340.34,1114.34,cascade_failure,INC-3444
2026-03-20T11:00:00+00:00,order-service,request_latency_p99,42.49,31.18,57.75,7.53,2230.01,network_partition,INC-4262
2026-03-21T09:00:00+00:00,auth-service,memory_percent,17.41,45.07,0.42,3.28,122.86,normal_noisy,INC-5050
2026-03-28T16:00:00+00:00,inventory-api,http_5xx_rate,96.69,49.47,27.75,42.23,683.48,cpu_saturation_burst,INC-2343
2026-03-20T04:00:00+00:00,order-service,http_5xx_rate,54.63,62.23,11.18,388.27,755.88,db_pool_exhaustion,INC-0321
2026-03-22T02:00:00+00:00,order-service,db_conn_pool_wait_ms,88.6,70.54,20.41,353.07,1604.19,cascade_failure,INC-3120
2026-03-31T06:00:00+00:00,auth-service,request_latency_p99,36.06,32.99,41.83,13.83,2471.25,network_partition,INC-4448
2026-03-26T11:00:00+00:00,order-service,request_latency_p99,43.12,57.83,55.64,57.7,1473.9,network_partition,INC-4061
2026-03-18T08:00:00+00:00,order-service,cpu_percent,71.7,85.59,24.93,233.05,1558.92,cascade_failure,INC-3174
2026-03-10T01:00:00+00:00,notification-svc,cpu_percent,72.09,65.06,22.48,225.65,1491.11,cascade_failure,INC-3443
2026-03-22T23:00:00+00:00,notification-svc,http_5xx_rate,58.51,66.24,29.27,390.75,750.32,db_pool_exhaustion,INC-0261
2026-03-09T20:00:00+00:00,inventory-api,http_5xx_rate,17.82,44.36,36.23,58.12,56.0,network_partition,INC-4355
2026-03-19T09:00:00+00:00,auth-service,request_latency_p99,27.55,42.52,35.85,20.41,2304.27,network_partition,INC-4040
2026-04-04T08:00:00+00:00,inventory-api,memory_percent,63.8,81.69,5.47,44.86,261.56,memory_leak_progressive,INC-1190
2026-03-24T09:00:00+00:00,payment-api,memory_percent,38.92,83.18,3.43,16.34,781.27,memory_leak_progressive,INC-1402
2026-03-13T02:00:00+00:00,inventory-api,http_5xx_rate,43.33,37.31,23.4,25.88,1083.88,network_partition,INC-4027
2026-04-01T19:00:00+00:00,inventory-api,db_conn_pool_wait_ms,32.0,35.03,7.29,302.04,867.49,db_pool_exhaustion,INC-0139
2026-03-29T21:00:00+00:00,inventory-api,db_conn_pool_wait_ms,85.58,82.67,51.26,183.78,1454.74,cascade_failure,INC-3418
2026-03-12T05:00:00+00:00,order-service,http_5xx_rate,78.25,73.57,43.27,364.06,2622.93,cascade_failure,INC-3329
2026-04-05T04:00:00+00:00,notification-svc,request_latency_p99,90.32,87.25,30.81,342.13,1972.56,cascade_failure,INC-3074
2026-03-27T17:00:00+00:00,order-service,db_conn_pool_wait_ms,22.88,37.58,8.1,447.81,755.26,db_pool_exhaustion,INC-0320
2026-03-17T05:00:00+00:00,inventory-api,cpu_percent,47.17,80.25,7.37,32.01,714.84,memory_leak_progressive,INC-1154
2026-04-04T18:00:00+00:00,auth-service,http_5xx_rate,21.21,36.28,49.4,30.96,1993.6,network_partition,INC-4138
2026-04-05T07:00:00+00:00,auth-service,request_latency_p99,12.79,67.24,42.6,29.68,32.96,network_partition,INC-4323
2026-03-14T07:00:00+00:00,auth-service,cpu_percent,64.54,87.26,3.45,33.98,278.62,memory_leak_progressive,INC-1059
2026-03-10T06:00:00+00:00,payment-api,db_conn_pool_wait_ms,30.4,33.76,27.24,330.06,595.01,db_pool_exhaustion,INC-0113
2026-04-04T00:00:00+00:00,order-service,request_latency_p99,18.48,81.92,5.44,23.47,133.73,memory_leak_progressive,INC-1032
2026-03-09T00:00:00+00:00,inventory-api,http_5xx_rate,24.39,34.71,10.96,169.92,702.87,db_pool_exhaustion,INC-0225
2026-03-16T07:00:00+00:00,payment-api,cpu_percent,16.09,85.72,6.37,5.35,454.05,memory_leak_progressive,INC-1224
2026-03-10T06:00:00+00:00,inventory-api,http_5xx_rate,15.57,50.53,30.32,36.07,43.3,network_partition,INC-4429
2026-03-12T23:00:00+00:00,payment-api,memory_percent,22.65,18.05,1.67,15.77,140.39,normal_noisy,INC-5071
2026-03-30T00:00:00+00:00,payment-api,request_latency_p99,92.91,22.38,8.64,50.46,2132.66,cpu_saturation_burst,INC-2434
2026-03-23T22:00:00+00:00,payment-api,request_latency_p99,9.82,53.72,27.78,13.88,1865.26,network_partition,INC-4330
2026-03-17T23:00:00+00:00,payment-api,request_latency_p99,86.88,72.2,21.91,76.95,840.46,cpu_saturation_burst,INC-2459
2026-03-16T23:00:00+00:00,notification-svc,memory_percent,43.17,33.84,1.19,3.91,90.21,normal_noisy,INC-5202
2026-03-21T19:00:00+00:00,inventory-api,memory_percent,22.67,66.33,4.08,21.45,756.27,memory_leak_progressive,INC-1347
2026-03-22T09:00:00+00:00,inventory-api,request_latency_p99,40.89,64.57,28.72,400.15,547.9,db_pool_exhaustion,INC-0194
2026-03-26T22:00:00+00:00,order-service,request_latency_p99,87.34,60.79,21.84,53.95,1677.15,cpu_saturation_burst,INC-2465
2026-03-20T13:00:00+00:00,order-service,memory_percent,51.01,79.64,0.7,13.6,195.11,memory_leak_progressive,INC-1447
2026-03-14T16:00:00+00:00,order-service,request_latency_p99,11.91,51.8,24.94,16.95,2989.9,network_partition,INC-4022
2026-03-23T16:00:00+00:00,notification-svc,db_conn_pool_wait_ms,71.88,93.26,58.29,111.52,1629.05,cascade_failure,INC-3130
2026-03-28T22:00:00+00:00,auth-service,request_latency_p99,40.09,67.42,16.69,302.28,396.74,db_pool_exhaustion,INC-0118
2026-03-22T09:00:00+00:00,notification-svc,cpu_percent,20.18,90.86,3.4,6.65,655.68,memory_leak_progressive,INC-1146
2026-03-09T11:00:00+00:00,notification-svc,db_conn_pool_wait_ms,92.2,91.76,36.15,340.37,860.17,cascade_failure,INC-3371
2026-03-09T10:00:00+00:00,order-service,http_5xx_rate,33.34,31.75,8.86,248.66,883.05,db_pool_exhaustion,INC-0004
2026-03-19T13:00:00+00:00,auth-service,http_5xx_rate,39.32,49.73,7.1,322.55,443.67,db_pool_exhaustion,INC-0075
2026-04-02T12:00:00+00:00,order-service,http_5xx_rate,92.45,87.74,20.49,230.6,1105.17,cascade_failure,INC-3256
2026-04-07T11:00:00+00:00,inventory-api,request_latency_p99,34.83,62.4,22.03,341.78,478.07,db_pool_exhaustion,INC-0468
2026-03-24T05:00:00+00:00,auth-service,db_conn_pool_wait_ms,51.63,58.01,12.81,309.29,1032.26,db_pool_exhaustion,INC-0006
2026-04-04T16:00:00+00:00,auth-service,request_latency_p99,98.64,50.58,3.0,3.24,112.83,cpu_saturation_burst,INC-2247
2026-04-03T07:00:00+00:00,payment-api,memory_percent,27.69,93.74,5.72,10.56,442.11,memory_leak_progressive,INC-1420
2026-03-23T00:00:00+00:00,inventory-api,db_conn_pool_wait_ms,54.18,42.05,24.25,444.99,536.86,db_pool_exhaustion,INC-0229
2026-04-01T12:00:00+00:00,notification-svc,request_latency_p99,88.63,65.04,15.31,72.46,2102.9,cpu_saturation_burst,INC-2064
2026-03-24T14:00:00+00:00,order-service,http_5xx_rate,34.96,54.79,28.2,318.14,691.81,db_pool_exhaustion,INC-0243
2026-04-05T04:00:00+00:00,notification-svc,request_latency_p99,20.94,69.99,42.32,51.6,2509.9,network_partition,INC-4280
2026-03-19T08:00:00+00:00,order-service,http_5xx_rate,93.83,47.5,17.27,29.13,1969.34,cpu_saturation_burst,INC-2161
2026-03-09T22:00:00+00:00,notification-svc,http_5xx_rate,29.56,47.47,1.13,9.43,131.85,normal_noisy,INC-5014
2026-03-12T21:00:00+00:00,notification-svc,http_5xx_rate,72.49,97.79,25.71,371.97,1761.98,cascade_failure,INC-3027
2026-03-29T03:00:00+00:00,notification-svc,cpu_percent,66.97,60.48,59.51,346.75,2509.65,cascade_failure,INC-3106
2026-03-22T00:00:00+00:00,auth-service,http_5xx_rate,11.8,34.32,1.61,3.72,133.07,normal_noisy,INC-5285
2026-03-30T08:00:00+00:00,payment-api,request_latency_p99,24.68,42.06,0.26,9.14,130.37,normal_noisy,INC-5167
2026-03-31T13:00:00+00:00,auth-service,memory_percent,49.74,46.8,7.46,15.94,397.94,normal_noisy,INC-5166
2026-03-25T22:00:00+00:00,order-service,cpu_percent,95.58,78.78,39.08,426.33,1799.4,cascade_failure,INC-3490
2026-03-22T21:00:00+00:00,auth-service,request_latency_p99,41.9,17.16,1.23,10.19,117.05,normal_noisy,INC-5110
2026-04-03T10:00:00+00:00,inventory-api,cpu_percent,68.21,61.65,36.4,296.33,990.97,cascade_failure,INC-3476
2026-03-15T02:00:00+00:00,payment-api,http_5xx_rate,89.57,77.7,21.66,268.88,1794.25,cascade_failure,INC-3262
2026-03-25T00:00:00+00:00,notification-svc,request_latency_p99,98.37,62.92,33.24,44.39,1905.69,cpu_saturation_burst,INC-2306
2026-04-02T13:00:00+00:00,notification-svc,cpu_percent,99.34,91.72,30.63,262.51,803.72,cascade_failure,INC-3042
2026-03-19T18:00:00+00:00,payment-api,memory_percent,19.33,89.3,6.04,12.14,632.54,memory_leak_progressive,INC-1123
2026-03-09T11:00:00+00:00,payment-api,request_latency_p99,15.11,65.5,44.49,38.61,1541.29,network_partition,INC-4314
2026-03-08T20:00:00+00:00,payment-api,request_latency_p99,95.63,51.32,12.82,55.4,1205.36,cpu_saturation_burst,INC-2494
2026-04-01T19:00:00+00:00,payment-api,request_latency_p99,53.69,40.15,20.27,257.82,753.54,db_pool_exhaustion,INC-0111
2026-03-30T17:00:00+00:00,auth-service,request_latency_p99,43.51,34.07,25.7,6.12,108.64,network_partition,INC-4488
2026-03-24T15:00:00+00:00,notification-svc,http_5xx_rate,98.68,28.06,23.25,57.77,1031.3,cpu_saturation_burst,INC-2170
2026-03-13T18:00:00+00:00,inventory-api,request_latency_p99,15.23,56.76,25.37,30.28,2737.72,network_partition,INC-4462
2026-03-14T13:00:00+00:00,auth-service,http_5xx_rate,57.93,58.4,20.89,206.8,943.99,db_pool_exhaustion,INC-0233
2026-03-28T05:00:00+00:00,order-service,db_conn_pool_wait_ms,28.03,50.51,23.42,356.5,1086.4,db_pool_exhaustion,INC-0067
2026-03-21T13:00:00+00:00,order-service,cpu_percent,42.74,28.59,1.36,9.64,134.0,normal_noisy,INC-5208
2026-03-11T06:00:00+00:00,notification-svc,request_latency_p99,44.0,47.84,56.41,17.58,130.38,network_partition,INC-4073
2026-03-22T00:00:00+00:00,auth-service,http_5xx_rate,9.33,63.57,45.76,17.23,110.34,network_partition,INC-4193
2026-03-29T17:00:00+00:00,notification-svc,cpu_percent,80.08,91.32,3.08,13.73,594.66,memory_leak_progressive,INC-1037
2026-04-03T21:00:00+00:00,auth-service,http_5xx_rate,52.32,37.18,15.34,266.13,649.86,db_pool_exhaustion,INC-0126
2026-03-24T01:00:00+00:00,inventory-api,http_5xx_rate,41.06,50.38,41.01,27.11,84.36,network_partition,INC-4134
2026-03-21T16:00:00+00:00,payment-api,cpu_percent,89.73,29.5,31.5,50.08,1616.36,cpu_saturation_burst,INC-2255
2026-03-14T11:00:00+00:00,notification-svc,http_5xx_rate,19.33,39.03,24.78,11.98,138.3,network_partition,INC-4485
2026-03-12T19:00:00+00:00,order-service,request_latency_p99,76.13,84.64,35.85,118.69,2371.5,cascade_failure,INC-3477
2026-03-30T03:00:00+00:00,auth-service,request_latency_p99,32.93,41.59,49.81,13.2,1598.47,network_partition,INC-4463
2026-03-17T06:00:00+00:00,auth-service,request_latency_p99,15.14,57.94,35.52,57.3,52.7,network_partition,INC-4489
2026-03-28T17:00:00+00:00,inventory-api,request_latency_p99,23.32,53.39,38.13,22.02,1240.64,network_partition,INC-4076
2026-04-01T10:00:00+00:00,payment-api,db_conn_pool_wait_ms,30.78,53.56,6.55,151.86,1022.13,db_pool_exhaustion,INC-0485
2026-03-27T01:00:00+00:00,payment-api,request_latency_p99,79.67,84.41,25.83,149.39,2029.66,cascade_failure,INC-3155
2026-03-29T10:00:00+00:00,inventory-api,cpu_percent,15.83,15.67,1.01,18.98,58.17,normal_noisy,INC-5177
2026-03-20T05:00:00+00:00,order-service,request_latency_p99,40.18,51.23,0.26,7.07,46.08,normal_noisy,INC-5051
2026-03-18T06:00:00+00:00,order-service,http_5xx_rate,26.16,40.55,20.89,7.28,2379.43,network_partition,INC-4406
2026-03-28T12:00:00+00:00,payment-api,memory_percent,94.25,89.09,36.63,379.54,2747.14,cascade_failure,INC-3275
2026-03-15T12:00:00+00:00,auth-service,request_latency_p99,33.67,82.94,2.44,25.48,643.91,memory_leak_progressive,INC-1419
2026-03-09T10:00:00+00:00,order-service,db_conn_pool_wait_ms,70.44,71.46,57.13,86.24,2701.84,cascade_failure,INC-3147
2026-03-16T00:00:00+00:00,payment-api,cpu_percent,99.29,56.3,1.12,11.18,112.59,cpu_saturation_burst,INC-2027
2026-03-16T03:00:00+00:00,order-service,http_5xx_rate,89.14,57.93,25.61,23.79,1134.14,cpu_saturation_burst,INC-2031
2026-03-21T17:00:00+00:00,order-service,cpu_percent,80.12,91.55,5.15,39.96,463.57,memory_leak_progressive,INC-1383
2026-03-17T09:00:00+00:00,notification-svc,http_5xx_rate,91.21,52.72,5.49,36.94,1172.55,cpu_saturation_burst,INC-2336
2026-03-18T14:00:00+00:00,payment-api,http_5xx_rate,36.06,46.84,27.09,56.82,2217.54,network_partition,INC-4223
2026-03-11T13:00:00+00:00,payment-api,db_conn_pool_wait_ms,26.7,40.88,16.5,338.76,381.52,db_pool_exhaustion,INC-0365
2026-04-03T01:00:00+00:00,order-service,request_latency_p99,17.35,65.81,23.61,5.27,2868.13,network_partition,INC-4126
2026-03-23T11:00:00+00:00,order-service,db_conn_pool_wait_ms,16.59,57.11,8.05,257.41,706.33,db_pool_exhaustion,INC-0028
2026-03-08T14:00:00+00:00,payment-api,db_conn_pool_wait_ms,37.66,43.76,17.98,183.64,492.47,db_pool_exhaustion,INC-0474
2026-04-03T01:00:00+00:00,order-service,memory_percent,55.64,82.59,7.47,51.39,511.39,memory_leak_progressive,INC-1026
2026-03-25T18:00:00+00:00,inventory-api,request_latency_p99,69.66,78.58,7.23,57.87,686.76,memory_leak_progressive,INC-1226
2026-04-04T18:00:00+00:00,inventory-api,http_5xx_rate,17.15,61.07,9.96,260.21,1110.64,db_pool_exhaustion,INC-0056
2026-03-10T14:00:00+00:00,auth-service,cpu_percent,56.71,89.77,3.55,44.4,257.95,memory_leak_progressive,INC-1139
2026-04-06T14:00:00+00:00,payment-api,request_latency_p99,46.17,64.77,20.72,326.92,812.44,db_pool_exhaustion,INC-0303
2026-03-31T03:00:00+00:00,auth-service,http_5xx_rate,28.63,38.07,0.89,9.12,123.95,normal_noisy,INC-5109
2026-03-24T10:00:00+00:00,payment-api,cpu_percent,85.71,72.73,2.0,8.27,157.85,cpu_saturation_burst,INC-2277
2026-03-30T12:00:00+00:00,auth-service,http_5xx_rate,26.53,60.64,0.13,3.05,94.75,normal_noisy,INC-5136
2026-04-04T14:00:00+00:00,notification-svc,memory_percent,74.73,92.36,3.06,5.37,436.04,memory_leak_progressive,INC-1125
2026-03-13T16:00:00+00:00,auth-service,request_latency_p99,10.39,35.84,38.79,22.21,2810.8,network_partition,INC-4056
2026-04-02T06:00:00+00:00,payment-api,request_latency_p99,85.11,73.85,33.19,77.71,1433.69,cpu_saturation_burst,INC-2281
2026-03-26T16:00:00+00:00,payment-api,cpu_percent,92.21,26.33,26.38,45.84,2061.71,cpu_saturation_burst,INC-2050
2026-03-27T23:00:00+00:00,payment-api,db_conn_pool_wait_ms,41.31,66.49,8.77,292.02,1113.43,db_pool_exhaustion,INC-0337
2026-03-21T13:00:00+00:00,payment-api,request_latency_p99,48.2,61.97,17.3,330.66,799.59,db_pool_exhaustion,INC-0048
2026-03-16T10:00:00+00:00,auth-service,db_conn_pool_wait_ms,46.26,58.32,23.46,241.37,517.15,db_pool_exhaustion,INC-0107
2026-03-22T00:00:00+00:00,auth-service,http_5xx_rate,92.11,57.78,0.97,15.26,185.36,cpu_saturation_burst,INC-2080
2026-03-18T23:00:00+00:00,notification-svc,request_latency_p99,88.95,40.5,2.18,5.17,193.58,cpu_saturation_burst,INC-2145
2026-03-24T21:00:00+00:00,payment-api,http_5xx_rate,42.94,68.03,22.2,6.62,2675.7,network_partition,INC-4441
2026-03-14T19:00:00+00:00,inventory-api,cpu_percent,70.71,76.0,30.67,149.69,1934.27,cascade_failure,INC-3337
2026-03-12T19:00:00+00:00,inventory-api,db_conn_pool_wait_ms,70.45,96.91,46.23,189.32,839.02,cascade_failure,INC-3254
2026-03-12T07:00:00+00:00,payment-api,http_5xx_rate,85.97,35.09,1.03,12.52,230.55,cpu_saturation_burst,INC-2102
2026-03-21T09:00:00+00:00,order-service,cpu_percent,79.47,76.64,30.24,108.46,990.45,cascade_failure,INC-3469
2026-04-05T01:00:00+00:00,inventory-api,cpu_percent,32.29,77.66,0.58,48.67,492.73,memory_leak_progressive,INC-1024
2026-04-05T09:00:00+00:00,notification-svc,cpu_percent,92.5,64.01,22.27,26.02,1198.02,cpu_saturation_burst,INC-2429
2026-04-02T19:00:00+00:00,inventory-api,cpu_percent,38.9,45.94,0.2,13.15,127.14,normal_noisy,INC-5108
2026-03-23T15:00:00+00:00,inventory-api,cpu_percent,67.7,76.15,5.74,17.96,354.85,memory_leak_progressive,INC-1104
2026-03-16T03:00:00+00:00,inventory-api,request_latency_p99,95.58,48.96,2.4,7.64,227.58,cpu_saturation_burst,INC-2490
2026-03-08T16:00:00+00:00,payment-api,http_5xx_rate,16.41,39.73,54.97,10.53,1230.0,network_partition,INC-4352
2026-04-07T08:00:00+00:00,payment-api,request_latency_p99,18.66,33.67,9.59,165.15,1180.03,db_pool_exhaustion,INC-0061
2026-04-02T11:00:00+00:00,auth-service,request_latency_p99,7.88,44.05,0.24,15.37,389.21,normal_noisy,INC-5250
2026-03-20T12:00:00+00:00,order-service,memory_percent,83.83,65.9,3.29,5.24,259.43,memory_leak_progressive,INC-1172
2026-03-09T03:00:00+00:00,auth-service,db_conn_pool_wait_ms,26.27,66.36,18.24,108.21,942.32,db_pool_exhaustion,INC-0093
2026-03-19T22:00:00+00:00,payment-api,cpu_percent,43.28,88.69,5.3,10.39,779.25,memory_leak_progressive,INC-1167
2026-04-02T23:00:00+00:00,auth-service,cpu_percent,86.86,87.53,20.21,433.96,2775.35,cascade_failure,INC-3388
2026-03-18T04:00:00+00:00,inventory-api,http_5xx_rate,56.85,54.26,22.76,401.74,913.59,db_pool_exhaustion,INC-0281
2026-03-30T22:00:00+00:00,order-service,request_latency_p99,75.32,83.86,40.99,251.88,967.59,cascade_failure,INC-3220
2026-03-12T06:00:00+00:00,auth-service,http_5xx_rate,50.98,31.29,14.83,99.9,1070.73,db_pool_exhaustion,INC-0360
2026-03-27T00:00:00+00:00,order-service,cpu_percent,48.23,95.4,7.04,7.66,712.27,memory_leak_progressive,INC-1400
2026-03-16T02:00:00+00:00,order-service,db_conn_pool_wait_ms,99.16,67.61,41.55,293.87,1282.95,cascade_failure,INC-3436
2026-03-31T13:00:00+00:00,order-service,request_latency_p99,67.28,91.9,45.76,384.1,1681.97,cascade_failure,INC-3495
2026-04-06T21:00:00+00:00,auth-service,http_5xx_rate,31.17,63.42,48.43,8.24,2255.4,network_partition,INC-4313
2026-04-02T13:00:00+00:00,auth-service,memory_percent,34.07,82.83,1.15,36.96,747.29,memory_leak_progressive,INC-1261
2026-04-01T13:00:00+00:00,notification-svc,http_5xx_rate,39.54,40.15,23.92,51.14,1271.98,network_partition,INC-4159
2026-03-22T04:00:00+00:00,order-service,request_latency_p99,31.51,54.59,0.03,16.35,100.73,normal_noisy,INC-5123
2026-03-16T10:00:00+00:00,auth-service,http_5xx_rate,24.84,67.95,27.91,371.44,680.91,db_pool_exhaustion,INC-0043
2026-03-19T17:00:00+00:00,auth-service,request_latency_p99,42.41,45.51,21.14,42.27,1215.56,network_partition,INC-4174
2026-03-31T01:00:00+00:00,auth-service,request_latency_p99,45.25,32.8,17.03,337.56,982.21,db_pool_exhaustion,INC-0205
2026-03-31T16:00:00+00:00,inventory-api,request_latency_p99,90.36,28.87,18.7,21.74,1551.7,cpu_saturation_burst,INC-2474
2026-03-19T15:00:00+00:00,order-service,http_5xx_rate,9.8,63.02,56.62,13.69,98.1,network_partition,INC-4101
2026-04-05T19:00:00+00:00,payment-api,db_conn_pool_wait_ms,24.03,43.37,9.32,86.67,513.89,db_pool_exhaustion,INC-0069
2026-03-09T15:00:00+00:00,payment-api,cpu_percent,96.31,65.8,40.04,383.58,2696.79,cascade_failure,INC-3376
2026-03-27T04:00:00+00:00,notification-svc,http_5xx_rate,38.97,57.88,26.59,6.54,2497.85,network_partition,INC-4380
2026-03-22T05:00:00+00:00,auth-service,http_5xx_rate,28.98,54.0,20.75,10.74,41.48,network_partition,INC-4232
2026-03-27T12:00:00+00:00,inventory-api,http_5xx_rate,45.99,50.36,27.68,340.45,619.3,db_pool_exhaustion,INC-0138
2026-03-31T22:00:00+00:00,auth-service,request_latency_p99,67.64,93.13,2.99,24.26,306.97,memory_leak_progressive,INC-1297
2026-03-16T20:00:00+00:00,auth-service,request_latency_p99,25.48,46.23,57.22,56.85,2939.58,network_partition,INC-4181
2026-03-14T06:00:00+00:00,auth-service,http_5xx_rate,38.55,40.11,56.76,25.5,1669.66,network_partition,INC-4129
2026-04-02T02:00:00+00:00,auth-service,memory_percent,61.38,77.3,0.45,56.66,505.15,memory_leak_progressive,INC-1259
2026-03-22T18:00:00+00:00,payment-api,cpu_percent,15.52,87.9,7.75,7.92,341.82,memory_leak_progressive,INC-1042
2026-03-28T04:00:00+00:00,auth-service,http_5xx_rate,88.91,67.26,23.01,55.32,1098.25,cpu_saturation_burst,INC-2020
2026-03-20T13:00:00+00:00,auth-service,http_5xx_rate,20.87,35.97,49.6,34.48,1996.04,network_partition,INC-4289
2026-03-25T20:00:00+00:00,order-service,db_conn_pool_wait_ms,26.02,44.43,6.38,415.07,557.37,db_pool_exhaustion,INC-0166
2026-03-19T08:00:00+00:00,order-service,db_conn_pool_wait_ms,36.34,55.56,26.5,198.83,1132.93,db_pool_exhaustion,INC-0249
2026-04-04T09:00:00+00:00,inventory-api,cpu_percent,86.32,51.97,26.31,36.13,2354.79,cpu_saturation_burst,INC-2332
2026-04-01T20:00:00+00:00,notification-svc,request_latency_p99,13.74,60.13,45.77,47.45,66.86,network_partition,INC-4018
2026-03-24T23:00:00+00:00,inventory-api,http_5xx_rate,48.69,45.71,5.82,347.41,316.1,db_pool_exhaustion,INC-0447
2026-03-27T08:00:00+00:00,payment-api,http_5xx_rate,89.09,55.56,11.84,64.73,815.66,cpu_saturation_burst,INC-2359
2026-03-31T09:00:00+00:00,order-service,request_latency_p99,11.95,65.67,30.7,26.7,1868.98,network_partition,INC-4146
2026-03-22T23:00:00+00:00,inventory-api,http_5xx_rate,93.88,56.92,0.07,14.14,152.31,cpu_saturation_burst,INC-2330
2026-03-15T04:00:00+00:00,payment-api,request_latency_p99,16.45,50.44,1.2,6.78,62.31,normal_noisy,INC-5411
2026-03-17T17:00:00+00:00,auth-service,request_latency_p99,42.55,37.04,48.56,29.28,103.78,network_partition,INC-4151
2026-03-30T05:00:00+00:00,notification-svc,db_conn_pool_wait_ms,38.27,31.72,6.98,277.19,896.12,db_pool_exhaustion,INC-0435
2026-03-19T18:00:00+00:00,order-service,request_latency_p99,9.86,58.6,30.74,12.82,2942.58,network_partition,INC-4123
2026-04-04T20:00:00+00:00,payment-api,memory_percent,69.34,70.75,4.23,29.38,292.27,memory_leak_progressive,INC-1078
2026-03-27T02:00:00+00:00,auth-service,memory_percent,34.95,22.83,1.73,10.92,122.91,normal_noisy,INC-5485
2026-03-23T19:00:00+00:00,inventory-api,http_5xx_rate,41.6,35.45,0.13,9.76,133.28,normal_noisy,INC-5242
2026-03-11T23:00:00+00:00,inventory-api,http_5xx_rate,87.77,72.97,24.23,358.68,2598.28,cascade_failure,INC-3349
2026-03-30T09:00:00+00:00,notification-svc,request_latency_p99,27.05,89.62,0.18,52.3,545.94,memory_leak_progressive,INC-1263
2026-03-20T03:00:00+00:00,inventory-api,db_conn_pool_wait_ms,43.68,48.25,8.87,333.35,444.12,db_pool_exhaustion,INC-0389
2026-04-01T03:00:00+00:00,payment-api,db_conn_pool_wait_ms,59.49,32.96,8.31,217.83,1027.25,db_pool_exhaustion,INC-0236
2026-03-20T07:00:00+00:00,notification-svc,request_latency_p99,30.57,49.15,0.06,5.96,40.86,normal_noisy,INC-5106
2026-03-30T06:00:00+00:00,order-service,http_5xx_rate,71.28,91.87,44.36,257.67,2419.04,cascade_failure,INC-3485
2026-03-09T22:00:00+00:00,auth-service,request_latency_p99,34.46,35.67,8.82,421.27,887.53,db_pool_exhaustion,INC-0268
2026-03-15T18:00:00+00:00,inventory-api,request_latency_p99,55.31,89.87,5.79,21.55,269.24,memory_leak_progressive,INC-1271
2026-04-06T07:00:00+00:00,auth-service,http_5xx_rate,39.67,57.2,23.14,27.73,130.39,network_partition,INC-4166
2026-03-22T12:00:00+00:00,payment-api,db_conn_pool_wait_ms,11.68,41.03,7.36,366.16,390.73,db_pool_exhaustion,INC-0438
2026-04-02T20:00:00+00:00,notification-svc,request_latency_p99,51.28,75.99,0.23,25.73,183.9,memory_leak_progressive,INC-1174
2026-04-01T09:00:00+00:00,auth-service,request_latency_p99,31.99,69.42,29.63,116.38,1106.11,db_pool_exhaustion,INC-0250
2026-03-10T14:00:00+00:00,inventory-api,http_5xx_rate,16.43,52.76,53.94,48.31,2315.06,network_partition,INC-4202
2026-03-10T03:00:00+00:00,notification-svc,db_conn_pool_wait_ms,95.88,78.41,43.57,408.41,2156.41,cascade_failure,INC-3075
2026-03-14T18:00:00+00:00,inventory-api,request_latency_p99,20.69,35.73,21.65,27.82,2957.19,network_partition,INC-4143
2026-04-07T09:00:00+00:00,payment-api,request_latency_p99,37.28,57.66,42.73,56.44,2743.4,network_partition,INC-4082
2026-03-15T03:00:00+00:00,payment-api,memory_percent,10.4,16.0,1.83,2.37,75.78,normal_noisy,INC-5118
2026-03-20T11:00:00+00:00,notification-svc,request_latency_p99,19.12,53.71,0.03,8.4,110.46,normal_noisy,INC-5404
2026-03-29T23:00:00+00:00,inventory-api,request_latency_p99,17.25,31.49,0.98,8.89,109.67,normal_noisy,INC-5240
2026-03-12T16:00:00+00:00,auth-service,db_conn_pool_wait_ms,39.82,42.59,13.26,346.29,894.05,db_pool_exhaustion,INC-0449
2026-03-25T15:00:00+00:00,order-service,request_latency_p99,97.54,34.6,8.08,16.45,408.6,cpu_saturation_burst,INC-2470
2026-03-13T19:00:00+00:00,order-service,cpu_percent,38.42,93.9,6.35,47.26,648.09,memory_leak_progressive,INC-1217
2026-03-20T00:00:00+00:00,notification-svc,request_latency_p99,15.58,42.69,33.9,21.94,1596.37,network_partition,INC-4399
2026-03-14T05:00:00+00:00,order-service,http_5xx_rate,39.07,26.5,1.86,13.54,137.87,normal_noisy,INC-5115
2026-03-26T11:00:00+00:00,notification-svc,http_5xx_rate,42.13,44.89,51.02,8.26,2461.77,network_partition,INC-4049
2026-03-19T12:00:00+00:00,order-service,cpu_percent,85.86,88.51,21.89,372.13,2319.76,cascade_failure,INC-3402
2026-03-11T16:00:00+00:00,auth-service,http_5xx_rate,87.48,35.97,2.37,17.34,78.19,cpu_saturation_burst,INC-2169
2026-03-13T21:00:00+00:00,inventory-api,http_5xx_rate,16.19,31.64,24.43,286.62,689.7,db_pool_exhaustion,INC-0083
2026-04-01T03:00:00+00:00,auth-service,request_latency_p99,15.11,68.28,42.98,8.63,1019.18,network_partition,INC-4425
2026-04-03T03:00:00+00:00,order-service,http_5xx_rate,87.1,66.66,0.38,17.88,110.02,cpu_saturation_burst,INC-2461
2026-03-25T01:00:00+00:00,order-service,cpu_percent,99.71,75.98,57.77,187.2,2503.67,cascade_failure,INC-3394
2026-03-10T15:00:00+00:00,order-service,http_5xx_rate,80.12,89.3,54.6,88.68,2357.58,cascade_failure,INC-3169
2026-03-23T10:00:00+00:00,notification-svc,request_latency_p99,10.86,40.9,44.87,56.37,2258.46,network_partition,INC-4001
2026-03-11T09:00:00+00:00,notification-svc,db_conn_pool_wait_ms,53.04,49.32,25.93,177.46,506.77,db_pool_exhaustion,INC-0476
2026-03-23T06:00:00+00:00,payment-api,request_latency_p99,60.63,74.42,3.43,10.47,201.3,memory_leak_progressive,INC-1018
2026-03-24T10:00:00+00:00,inventory-api,http_5xx_rate,21.51,69.41,22.65,263.47,817.79,db_pool_exhaustion,INC-0405
2026-04-03T18:00:00+00:00,payment-api,request_latency_p99,26.45,51.94,10.55,337.42,224.23,db_pool_exhaustion,INC-0385
2026-03-14T17:00:00+00:00,inventory-api,memory_percent,95.5,41.33,0.6,12.7,70.51,normal_noisy,INC-5482
2026-03-24T05:00:00+00:00,notification-svc,http_5xx_rate,10.89,46.04,27.9,44.29,109.56,network_partition,INC-4153
2026-04-04T07:00:00+00:00,payment-api,db_conn_pool_wait_ms,87.8,74.23,33.99,125.23,1009.16,cascade_failure,INC-3134
2026-03-08T16:00:00+00:00,inventory-api,cpu_percent,8.6,33.71,1.66,11.85,140.83,normal_noisy,INC-5360
2026-03-28T17:00:00+00:00,inventory-api,memory_percent,43.66,97.34,2.25,51.39,615.56,memory_leak_progressive,INC-1189
2026-03-31T22:00:00+00:00,order-service,http_5xx_rate,91.41,69.95,28.96,24.26,505.0,cpu_saturation_burst,INC-2241
2026-03-22T09:00:00+00:00,inventory-api,db_conn_pool_wait_ms,17.42,50.33,15.1,435.15,674.17,db_pool_exhaustion,INC-0063
2026-04-02T08:00:00+00:00,order-service,memory_percent,18.28,96.0,7.88,23.91,468.58,memory_leak_progressive,INC-1353
2026-03-13T21:00:00+00:00,inventory-api,http_5xx_rate,28.96,37.12,1.16,13.21,67.71,normal_noisy,INC-5252
2026-04-01T13:00:00+00:00,payment-api,request_latency_p99,31.88,59.86,55.28,24.27,16.31,network_partition,INC-4477
2026-04-04T17:00:00+00:00,payment-api,cpu_percent,97.42,70.56,0.84,14.43,114.16,cpu_saturation_burst,INC-2263
2026-03-15T17:00:00+00:00,inventory-api,db_conn_pool_wait_ms,46.42,47.65,26.92,434.63,727.46,db_pool_exhaustion,INC-0224
2026-03-15T12:00:00+00:00,order-service,http_5xx_rate,33.21,54.45,20.24,39.29,2783.4,network_partition,INC-4194
2026-03-27T21:00:00+00:00,order-service,http_5xx_rate,34.62,32.45,19.9,449.56,319.02,db_pool_exhaustion,INC-0374
2026-04-06T23:00:00+00:00,payment-api,http_5xx_rate,91.07,93.04,32.69,282.63,2565.69,cascade_failure,INC-3325
2026-03-13T02:00:00+00:00,notification-svc,memory_percent,40.92,51.18,0.66,14.48,117.63,normal_noisy,INC-5037
2026-03-20T23:00:00+00:00,inventory-api,http_5xx_rate,44.58,54.05,1.69,13.04,34.09,normal_noisy,INC-5370
2026-04-03T13:00:00+00:00,inventory-api,memory_percent,26.37,36.65,1.67,18.19,141.2,normal_noisy,INC-5098
2026-03-24T15:00:00+00:00,notification-svc,request_latency_p99,44.32,48.97,1.28,18.39,54.48,normal_noisy,INC-5185
2026-03-29T09:00:00+00:00,inventory-api,db_conn_pool_wait_ms,30.43,64.14,10.85,253.65,258.3,db_pool_exhaustion,INC-0010
2026-04-01T03:00:00+00:00,notification-svc,db_conn_pool_wait_ms,65.75,92.93,44.65,278.15,1820.51,cascade_failure,INC-3445
2026-03-24T20:00:00+00:00,payment-api,db_conn_pool_wait_ms,84.84,71.33,35.08,122.21,873.72,cascade_failure,INC-3339
2026-04-04T18:00:00+00:00,payment-api,memory_percent,40.71,78.45,3.72,6.19,312.3,memory_leak_progressive,INC-1209
2026-03-11T10:00:00+00:00,auth-service,request_latency_p99,43.0,58.99,19.99,250.7,1153.15,db_pool_exhaustion,INC-0256
2026-03-22T00:00:00+00:00,auth-service,memory_percent,91.69,77.22,23.79,151.11,2038.77,cascade_failure,INC-3118
2026-03-12T21:00:00+00:00,notification-svc,db_conn_pool_wait_ms,10.37,36.44,21.85,449.85,259.99,db_pool_exhaustion,INC-0390
2026-03-17T13:00:00+00:00,notification-svc,http_5xx_rate,95.11,93.12,52.91,249.63,1447.07,cascade_failure,INC-3082
2026-03-12T12:00:00+00:00,payment-api,memory_percent,49.43,97.14,3.17,46.26,790.78,memory_leak_progressive,INC-1425
2026-03-27T16:00:00+00:00,notification-svc,http_5xx_rate,16.7,62.97,42.94,21.96,2790.03,network_partition,INC-4037
2026-04-03T00:00:00+00:00,notification-svc,request_latency_p99,43.35,69.37,32.26,51.61,118.72,network_partition,INC-4404
2026-03-17T17:00:00+00:00,inventory-api,http_5xx_rate,99.27,61.05,7.38,64.67,1486.01,cpu_saturation_burst,INC-2225
2026-03-19T23:00:00+00:00,inventory-api,cpu_percent,78.21,92.19,22.97,305.85,2046.41,cascade_failure,INC-3447
2026-03-31T21:00:00+00:00,auth-service,cpu_percent,42.9,82.61,6.87,7.09,534.35,memory_leak_progressive,INC-1240
2026-03-20T00:00:00+00:00,inventory-api,http_5xx_rate,35.71,64.3,16.57,334.02,585.09,db_pool_exhaustion,INC-0041
2026-03-18T03:00:00+00:00,inventory-api,request_latency_p99,63.74,74.89,5.18,59.03,147.64,memory_leak_progressive,INC-1369
2026-04-05T18:00:00+00:00,notification-svc,memory_percent,38.91,92.66,3.23,55.44,724.85,memory_leak_progressive,INC-1040
2026-03-25T20:00:00+00:00,notification-svc,http_5xx_rate,10.76,25.24,1.41,19.74,82.04,normal_noisy,INC-5011
2026-03-29T19:00:00+00:00,order-service,http_5xx_rate,94.57,22.42,2.11,3.93,167.42,cpu_saturation_burst,INC-2372
2026-03-08T15:00:00+00:00,notification-svc,cpu_percent,86.62,28.26,30.96,52.03,538.47,cpu_saturation_burst,INC-2146
2026-03-13T05:00:00+00:00,payment-api,cpu_percent,88.06,41.26,8.84,45.03,931.72,cpu_saturation_burst,INC-2032
2026-03-22T08:00:00+00:00,notification-svc,http_5xx_rate,59.42,63.86,19.49,384.96,826.77,db_pool_exhaustion,INC-0373
2026-03-21T04:00:00+00:00,order-service,cpu_percent,19.36,82.57,1.33,42.04,606.2,memory_leak_progressive,INC-1168
2026-03-13T23:00:00+00:00,inventory-api,http_5xx_rate,52.68,36.14,19.57,400.14,485.31,db_pool_exhaustion,INC-0358
2026-04-06T07:00:00+00:00,order-service,request_latency_p99,15.33,70.38,5.56,50.92,440.66,memory_leak_progressive,INC-1468
2026-03-24T19:00:00+00:00,notification-svc,http_5xx_rate,97.57,40.86,7.58,29.0,2247.74,cpu_saturation_burst,INC-2354
2026-03-20T10:00:00+00:00,notification-svc,request_latency_p99,89.23,23.17,2.46,7.64,100.05,cpu_saturation_burst,INC-2036
2026-03-08T19:00:00+00:00,order-service,db_conn_pool_wait_ms,51.88,49.38,6.22,238.38,216.49,db_pool_exhaustion,INC-0471
2026-03-23T13:00:00+00:00,inventory-api,http_5xx_rate,92.37,51.38,19.8,34.31,934.29,cpu_saturation_burst,INC-2397
2026-03-14T00:00:00+00:00,payment-api,request_latency_p99,42.55,49.2,1.93,242.83,33.63,normal_noisy,INC-5121
2026-03-30T19:00:00+00:00,auth-service,memory_percent,72.99,84.78,23.16,256.06,915.41,cascade_failure,INC-3050
2026-03-10T20:00:00+00:00,inventory-api,request_latency_p99,94.26,26.63,33.15,35.15,2409.3,cpu_saturation_burst,INC-2257
2026-03-24T20:00:00+00:00,notification-svc,request_latency_p99,9.77,68.28,56.48,27.83,1838.76,network_partition,INC-4095
2026-04-01T05:00:00+00:00,inventory-api,request_latency_p99,88.27,93.06,46.67,371.7,2156.01,cascade_failure,INC-3056
2026-03-21T22:00:00+00:00,notification-svc,cpu_percent,32.64,28.48,0.78,8.65,149.65,normal_noisy,INC-5090
2026-03-14T01:00:00+00:00,order-service,cpu_percent,93.13,20.74,28.77,53.03,1905.22,cpu_saturation_burst,INC-2251
2026-03-26T20:00:00+00:00,notification-svc,memory_percent,79.67,77.39,54.35,354.08,2405.27,cascade_failure,INC-3200
2026-04-03T05:00:00+00:00,order-service,cpu_percent,99.52,38.32,10.37,71.02,525.8,cpu_saturation_burst,INC-2253
2026-03-10T00:00:00+00:00,payment-api,memory_percent,5.45,33.2,1.26,14.01,28.66,normal_noisy,INC-5281
2026-03-29T06:00:00+00:00,payment-api,request_latency_p99,45.15,55.35,29.55,269.51,820.36,db_pool_exhaustion,INC-0080
2026-03-24T21:00:00+00:00,notification-svc,cpu_percent,91.07,37.04,5.74,46.92,1552.04,cpu_saturation_burst,INC-2173
2026-04-06T17:00:00+00:00,payment-api,request_latency_p99,24.44,79.85,7.24,34.2,411.03,memory_leak_progressive,INC-1315
2026-03-23T22:00:00+00:00,inventory-api,request_latency_p99,84.87,96.09,26.11,119.64,1179.74,cascade_failure,INC-3353
2026-03-15T12:00:00+00:00,order-service,http_5xx_rate,24.82,63.4,57.7,53.63,1879.3,network_partition,INC-4221
2026-03-22T16:00:00+00:00,inventory-api,request_latency_p99,37.39,40.47,1.69,16.62,66.68,normal_noisy,INC-5129
2026-04-05T08:00:00+00:00,order-service,http_5xx_rate,9.37,37.84,48.68,52.02,1395.6,network_partition,INC-4106
2026-04-07T10:00:00+00:00,order-service,http_5xx_rate,32.91,35.16,8.81,215.52,832.28,db_pool_exhaustion,INC-0134
2026-03-20T07:00:00+00:00,auth-service,http_5xx_rate,98.53,49.77,16.89,38.81,1803.91,cpu_saturation_burst,INC-2141
2026-04-02T01:00:00+00:00,order-service,memory_percent,65.83,96.66,2.36,36.75,105.34,memory_leak_progressive,INC-1434
2026-03-26T04:00:00+00:00,auth-service,request_latency_p99,31.32,75.13,0.67,56.99,607.64,memory_leak_progressive,INC-1429
2026-03-21T14:00:00+00:00,inventory-api,request_latency_p99,57.97,79.39,2.72,40.83,730.21,memory_leak_progressive,INC-1324
2026-03-15T18:00:00+00:00,inventory-api,http_5xx_rate,92.25,67.58,55.28,126.06,2223.26,cascade_failure,INC-3032
2026-04-04T07:00:00+00:00,notification-svc,cpu_percent,98.54,57.56,34.6,72.26,1992.37,cpu_saturation_burst,INC-2215
2026-03-13T04:00:00+00:00,auth-service,cpu_percent,46.57,76.16,4.44,23.78,183.42,memory_leak_progressive,INC-1005
2026-03-18T10:00:00+00:00,auth-service,http_5xx_rate,12.72,21.92,0.25,18.25,110.14,normal_noisy,INC-5465
2026-03-26T08:00:00+00:00,payment-api,request_latency_p99,44.55,56.07,49.74,29.15,1878.81,network_partition,INC-4396
2026-03-21T15:00:00+00:00,inventory-api,memory_percent,92.32,74.96,36.73,319.26,2709.42,cascade_failure,INC-3497
2026-03-31T14:00:00+00:00,auth-service,memory_percent,98.7,61.09,59.49,125.53,2844.86,cascade_failure,INC-3459
2026-03-25T01:00:00+00:00,order-service,cpu_percent,95.59,55.41,10.05,72.15,700.73,cpu_saturation_burst,INC-2385
2026-03-21T03:00:00+00:00,order-service,cpu_percent,58.24,71.32,0.52,6.35,547.03,memory_leak_progressive,INC-1395
2026-03-23T16:00:00+00:00,notification-svc,request_latency_p99,58.1,67.51,3.33,26.65,130.3,memory_leak_progressive,INC-1329
2026-03-27T10:00:00+00:00,payment-api,http_5xx_rate,26.76,44.56,1.55,19.51,126.78,normal_noisy,INC-5421
2026-03-28T06:00:00+00:00,payment-api,cpu_percent,73.74,68.53,25.3,88.06,1898.95,cascade_failure,INC-3184
2026-03-23T19:00:00+00:00,notification-svc,http_5xx_rate,17.4,25.29,1.26,12.59,136.35,normal_noisy,INC-5075
2026-03-12T09:00:00+00:00,inventory-api,http_5xx_rate,11.48,39.26,1.14,15.62,114.44,normal_noisy,INC-5470
2026-03-26T11:00:00+00:00,notification-svc,memory_percent,31.27,43.52,1.07,6.9,101.61,normal_noisy,INC-5013
2026-04-06T21:00:00+00:00,payment-api,cpu_percent,83.06,97.65,7.39,11.6,114.77,memory_leak_progressive,INC-1153
2026-03-27T00:00:00+00:00,order-service,db_conn_pool_wait_ms,26.04,43.83,14.46,338.6,294.64,db_pool_exhaustion,INC-0173
2026-03-10T01:00:00+00:00,order-service,request_latency_p99,36.19,34.07,25.84,293.4,251.96,db_pool_exhaustion,INC-0039
2026-03-10T00:00:00+00:00,payment-api,memory_percent,24.94,53.42,0.35,15.35,148.66,normal_noisy,INC-5361
2026-03-13T16:00:00+00:00,notification-svc,cpu_percent,20.82,89.66,6.9,13.31,784.97,memory_leak_progressive,INC-1214
2026-04-05T16:00:00+00:00,auth-service,request_latency_p99,16.72,44.62,6.68,139.63,401.98,db_pool_exhaustion,INC-0091
2026-03-30T05:00:00+00:00,order-service,memory_percent,19.6,53.31,0.62,8.44,83.24,normal_noisy,INC-5455
2026-03-19T06:00:00+00:00,inventory-api,http_5xx_rate,99.89,42.57,0.68,11.59,114.39,cpu_saturation_burst,INC-2206
2026-03-31T09:00:00+00:00,order-service,http_5xx_rate,39.81,36.77,1.59,18.93,124.94,normal_noisy,INC-5086
2026-03-14T18:00:00+00:00,auth-service,db_conn_pool_wait_ms,67.51,92.87,32.5,229.23,1230.26,cascade_failure,INC-3328
2026-03-15T11:00:00+00:00,order-service,cpu_percent,95.4,45.11,8.03,56.25,1338.94,cpu_saturation_burst,INC-2156
2026-04-03T15:00:00+00:00,inventory-api,request_latency_p99,95.98,26.75,10.35,58.82,2434.59,cpu_saturation_burst,INC-2325
2026-04-01T05:00:00+00:00,auth-service,db_conn_pool_wait_ms,14.45,45.81,23.68,402.49,571.54,db_pool_exhaustion,INC-0217
2026-03-24T17:00:00+00:00,inventory-api,cpu_percent,58.69,90.8,3.21,31.75,379.65,memory_leak_progressive,INC-1011
2026-04-03T05:00:00+00:00,inventory-api,request_latency_p99,72.25,82.65,44.31,119.37,2450.75,cascade_failure,INC-3181
2026-03-12T20:00:00+00:00,notification-svc,request_latency_p99,22.51,65.06,12.74,379.25,400.27,db_pool_exhaustion,INC-0500
2026-03-18T14:00:00+00:00,notification-svc,cpu_percent,20.64,54.49,0.57,17.18,108.81,normal_noisy,INC-5049
2026-04-02T19:00:00+00:00,auth-service,db_conn_pool_wait_ms,90.22,95.64,38.07,295.24,866.94,cascade_failure,INC-3357
2026-04-04T19:00:00+00:00,order-service,http_5xx_rate,97.65,34.68,0.52,6.66,210.67,cpu_saturation_burst,INC-2389
2026-03-23T06:00:00+00:00,inventory-api,http_5xx_rate,97.84,68.22,28.08,237.62,1497.75,cascade_failure,INC-3020
2026-03-16T00:00:00+00:00,notification-svc,http_5xx_rate,22.88,50.87,38.57,28.86,1034.06,network_partition,INC-4387
2026-03-30T15:00:00+00:00,inventory-api,http_5xx_rate,33.31,64.86,1.4,13.53,112.43,normal_noisy,INC-5222
2026-03-18T13:00:00+00:00,notification-svc,http_5xx_rate,29.45,31.58,41.28,47.83,1222.44,network_partition,INC-4077
2026-03-26T03:00:00+00:00,order-service,request_latency_p99,79.35,69.02,34.8,315.34,2113.06,cascade_failure,INC-3041
2026-03-13T11:00:00+00:00,inventory-api,http_5xx_rate,94.59,65.91,27.1,19.67,2175.1,cpu_saturation_burst,INC-2218
2026-03-28T17:00:00+00:00,inventory-api,request_latency_p99,91.53,21.5,26.57,37.27,1267.02,cpu_saturation_burst,INC-2417
2026-03-20T16:00:00+00:00,notification-svc,request_latency_p99,9.35,40.72,27.4,40.75,2303.41,network_partition,INC-4218
2026-03-23T04:00:00+00:00,order-service,memory_percent,24.95,18.1,0.18,14.09,97.8,normal_noisy,INC-5122
2026-03-20T15:00:00+00:00,notification-svc,cpu_percent,99.69,82.56,48.53,339.44,2189.25,cascade_failure,INC-3177
2026-03-26T05:00:00+00:00,order-service,cpu_percent,93.04,71.43,7.96,41.99,1032.61,cpu_saturation_burst,INC-2198
2026-03-18T04:00:00+00:00,payment-api,request_latency_p99,69.25,62.13,22.8,256.86,1287.3,cascade_failure,INC-3043
2026-03-25T03:00:00+00:00,notification-svc,cpu_percent,48.44,78.01,1.68,23.84,632.64,memory_leak_progressive,INC-1454
2026-03-17T00:00:00+00:00,inventory-api,memory_percent,26.23,88.3,6.67,44.11,354.52,memory_leak_progressive,INC-1251
2026-03-09T09:00:00+00:00,order-service,db_conn_pool_wait_ms,55.14,66.88,13.3,443.09,369.13,db_pool_exhaustion,INC-0235
2026-03-10T02:00:00+00:00,notification-svc,memory_percent,45.12,83.75,5.54,30.5,724.92,memory_leak_progressive,INC-1233
2026-03-14T21:00:00+00:00,inventory-api,http_5xx_rate,31.91,53.41,0.12,19.75,113.28,normal_noisy,INC-5493
2026-03-10T03:00:00+00:00,payment-api,http_5xx_rate,86.76,35.16,8.87,42.39,1201.11,cpu_saturation_burst,INC-2157
2026-04-07T03:00:00+00:00,inventory-api,request_latency_p99,11.56,26.01,0.81,5.1,39.87,normal_noisy,INC-5074
2026-03-17T06:00:00+00:00,payment-api,http_5xx_rate,13.52,40.31,54.62,25.81,2494.64,network_partition,INC-4446
2026-03-09T08:00:00+00:00,notification-svc,http_5xx_rate,98.6,68.22,8.43,63.01,2394.79,cpu_saturation_burst,INC-2210
2026-03-11T10:00:00+00:00,auth-service,cpu_percent,87.1,67.42,2.57,7.4,243.03,cpu_saturation_burst,INC-2066
2026-03-23T10:00:00+00:00,inventory-api,http_5xx_rate,39.08,32.39,47.01,38.67,48.67,network_partition,INC-4157
2026-03-30T11:00:00+00:00,order-service,cpu_percent,94.41,69.61,9.45,20.95,495.71,cpu_saturation_burst,INC-2063
2026-03-12T23:00:00+00:00,order-service,cpu_percent,94.25,48.91,34.76,65.19,2429.73,cpu_saturation_burst,INC-2168
2026-03-13T02:00:00+00:00,inventory-api,request_latency_p99,89.26,40.26,8.84,17.38,1897.55,cpu_saturation_burst,INC-2493
2026-03-16T03:00:00+00:00,inventory-api,http_5xx_rate,42.05,49.95,36.34,23.57,2539.21,network_partition,INC-4475
2026-03-27T15:00:00+00:00,notification-svc,request_latency_p99,33.13,87.16,6.84,56.43,326.29,memory_leak_progressive,INC-1385
2026-03-25T04:00:00+00:00,payment-api,http_5xx_rate,37.23,49.59,20.81,118.67,534.11,db_pool_exhaustion,INC-0144
2026-04-07T03:00:00+00:00,auth-service,memory_percent,41.82,17.06,0.59,7.13,120.1,normal_noisy,INC-5443
2026-03-28T09:00:00+00:00,order-service,request_latency_p99,73.12,94.16,3.19,24.76,695.84,memory_leak_progressive,INC-1351
2026-03-28T08:00:00+00:00,notification-svc,request_latency_p99,32.64,92.03,4.61,37.57,326.73,memory_leak_progressive,INC-1218
2026-03-29T13:00:00+00:00,auth-service,request_latency_p99,35.01,23.89,1.9,14.92,78.39,normal_noisy,INC-5365
2026-03-10T03:00:00+00:00,notification-svc,db_conn_pool_wait_ms,22.08,54.75,28.17,412.93,457.89,db_pool_exhaustion,INC-0265
2026-03-13T05:00:00+00:00,notification-svc,request_latency_p99,48.15,32.32,14.17,367.55,739.53,db_pool_exhaustion,INC-0076
2026-04-04T11:00:00+00:00,inventory-api,request_latency_p99,26.02,41.34,19.35,335.74,383.32,db_pool_exhaustion,INC-0396
2026-03-16T06:00:00+00:00,order-service,request_latency_p99,12.98,41.32,0.28,10.52,148.32,normal_noisy,INC-5046
2026-03-23T02:00:00+00:00,auth-service,request_latency_p99,18.57,67.92,57.47,47.16,36.96,network_partition,INC-4225
2026-03-14T21:00:00+00:00,order-service,http_5xx_rate,8.77,35.0,1.71,4.01,127.84,normal_noisy,INC-5300
2026-03-30T20:00:00+00:00,order-service,http_5xx_rate,56.53,50.23,25.49,232.05,853.91,db_pool_exhaustion,INC-0397
2026-03-27T17:00:00+00:00,inventory-api,request_latency_p99,90.36,30.17,1.46,16.21,181.12,cpu_saturation_burst,INC-2366
2026-04-04T13:00:00+00:00,inventory-api,request_latency_p99,9.15,63.51,0.4,11.24,457.76,normal_noisy,INC-5001
2026-04-01T23:00:00+00:00,auth-service,cpu_percent,97.34,92.24,25.84,139.95,1408.04,cascade_failure,INC-3404
2026-03-28T07:00:00+00:00,order-service,cpu_percent,79.72,65.29,4.07,44.66,571.58,memory_leak_progressive,INC-1096
2026-03-12T02:00:00+00:00,inventory-api,http_5xx_rate,36.05,50.63,35.59,57.63,2924.65,network_partition,INC-4110
2026-03-30T14:00:00+00:00,order-service,http_5xx_rate,95.02,60.88,25.9,66.8,1991.19,cpu_saturation_burst,INC-2297
2026-03-15T08:00:00+00:00,inventory-api,memory_percent,98.72,64.02,52.89,295.41,2188.64,cascade_failure,INC-3322
2026-03-30T19:00:00+00:00,payment-api,memory_percent,26.63,77.41,4.35,45.87,287.59,memory_leak_progressive,INC-1373
2026-04-01T18:00:00+00:00,inventory-api,request_latency_p99,16.22,30.47,0.02,18.54,558.19,normal_noisy,INC-5412
2026-03-18T05:00:00+00:00,notification-svc,request_latency_p99,17.29,67.02,40.94,11.38,2462.38,network_partition,INC-4327
2026-04-02T17:00:00+00:00,auth-service,db_conn_pool_wait_ms,87.05,70.63,45.08,418.1,2373.69,cascade_failure,INC-3049
2026-03-17T06:00:00+00:00,payment-api,http_5xx_rate,39.56,57.23,14.84,213.35,517.99,db_pool_exhaustion,INC-0037
2026-04-02T16:00:00+00:00,payment-api,request_latency_p99,77.38,26.21,0.05,15.58,29.39,normal_noisy,INC-5027
2026-03-12T23:00:00+00:00,notification-svc,http_5xx_rate,21.92,63.23,21.86,59.27,2085.09,network_partition,INC-4144
2026-03-22T23:00:00+00:00,auth-service,memory_percent,14.34,28.4,0.86,8.64,132.12,normal_noisy,INC-5441
2026-04-03T02:00:00+00:00,order-service,memory_percent,15.51,81.65,4.9,5.96,700.14,memory_leak_progressive,INC-1478
2026-04-02T20:00:00+00:00,payment-api,request_latency_p99,90.7,76.65,57.19,317.9,2201.38,cascade_failure,INC-3072
2026-03-16T21:00:00+00:00,auth-service,request_latency_p99,95.71,33.88,0.84,17.13,238.91,cpu_saturation_burst,INC-2123
2026-04-03T01:00:00+00:00,inventory-api,request_latency_p99,36.79,35.39,57.61,5.59,2204.05,network_partition,INC-4240
2026-03-14T17:00:00+00:00,auth-service,cpu_percent,92.14,93.67,41.68,100.04,828.98,cascade_failure,INC-3393
2026-03-17T12:00:00+00:00,payment-api,memory_percent,76.25,93.93,7.5,14.31,276.73,memory_leak_progressive,INC-1176
2026-03-14T05:00:00+00:00,inventory-api,request_latency_p99,36.95,96.82,4.58,18.97,216.57,memory_leak_progressive,INC-1229
2026-03-26T19:00:00+00:00,notification-svc,db_conn_pool_wait_ms,58.23,48.62,6.19,182.03,283.56,db_pool_exhaustion,INC-0413
2026-03-16T08:00:00+00:00,payment-api,memory_percent,69.24,77.1,39.03,442.41,1208.59,cascade_failure,INC-3017
2026-04-05T01:00:00+00:00,auth-service,cpu_percent,94.02,84.67,33.61,126.34,960.69,cascade_failure,INC-3150
2026-03-18T11:00:00+00:00,notification-svc,memory_percent,15.75,92.39,5.51,21.13,349.7,memory_leak_progressive,INC-1326
2026-03-17T14:00:00+00:00,notification-svc,memory_percent,41.9,85.97,6.8,30.79,730.02,memory_leak_progressive,INC-1117
2026-03-28T05:00:00+00:00,order-service,request_latency_p99,28.95,50.68,23.54,419.59,931.14,db_pool_exhaustion,INC-0115
2026-04-03T15:00:00+00:00,inventory-api,http_5xx_rate,55.06,33.93,6.07,131.22,921.37,db_pool_exhaustion,INC-0418
2026-03-29T22:00:00+00:00,order-service,cpu_percent,79.37,91.03,20.25,393.36,2861.33,cascade_failure,INC-3126
2026-03-19T02:00:00+00:00,notification-svc,cpu_percent,40.55,23.57,0.78,12.84,116.2,normal_noisy,INC-5440
2026-03-08T13:00:00+00:00,inventory-api,db_conn_pool_wait_ms,38.74,69.9,22.52,234.21,795.21,db_pool_exhaustion,INC-0090
2026-04-04T12:00:00+00:00,auth-service,request_latency_p99,22.2,39.96,24.83,20.46,141.75,network_partition,INC-4083
2026-04-05T22:00:00+00:00,order-service,request_latency_p99,51.02,89.22,6.55,17.09,339.42,memory_leak_progressive,INC-1254
2026-03-28T04:00:00+00:00,auth-service,memory_percent,76.21,69.59,54.65,163.23,2717.88,cascade_failure,INC-3131
2026-03-14T02:00:00+00:00,auth-service,db_conn_pool_wait_ms,46.12,48.48,9.03,222.51,701.04,db_pool_exhaustion,INC-0012
2026-03-21T20:00:00+00:00,order-service,request_latency_p99,21.31,32.85,35.57,53.98,2106.66,network_partition,INC-4445
2026-03-31T17:00:00+00:00,auth-service,db_conn_pool_wait_ms,56.43,50.17,18.3,447.7,514.58,db_pool_exhaustion,INC-0285
2026-03-30T09:00:00+00:00,inventory-api,cpu_percent,89.25,26.77,6.87,70.53,2098.89,cpu_saturation_burst,INC-2067
2026-03-09T08:00:00+00:00,notification-svc,cpu_percent,92.28,68.62,0.19,18.31,212.77,cpu_saturation_burst,INC-2192
2026-03-29T02:00:00+00:00,order-service,cpu_percent,86.58,51.84,20.92,78.18,1861.75,cpu_saturation_burst,INC-2441
2026-03-14T12:00:00+00:00,order-service,memory_percent,37.99,46.19,1.28,5.71,148.28,normal_noisy,INC-5302
2026-03-12T08:00:00+00:00,payment-api,cpu_percent,19.97,26.07,0.74,10.29,25.9,normal_noisy,INC-5301
2026-03-31T21:00:00+00:00,payment-api,http_5xx_rate,44.96,15.13,0.59,11.68,76.17,normal_noisy,INC-5211
2026-04-06T13:00:00+00:00,inventory-api,request_latency_p99,89.78,73.21,27.99,357.48,1431.64,cascade_failure,INC-3069
2026-03-20T11:00:00+00:00,notification-svc,request_latency_p99,15.98,41.47,51.87,20.98,2865.87,network_partition,INC-4428
2026-03-15T06:00:00+00:00,payment-api,http_5xx_rate,22.03,43.66,1.95,8.98,131.79,normal_noisy,INC-5078
2026-03-19T05:00:00+00:00,order-service,db_conn_pool_wait_ms,66.63,89.27,51.64,94.29,2548.76,cascade_failure,INC-3188
2026-03-16T20:00:00+00:00,payment-api,cpu_percent,41.39,77.05,0.86,58.49,406.67,memory_leak_progressive,INC-1352
2026-03-31T00:00:00+00:00,notification-svc,request_latency_p99,44.42,36.22,35.61,25.17,2929.06,network_partition,INC-4208
2026-04-03T15:00:00+00:00,payment-api,memory_percent,71.34,85.31,1.71,23.82,795.9,memory_leak_progressive,INC-1396
2026-04-02T12:00:00+00:00,inventory-api,request_latency_p99,31.57,62.79,24.98,412.76,1161.89,db_pool_exhaustion,INC-0497
2026-03-22T14:00:00+00:00,auth-service,request_latency_p99,17.49,62.48,35.62,16.17,116.02,network_partition,INC-4306
2026-03-22T16:00:00+00:00,notification-svc,http_5xx_rate,78.1,61.4,45.24,180.12,2704.83,cascade_failure,INC-3283
2026-04-03T22:00:00+00:00,auth-service,db_conn_pool_wait_ms,17.29,39.07,18.72,409.16,415.13,db_pool_exhaustion,INC-0336
2026-03-24T21:00:00+00:00,auth-service,request_latency_p99,76.57,71.21,6.07,57.44,401.27,memory_leak_progressive,INC-1016
2026-03-25T13:00:00+00:00,order-service,request_latency_p99,89.08,24.0,0.84,7.74,62.48,cpu_saturation_burst,INC-2349
2026-03-20T08:00:00+00:00,inventory-api,http_5xx_rate,91.34,54.08,2.47,8.33,158.8,cpu_saturation_burst,INC-2016
2026-03-30T16:00:00+00:00,auth-service,cpu_percent,42.98,37.38,1.58,19.22,70.17,normal_noisy,INC-5309
2026-03-30T20:00:00+00:00,notification-svc,http_5xx_rate,35.75,45.16,0.31,18.24,54.91,normal_noisy,INC-5304
2026-03-20T04:00:00+00:00,auth-service,db_conn_pool_wait_ms,76.05,67.37,41.22,134.93,1744.74,cascade_failure,INC-3282
2026-03-12T11:00:00+00:00,order-service,http_5xx_rate,65.2,93.49,36.77,448.5,1148.14,cascade_failure,INC-3286
2026-03-31T03:00:00+00:00,payment-api,request_latency_p99,35.69,64.45,33.29,11.78,2624.5,network_partition,INC-4071
2026-03-29T11:00:00+00:00,inventory-api,http_5xx_rate,33.59,53.28,17.52,299.66,672.14,db_pool_exhaustion,INC-0357
2026-03-18T10:00:00+00:00,auth-service,memory_percent,22.29,50.51,0.17,178.2,119.63,normal_noisy,INC-5353
2026-03-25T22:00:00+00:00,auth-service,http_5xx_rate,87.51,52.96,5.4,50.37,1796.91,cpu_saturation_burst,INC-2313
2026-03-23T11:00:00+00:00,inventory-api,cpu_percent,67.46,74.3,31.39,234.83,2227.87,cascade_failure,INC-3136
2026-03-30T00:00:00+00:00,payment-api,memory_percent,27.79,93.51,2.42,6.65,254.5,memory_leak_progressive,INC-1051
2026-04-05T12:00:00+00:00,payment-api,http_5xx_rate,29.74,44.89,32.14,7.86,21.53,network_partition,INC-4389
2026-03-12T11:00:00+00:00,notification-svc,request_latency_p99,43.73,66.96,38.49,41.12,35.24,network_partition,INC-4480
2026-03-24T16:00:00+00:00,auth-service,cpu_percent,19.35,54.63,1.49,17.01,52.31,normal_noisy,INC-5022
2026-03-09T12:00:00+00:00,payment-api,request_latency_p99,17.13,49.42,32.74,12.84,1100.29,network_partition,INC-4266
2026-03-24T13:00:00+00:00,auth-service,cpu_percent,89.35,68.33,17.93,73.54,897.09,cpu_saturation_burst,INC-2228
2026-04-07T07:00:00+00:00,order-service,memory_percent,25.85,47.38,1.4,13.85,109.38,normal_noisy,INC-5323
2026-04-01T08:00:00+00:00,order-service,cpu_percent,57.66,84.17,0.75,41.01,324.15,memory_leak_progressive,INC-1458
2026-03-29T04:00:00+00:00,order-service,cpu_percent,89.95,87.0,56.96,322.13,1289.18,cascade_failure,INC-3274
2026-04-07T08:00:00+00:00,notification-svc,http_5xx_rate,25.2,65.8,49.11,27.67,113.57,network_partition,INC-4142
2026-03-31T17:00:00+00:00,order-service,cpu_percent,95.93,44.06,34.86,30.19,1992.7,cpu_saturation_burst,INC-2009
2026-04-06T15:00:00+00:00,order-service,http_5xx_rate,88.03,27.19,26.02,42.36,477.66,cpu_saturation_burst,INC-2093
2026-03-19T07:00:00+00:00,payment-api,request_latency_p99,39.71,29.25,0.55,19.02,83.33,normal_noisy,INC-5175
2026-04-01T09:00:00+00:00,payment-api,cpu_percent,49.68,91.34,3.39,52.33,728.55,memory_leak_progressive,INC-1497
2026-03-16T10:00:00+00:00,order-service,memory_percent,76.11,70.69,26.18,358.25,906.32,cascade_failure,INC-3180
2026-03-14T11:00:00+00:00,payment-api,request_latency_p99,53.95,33.84,8.84,97.27,733.84,db_pool_exhaustion,INC-0154
2026-03-30T08:00:00+00:00,inventory-api,http_5xx_rate,41.66,22.14,0.52,13.95,144.59,normal_noisy,INC-5283
2026-03-15T06:00:00+00:00,auth-service,cpu_percent,30.44,89.67,2.66,45.86,489.84,memory_leak_progressive,INC-1081
2026-03-19T15:00:00+00:00,payment-api,cpu_percent,85.02,21.1,2.43,3.68,60.84,cpu_saturation_burst,INC-2471
2026-03-20T12:00:00+00:00,payment-api,memory_percent,35.53,79.34,2.31,49.2,466.73,memory_leak_progressive,INC-1204
2026-03-10T04:00:00+00:00,order-service,http_5xx_rate,95.0,41.2,17.2,76.57,1959.23,cpu_saturation_burst,INC-2213
2026-03-11T21:00:00+00:00,payment-api,request_latency_p99,34.17,67.21,5.16,35.11,534.17,memory_leak_progressive,INC-1397
2026-03-29T05:00:00+00:00,order-service,db_conn_pool_wait_ms,17.93,46.68,26.99,220.73,257.29,db_pool_exhaustion,INC-0488
2026-03-16T05:00:00+00:00,payment-api,request_latency_p99,51.12,68.98,0.7,10.12,483.59,memory_leak_progressive,INC-1060
2026-03-11T18:00:00+00:00,order-service,request_latency_p99,93.51,25.25,14.69,16.3,1195.06,cpu_saturation_burst,INC-2142
2026-04-04T15:00:00+00:00,order-service,request_latency_p99,91.77,40.97,1.52,10.81,230.84,cpu_saturation_burst,INC-2120
2026-03-29T19:00:00+00:00,notification-svc,request_latency_p99,40.36,90.14,2.25,42.37,795.26,memory_leak_progressive,INC-1013
2026-04-03T11:00:00+00:00,order-service,request_latency_p99,66.18,77.49,4.4,52.74,336.79,memory_leak_progressive,INC-1134
2026-03-09T04:00:00+00:00,auth-service,request_latency_p99,31.9,44.33,0.89,5.06,36.21,normal_noisy,INC-5085
2026-03-18T10:00:00+00:00,notification-svc,memory_percent,79.42,84.29,53.24,150.06,2429.99,cascade_failure,INC-3165
2026-03-14T18:00:00+00:00,inventory-api,http_5xx_rate,87.74,44.81,1.78,18.35,221.73,cpu_saturation_burst,INC-2013
2026-03-08T19:00:00+00:00,notification-svc,db_conn_pool_wait_ms,72.9,93.11,21.6,362.86,901.06,cascade_failure,INC-3432
2026-03-09T22:00:00+00:00,notification-svc,http_5xx_rate,90.06,70.29,1.85,4.09,134.82,cpu_saturation_burst,INC-2151
2026-03-14T07:00:00+00:00,auth-service,cpu_percent,32.85,42.25,1.67,12.15,65.63,normal_noisy,INC-5306
2026-03-25T14:00:00+00:00,inventory-api,request_latency_p99,28.86,58.77,27.19,444.81,594.63,db_pool_exhaustion,INC-0117
2026-03-27T18:00:00+00:00,order-service,request_latency_p99,34.5,77.7,2.85,16.08,353.41,memory_leak_progressive,INC-1241
2026-04-04T18:00:00+00:00,notification-svc,request_latency_p99,33.42,19.23,0.92,18.66,80.01,normal_noisy,INC-5264
2026-04-02T12:00:00+00:00,auth-service,db_conn_pool_wait_ms,77.12,79.3,37.34,234.28,2482.19,cascade_failure,INC-3475
2026-03-15T06:00:00+00:00,order-service,http_5xx_rate,99.03,53.44,7.98,19.61,1920.12,cpu_saturation_burst,INC-2082
2026-03-30T03:00:00+00:00,auth-service,cpu_percent,86.36,75.41,27.65,175.5,944.69,cascade_failure,INC-3311
2026-04-03T18:00:00+00:00,payment-api,memory_percent,23.03,96.08,2.5,22.95,596.31,memory_leak_progressive,INC-1331
2026-03-31T04:00:00+00:00,payment-api,db_conn_pool_wait_ms,23.91,38.08,9.64,420.26,722.01,db_pool_exhaustion,INC-0120
2026-03-31T07:00:00+00:00,inventory-api,memory_percent,65.33,77.29,7.22,33.01,242.39,memory_leak_progressive,INC-1157
2026-04-04T09:00:00+00:00,payment-api,memory_percent,26.39,40.96,0.29,16.52,48.2,normal_noisy,INC-5233
2026-03-12T12:00:00+00:00,notification-svc,http_5xx_rate,27.16,16.3,0.59,5.72,147.8,normal_noisy,INC-5193
2026-03-28T13:00:00+00:00,payment-api,request_latency_p99,44.73,48.02,1.09,10.85,109.27,normal_noisy,INC-5433
2026-04-06T01:00:00+00:00,order-service,cpu_percent,77.14,84.39,5.09,28.59,568.35,memory_leak_progressive,INC-1136
2026-03-18T06:00:00+00:00,payment-api,http_5xx_rate,49.98,65.5,6.22,99.41,954.09,db_pool_exhaustion,INC-0370
2026-04-03T12:00:00+00:00,payment-api,request_latency_p99,32.05,46.57,18.05,234.95,479.64,db_pool_exhaustion,INC-0269
2026-03-08T15:00:00+00:00,inventory-api,db_conn_pool_wait_ms,39.5,33.8,20.4,110.41,371.29,db_pool_exhaustion,INC-0047
2026-03-09T05:00:00+00:00,payment-api,memory_percent,46.34,97.32,3.41,13.42,669.36,memory_leak_progressive,INC-1492
2026-04-06T04:00:00+00:00,notification-svc,request_latency_p99,75.96,82.99,7.23,11.57,292.97,memory_leak_progressive,INC-1377
2026-03-29T01:00:00+00:00,notification-svc,cpu_percent,71.9,83.55,3.45,51.36,676.43,memory_leak_progressive,INC-1274
2026-03-21T02:00:00+00:00,auth-service,request_latency_p99,87.28,27.72,10.1,39.13,2281.44,cpu_saturation_burst,INC-2220
2026-03-24T21:00:00+00:00,notification-svc,cpu_percent,91.58,23.15,10.08,52.07,1606.29,cpu_saturation_burst,INC-2127
2026-03-10T20:00:00+00:00,inventory-api,http_5xx_rate,28.52,48.78,9.74,119.1,329.92,db_pool_exhaustion,INC-0005
2026-04-01T09:00:00+00:00,auth-service,request_latency_p99,98.47,66.18,23.42,87.74,2704.4,cascade_failure,INC-3096
2026-03-16T17:00:00+00:00,payment-api,request_latency_p99,29.77,60.09,50.57,26.96,119.42,network_partition,INC-4312
2026-03-14T03:00:00+00:00,order-service,request_latency_p99,41.77,35.27,34.81,33.57,92.24,network_partition,INC-4492
2026-03-20T03:00:00+00:00,payment-api,http_5xx_rate,85.07,38.05,2.73,17.93,118.02,cpu_saturation_burst,INC-2078
2026-03-21T18:00:00+00:00,payment-api,request_latency_p99,51.76,80.0,7.1,22.11,689.22,memory_leak_progressive,INC-1338
2026-03-29T09:00:00+00:00,payment-api,request_latency_p99,43.23,89.22,0.53,19.34,486.14,memory_leak_progressive,INC-1182
2026-03-19T14:00:00+00:00,order-service,memory_percent,90.36,91.87,37.13,92.94,1714.09,cascade_failure,INC-3216
2026-03-11T17:00:00+00:00,auth-service,http_5xx_rate,31.87,68.84,40.87,41.28,2378.87,network_partition,INC-4353
2026-03-24T01:00:00+00:00,payment-api,request_latency_p99,41.6,51.14,49.45,13.76,40.63,network_partition,INC-4362
2026-03-20T02:00:00+00:00,auth-service,request_latency_p99,15.0,48.49,49.96,58.74,1879.04,network_partition,INC-4198
2026-04-02T20:00:00+00:00,auth-service,cpu_percent,88.99,59.15,8.97,37.34,1715.06,cpu_saturation_burst,INC-2149
2026-03-19T23:00:00+00:00,order-service,cpu_percent,63.17,60.22,2.86,35.23,438.09,memory_leak_progressive,INC-1075
2026-03-09T16:00:00+00:00,payment-api,request_latency_p99,29.17,59.19,18.82,132.55,1136.14,db_pool_exhaustion,INC-0051
2026-03-13T04:00:00+00:00,inventory-api,cpu_percent,63.11,83.46,2.01,8.84,341.36,memory_leak_progressive,INC-1354
2026-03-18T19:00:00+00:00,inventory-api,request_latency_p99,93.32,78.15,37.68,168.81,1966.8,cascade_failure,INC-3483
2026-03-16T12:00:00+00:00,notification-svc,db_conn_pool_wait_ms,65.04,90.19,34.79,98.69,1549.49,cascade_failure,INC-3324
2026-03-14T21:00:00+00:00,order-service,memory_percent,48.95,75.95,1.52,54.23,690.07,memory_leak_progressive,INC-1334
2026-03-17T12:00:00+00:00,auth-service,request_latency_p99,87.01,70.35,12.97,30.13,1921.97,cpu_saturation_burst,INC-2116
2026-03-23T05:00:00+00:00,notification-svc,request_latency_p99,93.24,66.65,0.11,14.7,202.35,cpu_saturation_burst,INC-2167
2026-03-09T14:00:00+00:00,payment-api,memory_percent,43.77,17.5,1.41,12.13,46.19,normal_noisy,INC-5019
2026-04-01T00:00:00+00:00,inventory-api,http_5xx_rate,86.55,67.02,59.89,425.61,2479.1,cascade_failure,INC-3407
2026-03-30T00:00:00+00:00,order-service,memory_percent,15.62,88.03,2.02,20.08,169.13,memory_leak_progressive,INC-1472
2026-03-29T05:00:00+00:00,notification-svc,request_latency_p99,42.76,38.4,29.48,318.22,298.08,db_pool_exhaustion,INC-0400
2026-03-08T19:00:00+00:00,payment-api,cpu_percent,31.86,44.13,0.21,8.0,30.41,normal_noisy,INC-5060
2026-03-28T23:00:00+00:00,inventory-api,http_5xx_rate,20.06,59.88,48.0,38.91,120.69,network_partition,INC-4369
2026-03-10T09:00:00+00:00,payment-api,request_latency_p99,26.58,50.83,15.97,266.74,221.61,db_pool_exhaustion,INC-0020
2026-03-22T20:00:00+00:00,notification-svc,cpu_percent,83.85,80.55,6.86,24.44,237.93,memory_leak_progressive,INC-1185
2026-03-29T04:00:00+00:00,notification-svc,db_conn_pool_wait_ms,24.24,36.14,7.89,99.86,221.15,db_pool_exhaustion,INC-0036
2026-03-11T16:00:00+00:00,inventory-api,memory_percent,41.78,40.41,0.92,14.1,22.21,normal_noisy,INC-5330
2026-04-06T22:00:00+00:00,inventory-api,memory_percent,44.4,93.05,0.06,11.37,385.27,memory_leak_progressive,INC-1025
2026-03-24T00:00:00+00:00,payment-api,http_5xx_rate,29.45,57.58,25.39,48.25,2334.15,network_partition,INC-4456
2026-03-28T07:00:00+00:00,inventory-api,cpu_percent,45.72,89.96,7.4,46.15,758.1,memory_leak_progressive,INC-1421
2026-03-28T13:00:00+00:00,auth-service,memory_percent,75.65,75.18,56.87,346.13,1530.8,cascade_failure,INC-3342
2026-03-24T08:00:00+00:00,payment-api,db_conn_pool_wait_ms,71.73,70.58,52.51,273.36,2662.13,cascade_failure,INC-3391
2026-03-25T22:00:00+00:00,payment-api,memory_percent,69.6,81.6,4.51,25.29,658.09,memory_leak_progressive,INC-1038
2026-03-08T22:00:00+00:00,notification-svc,db_conn_pool_wait_ms,83.17,64.87,25.31,149.62,2214.35,cascade_failure,INC-3206
2026-03-27T07:00:00+00:00,order-service,http_5xx_rate,90.25,55.07,1.3,14.56,68.21,normal_noisy,INC-5432
2026-03-25T13:00:00+00:00,auth-service,http_5xx_rate,38.5,36.17,28.53,208.04,367.36,db_pool_exhaustion,INC-0246
2026-04-01T02:00:00+00:00,order-service,memory_percent,58.51,87.47,6.96,39.9,466.49,memory_leak_progressive,INC-1285
2026-03-09T03:00:00+00:00,inventory-api,http_5xx_rate,96.37,70.48,1.75,15.07,208.49,cpu_saturation_burst,INC-2410
2026-03-16T17:00:00+00:00,notification-svc,cpu_percent,21.67,63.17,0.99,11.22,86.3,normal_noisy,INC-5038
2026-03-30T02:00:00+00:00,payment-api,http_5xx_rate,31.82,60.98,5.87,200.13,852.26,db_pool_exhaustion,INC-0155
2026-03-23T19:00:00+00:00,inventory-api,cpu_percent,93.51,67.62,52.61,157.41,1842.66,cascade_failure,INC-3187
2026-04-02T06:00:00+00:00,notification-svc,request_latency_p99,45.08,82.96,6.15,34.1,618.96,memory_leak_progressive,INC-1126
2026-03-10T22:00:00+00:00,order-service,memory_percent,71.82,29.17,1.88,46.65,48.72,normal_noisy,INC-5377
2026-03-20T09:00:00+00:00,auth-service,http_5xx_rate,93.6,23.31,17.19,58.79,480.83,cpu_saturation_burst,INC-2347
2026-03-08T16:00:00+00:00,auth-service,cpu_percent,77.97,75.52,5.82,15.15,231.16,memory_leak_progressive,INC-1070
2026-03-28T10:00:00+00:00,payment-api,http_5xx_rate,16.94,33.07,1.95,3.7,93.66,normal_noisy,INC-5434
2026-03-14T08:00:00+00:00,payment-api,db_conn_pool_wait_ms,72.84,69.37,39.57,385.65,1983.68,cascade_failure,INC-3259
2026-03-23T21:00:00+00:00,auth-service,http_5xx_rate,69.25,69.95,55.86,437.99,1735.5,cascade_failure,INC-3317
2026-03-14T10:00:00+00:00,payment-api,request_latency_p99,14.92,32.24,25.79,26.72,1756.21,network_partition,INC-4066
2026-03-31T03:00:00+00:00,auth-service,db_conn_pool_wait_ms,48.87,50.71,17.27,186.56,729.75,db_pool_exhaustion,INC-0128
2026-03-30T22:00:00+00:00,notification-svc,http_5xx_rate,21.77,20.38,0.83,8.21,95.73,normal_noisy,INC-5478
2026-03-27T23:00:00+00:00,notification-svc,http_5xx_rate,26.9,47.98,39.36,18.61,1316.31,network_partition,INC-4007
2026-03-16T14:00:00+00:00,payment-api,memory_percent,23.23,80.59,7.68,24.42,153.93,memory_leak_progressive,INC-1481
2026-03-23T20:00:00+00:00,order-service,memory_percent,20.49,39.44,1.66,10.81,62.79,normal_noisy,INC-5475
2026-04-01T15:00:00+00:00,auth-service,db_conn_pool_wait_ms,48.99,47.84,28.27,219.36,812.22,db_pool_exhaustion,INC-0191
2026-03-31T09:00:00+00:00,notification-svc,request_latency_p99,86.51,27.63,5.11,77.04,2117.05,cpu_saturation_burst,INC-2140
2026-03-28T14:00:00+00:00,auth-service,cpu_percent,61.95,78.07,5.26,31.97,762.23,memory_leak_progressive,INC-1493
2026-03-16T23:00:00+00:00,payment-api,request_latency_p99,64.53,80.89,7.96,21.31,492.5,memory_leak_progressive,INC-1200
2026-03-17T15:00:00+00:00,auth-service,request_latency_p99,61.36,93.56,2.63,9.55,315.48,memory_leak_progressive,INC-1107
2026-03-12T02:00:00+00:00,inventory-api,request_latency_p99,25.19,64.97,5.6,114.13,720.46,db_pool_exhaustion,INC-0181
2026-03-14T17:00:00+00:00,auth-service,db_conn_pool_wait_ms,59.34,48.34,7.32,374.58,762.01,db_pool_exhaustion,INC-0302
2026-03-21T08:00:00+00:00,payment-api,http_5xx_rate,34.58,28.02,0.97,2.02,52.63,normal_noisy,INC-5045
2026-03-27T14:00:00+00:00,order-service,memory_percent,37.08,34.51,1.39,14.02,118.96,normal_noisy,INC-5276
2026-04-03T09:00:00+00:00,notification-svc,cpu_percent,94.16,21.72,28.54,53.81,1154.12,cpu_saturation_burst,INC-2061
2026-03-23T09:00:00+00:00,auth-service,memory_percent,10.59,53.4,0.32,3.26,102.08,normal_noisy,INC-5320
2026-03-22T06:00:00+00:00,payment-api,http_5xx_rate,35.5,23.37,1.79,8.43,67.46,normal_noisy,INC-5379
2026-03-29T10:00:00+00:00,inventory-api,memory_percent,97.99,55.71,0.66,8.33,39.04,normal_noisy,INC-5066
2026-03-11T08:00:00+00:00,auth-service,request_latency_p99,94.12,70.63,30.33,78.57,981.88,cpu_saturation_burst,INC-2070
2026-03-11T06:00:00+00:00,auth-service,cpu_percent,25.44,50.3,1.42,5.02,65.32,normal_noisy,INC-5025
2026-03-08T13:00:00+00:00,order-service,request_latency_p99,8.74,59.64,40.29,57.83,92.38,network_partition,INC-4206
2026-03-23T00:00:00+00:00,notification-svc,request_latency_p99,98.43,42.19,29.23,36.04,607.79,cpu_saturation_burst,INC-2244
2026-04-03T07:00:00+00:00,order-service,request_latency_p99,30.79,31.66,17.35,221.11,529.86,db_pool_exhaustion,INC-0017
2026-03-19T17:00:00+00:00,payment-api,http_5xx_rate,31.28,56.98,0.08,14.32,64.21,normal_noisy,INC-5481
2026-03-14T04:00:00+00:00,auth-service,request_latency_p99,75.63,78.93,0.19,43.2,513.32,memory_leak_progressive,INC-1047
2026-03-12T04:00:00+00:00,payment-api,cpu_percent,39.58,94.54,0.61,7.06,657.77,memory_leak_progressive,INC-1159
2026-03-27T20:00:00+00:00,inventory-api,request_latency_p99,29.17,63.65,0.22,16.35,44.1,normal_noisy,INC-5205
2026-03-26T22:00:00+00:00,payment-api,memory_percent,17.94,44.2,0.04,2.18,118.1,normal_noisy,INC-5236
2026-03-10T17:00:00+00:00,auth-service,cpu_percent,70.39,64.04,25.02,367.79,1184.07,cascade_failure,INC-3005
2026-03-12T18:00:00+00:00,inventory-api,cpu_percent,55.99,95.84,3.9,47.45,403.15,memory_leak_progressive,INC-1460
2026-03-26T19:00:00+00:00,auth-service,request_latency_p99,27.87,69.74,41.33,12.56,106.6,network_partition,INC-4332
2026-04-05T12:00:00+00:00,order-service,request_latency_p99,64.25,92.11,0.06,56.73,674.07,memory_leak_progressive,INC-1298
2026-03-23T08:00:00+00:00,order-service,request_latency_p99,55.66,39.87,23.41,396.72,877.97,db_pool_exhaustion,INC-0226
2026-03-24T01:00:00+00:00,notification-svc,http_5xx_rate,19.63,39.63,48.68,33.6,48.97,network_partition,INC-4075
2026-03-19T21:00:00+00:00,auth-service,memory_percent,69.77,81.53,20.99,316.65,1714.57,cascade_failure,INC-3300
2026-04-05T01:00:00+00:00,notification-svc,request_latency_p99,26.44,39.27,51.32,28.28,2242.05,network_partition,INC-4486
2026-03-13T12:00:00+00:00,payment-api,http_5xx_rate,27.49,23.28,0.36,4.49,135.36,normal_noisy,INC-5463
2026-03-22T11:00:00+00:00,payment-api,request_latency_p99,27.32,58.21,39.95,9.82,2867.66,network_partition,INC-4278
2026-03-15T16:00:00+00:00,notification-svc,request_latency_p99,39.02,45.81,25.39,45.65,97.74,network_partition,INC-4086
2026-04-06T08:00:00+00:00,payment-api,db_conn_pool_wait_ms,69.84,71.32,38.34,353.93,1297.86,cascade_failure,INC-3194
2026-03-25T05:00:00+00:00,notification-svc,cpu_percent,88.97,57.31,26.21,57.3,1405.58,cpu_saturation_burst,INC-2046
2026-04-02T08:00:00+00:00,payment-api,request_latency_p99,53.41,34.39,14.52,330.21,705.96,db_pool_exhaustion,INC-0470
2026-03-20T23:00:00+00:00,notification-svc,request_latency_p99,53.91,81.46,7.06,47.68,737.2,memory_leak_progressive,INC-1455
2026-03-18T13:00:00+00:00,payment-api,cpu_percent,47.97,30.87,0.0,15.1,30.09,normal_noisy,INC-5477
2026-03-22T10:00:00+00:00,inventory-api,memory_percent,41.85,79.1,1.3,19.9,661.01,memory_leak_progressive,INC-1140
2026-03-17T01:00:00+00:00,payment-api,memory_percent,9.62,54.41,1.23,8.84,141.86,normal_noisy,INC-5279
2026-03-26T02:00:00+00:00,auth-service,request_latency_p99,86.75,64.02,8.0,73.6,2232.21,cpu_saturation_burst,INC-2219
2026-03-22T00:00:00+00:00,order-service,request_latency_p99,87.05,43.6,2.27,7.14,143.47,cpu_saturation_burst,INC-2159
2026-03-14T19:00:00+00:00,notification-svc,request_latency_p99,92.93,55.48,19.5,74.67,1405.71,cpu_saturation_burst,INC-2416
2026-03-12T22:00:00+00:00,notification-svc,http_5xx_rate,33.16,46.96,0.51,6.34,111.42,normal_noisy,INC-5214
2026-03-23T12:00:00+00:00,auth-service,db_conn_pool_wait_ms,79.55,97.83,34.0,114.73,2753.51,cascade_failure,INC-3028
2026-03-09T07:00:00+00:00,auth-service,cpu_percent,31.03,26.32,0.05,12.1,132.77,normal_noisy,INC-5422
2026-03-26T05:00:00+00:00,inventory-api,request_latency_p99,98.58,47.22,24.03,47.14,588.05,cpu_saturation_burst,INC-2301
2026-03-09T06:00:00+00:00,order-service,request_latency_p99,28.04,46.79,1.96,10.44,78.22,normal_noisy,INC-5367
2026-03-27T16:00:00+00:00,inventory-api,db_conn_pool_wait_ms,88.65,84.87,31.67,95.22,1723.88,cascade_failure,INC-3104
2026-04-07T07:00:00+00:00,order-service,request_latency_p99,45.53,31.06,6.24,407.14,801.56,db_pool_exhaustion,INC-0161
2026-03-10T13:00:00+00:00,order-service,http_5xx_rate,65.83,82.74,36.46,379.8,805.65,cascade_failure,INC-3205
2026-04-04T16:00:00+00:00,payment-api,memory_percent,68.77,80.42,0.14,30.67,436.95,memory_leak_progressive,INC-1457
2026-03-20T02:00:00+00:00,order-service,cpu_percent,26.52,33.66,0.44,274.83,24.67,normal_noisy,INC-5416
2026-03-11T15:00:00+00:00,inventory-api,memory_percent,18.58,92.09,0.71,55.73,798.4,memory_leak_progressive,INC-1378
2026-03-15T06:00:00+00:00,notification-svc,cpu_percent,73.16,60.18,45.12,185.6,2859.88,cascade_failure,INC-3420
2026-03-15T01:00:00+00:00,payment-api,memory_percent,91.08,77.33,44.23,331.83,2471.12,cascade_failure,INC-3385
2026-03-13T11:00:00+00:00,notification-svc,http_5xx_rate,8.74,38.86,51.65,11.61,1015.98,network_partition,INC-4201
2026-03-11T14:00:00+00:00,inventory-api,request_latency_p99,29.71,46.66,5.04,275.52,312.07,db_pool_exhaustion,INC-0099
2026-03-31T09:00:00+00:00,auth-service,http_5xx_rate,15.57,52.75,1.5,19.11,51.69,normal_noisy,INC-5328
2026-03-09T07:00:00+00:00,payment-api,cpu_percent,25.57,47.35,0.07,2.23,85.26,normal_noisy,INC-5058
2026-03-30T06:00:00+00:00,inventory-api,db_conn_pool_wait_ms,11.09,63.95,8.88,345.43,806.57,db_pool_exhaustion,INC-0254
2026-03-20T19:00:00+00:00,inventory-api,http_5xx_rate,40.96,36.51,24.32,413.34,1055.49,db_pool_exhaustion,INC-0104
2026-04-06T08:00:00+00:00,order-service,cpu_percent,99.99,73.19,10.55,30.78,945.01,cpu_saturation_burst,INC-2446
2026-03-26T21:00:00+00:00,inventory-api,http_5xx_rate,97.9,45.35,7.08,74.29,574.31,cpu_saturation_burst,INC-2444
2026-03-18T00:00:00+00:00,notification-svc,db_conn_pool_wait_ms,68.81,83.12,23.21,444.9,1693.24,cascade_failure,INC-3149
2026-04-05T08:00:00+00:00,inventory-api,cpu_percent,36.94,85.24,4.98,10.53,336.65,memory_leak_progressive,INC-1087
2026-03-25T17:00:00+00:00,inventory-api,request_latency_p99,33.22,96.84,0.15,56.54,564.59,memory_leak_progressive,INC-1128
2026-04-05T15:00:00+00:00,inventory-api,db_conn_pool_wait_ms,66.66,69.19,50.77,168.1,835.59,cascade_failure,INC-3197
2026-03-17T22:00:00+00:00,auth-service,http_5xx_rate,12.75,46.77,50.55,28.81,11.42,network_partition,INC-4102
2026-03-21T11:00:00+00:00,notification-svc,http_5xx_rate,22.42,60.32,44.75,13.92,1972.2,network_partition,INC-4200
2026-03-24T07:00:00+00:00,payment-api,request_latency_p99,23.35,64.39,20.06,235.32,577.99,db_pool_exhaustion,INC-0404
2026-03-11T16:00:00+00:00,notification-svc,request_latency_p99,89.82,61.5,19.04,75.67,842.78,cpu_saturation_burst,INC-2155
2026-03-19T22:00:00+00:00,inventory-api,request_latency_p99,31.05,35.25,27.92,53.5,1088.73,network_partition,INC-4256
2026-04-01T15:00:00+00:00,notification-svc,memory_percent,92.89,76.92,56.93,385.65,1741.34,cascade_failure,INC-3183
2026-03-27T07:00:00+00:00,payment-api,http_5xx_rate,35.41,66.49,51.16,57.63,2620.58,network_partition,INC-4057
2026-04-05T07:00:00+00:00,order-service,http_5xx_rate,10.2,43.62,1.35,17.43,137.12,normal_noisy,INC-5345
2026-03-12T03:00:00+00:00,payment-api,http_5xx_rate,11.42,59.62,28.17,443.53,274.78,db_pool_exhaustion,INC-0453
2026-03-26T22:00:00+00:00,payment-api,http_5xx_rate,42.17,56.43,53.41,23.22,79.47,network_partition,INC-4302
2026-03-22T16:00:00+00:00,notification-svc,cpu_percent,91.32,46.1,0.38,6.16,51.21,cpu_saturation_burst,INC-2328
2026-04-06T19:00:00+00:00,notification-svc,request_latency_p99,8.54,43.42,44.53,18.47,2885.24,network_partition,INC-4050
2026-03-22T13:00:00+00:00,payment-api,request_latency_p99,21.29,94.09,4.57,57.42,354.92,memory_leak_progressive,INC-1381
2026-03-12T15:00:00+00:00,auth-service,cpu_percent,40.93,31.29,0.21,11.52,96.94,normal_noisy,INC-5419
2026-03-12T09:00:00+00:00,inventory-api,request_latency_p99,61.28,84.29,4.18,7.78,562.52,memory_leak_progressive,INC-1124
2026-03-20T19:00:00+00:00,auth-service,request_latency_p99,40.59,43.68,42.95,44.17,1255.57,network_partition,INC-4394
2026-03-24T04:00:00+00:00,payment-api,http_5xx_rate,74.5,60.55,1.94,18.83,407.81,normal_noisy,INC-5273
2026-03-16T02:00:00+00:00,notification-svc,db_conn_pool_wait_ms,90.89,97.35,20.48,106.63,1260.44,cascade_failure,INC-3288
2026-03-17T06:00:00+00:00,payment-api,db_conn_pool_wait_ms,33.62,50.39,12.81,412.24,1169.46,db_pool_exhaustion,INC-0263
2026-03-20T01:00:00+00:00,order-service,db_conn_pool_wait_ms,67.17,84.66,26.23,87.29,2831.54,cascade_failure,INC-3135
2026-03-18T02:00:00+00:00,notification-svc,request_latency_p99,88.73,51.4,1.39,10.33,198.04,cpu_saturation_burst,INC-2439
2026-03-22T13:00:00+00:00,auth-service,http_5xx_rate,20.87,44.2,42.92,5.38,1198.13,network_partition,INC-4199
2026-03-20T05:00:00+00:00,order-service,request_latency_p99,71.91,63.79,36.12,358.99,2357.42,cascade_failure,INC-3470
2026-03-11T11:00:00+00:00,order-service,cpu_percent,33.58,22.97,1.38,6.63,20.33,normal_noisy,INC-5021
2026-03-30T04:00:00+00:00,auth-service,cpu_percent,90.61,82.37,25.39,103.72,2810.27,cascade_failure,INC-3303
2026-03-10T03:00:00+00:00,auth-service,memory_percent,29.01,86.03,5.16,36.72,424.06,memory_leak_progressive,INC-1141
2026-03-19T13:00:00+00:00,inventory-api,http_5xx_rate,21.87,42.02,58.54,51.17,1333.81,network_partition,INC-4386
2026-03-17T10:00:00+00:00,inventory-api,memory_percent,17.27,40.12,0.34,15.98,132.33,normal_noisy,INC-5099
2026-04-01T19:00:00+00:00,notification-svc,cpu_percent,42.43,40.96,0.94,11.13,136.48,normal_noisy,INC-5331
2026-03-26T00:00:00+00:00,notification-svc,request_latency_p99,85.18,89.66,45.3,400.27,2238.78,cascade_failure,INC-3460
2026-03-31T21:00:00+00:00,auth-service,request_latency_p99,43.97,39.62,15.5,186.8,411.22,db_pool_exhaustion,INC-0489
2026-03-28T04:00:00+00:00,notification-svc,http_5xx_rate,81.34,77.17,32.67,139.62,2814.47,cascade_failure,INC-3344
2026-03-12T02:00:00+00:00,payment-api,http_5xx_rate,67.41,63.64,36.82,108.67,1619.23,cascade_failure,INC-3235
2026-03-27T15:00:00+00:00,order-service,request_latency_p99,53.03,36.71,5.19,404.01,536.13,db_pool_exhaustion,INC-0147
2026-03-31T14:00:00+00:00,notification-svc,db_conn_pool_wait_ms,72.4,66.2,45.82,449.14,2249.38,cascade_failure,INC-3035
2026-03-11T21:00:00+00:00,payment-api,http_5xx_rate,87.74,72.58,32.43,414.73,2160.7,cascade_failure,INC-3487
2026-03-11T02:00:00+00:00,inventory-api,http_5xx_rate,91.22,66.82,2.5,18.59,59.51,cpu_saturation_burst,INC-2370
2026-03-08T22:00:00+00:00,notification-svc,http_5xx_rate,40.97,64.15,33.87,37.46,134.48,network_partition,INC-4451
2026-03-10T21:00:00+00:00,order-service,cpu_percent,22.02,47.25,1.19,14.88,64.56,normal_noisy,INC-5437
2026-04-04T01:00:00+00:00,payment-api,request_latency_p99,64.31,92.18,2.96,47.56,203.49,memory_leak_progressive,INC-1160
2026-03-31T06:00:00+00:00,payment-api,memory_percent,89.61,61.96,53.7,144.5,2292.71,cascade_failure,INC-3295
2026-03-14T15:00:00+00:00,notification-svc,request_latency_p99,24.01,22.24,1.8,18.35,52.31,normal_noisy,INC-5012
2026-03-10T10:00:00+00:00,payment-api,db_conn_pool_wait_ms,38.37,45.89,16.13,428.94,263.12,db_pool_exhaustion,INC-0187
2026-03-11T22:00:00+00:00,auth-service,http_5xx_rate,93.41,22.73,2.85,12.37,119.16,cpu_saturation_burst,INC-2148
2026-03-15T18:00:00+00:00,order-service,cpu_percent,41.46,87.83,7.69,21.04,136.24,memory_leak_progressive,INC-1109
2026-03-19T04:00:00+00:00,auth-service,http_5xx_rate,41.93,44.54,43.35,11.09,79.43,network_partition,INC-4192
2026-03-26T13:00:00+00:00,notification-svc,memory_percent,77.18,82.34,37.26,336.81,2861.63,cascade_failure,INC-3431
2026-03-08T16:00:00+00:00,payment-api,request_latency_p99,13.34,53.72,10.7,305.44,837.61,db_pool_exhaustion,INC-0198
2026-03-20T06:00:00+00:00,inventory-api,http_5xx_rate,27.99,35.01,56.08,23.72,57.19,network_partition,INC-4328
2026-03-23T03:00:00+00:00,auth-service,db_conn_pool_wait_ms,56.85,65.79,9.65,229.67,523.27,db_pool_exhaustion,INC-0294
2026-03-21T11:00:00+00:00,notification-svc,request_latency_p99,37.37,80.66,1.32,52.31,324.34,memory_leak_progressive,INC-1267
2026-03-19T22:00:00+00:00,notification-svc,request_latency_p99,47.28,33.38,24.36,261.21,789.99,db_pool_exhaustion,INC-0401
2026-03-27T20:00:00+00:00,notification-svc,http_5xx_rate,25.22,52.12,7.42,234.45,1045.8,db_pool_exhaustion,INC-0123
2026-03-16T13:00:00+00:00,auth-service,db_conn_pool_wait_ms,17.72,37.91,12.28,439.01,729.39,db_pool_exhaustion,INC-0203
2026-04-04T20:00:00+00:00,auth-service,request_latency_p99,20.74,88.53,6.01,25.55,592.08,memory_leak_progressive,INC-1336
2026-03-11T21:00:00+00:00,inventory-api,http_5xx_rate,27.06,43.41,30.11,35.8,57.23,network_partition,INC-4295
2026-03-10T13:00:00+00:00,auth-service,cpu_percent,97.48,25.6,5.38,62.95,1014.66,cpu_saturation_burst,INC-2440
2026-04-06T07:00:00+00:00,payment-api,db_conn_pool_wait_ms,68.25,91.94,39.46,409.37,919.98,cascade_failure,INC-3234
2026-03-28T05:00:00+00:00,order-service,memory_percent,84.25,76.96,34.01,156.57,1200.34,cascade_failure,INC-3196
2026-03-13T22:00:00+00:00,auth-service,request_latency_p99,15.04,48.47,0.77,18.43,39.8,normal_noisy,INC-5429
2026-03-29T03:00:00+00:00,payment-api,request_latency_p99,86.18,93.64,49.06,280.56,800.04,cascade_failure,INC-3208
2026-04-05T03:00:00+00:00,auth-service,request_latency_p99,31.6,20.91,0.85,17.38,381.44,normal_noisy,INC-5414
2026-04-01T03:00:00+00:00,notification-svc,request_latency_p99,95.21,25.67,32.79,57.43,1583.1,cpu_saturation_burst,INC-2154
2026-04-02T06:00:00+00:00,payment-api,request_latency_p99,72.44,88.68,58.52,145.18,1977.2,cascade_failure,INC-3162
2026-03-10T19:00:00+00:00,auth-service,http_5xx_rate,26.67,37.87,49.19,45.47,2269.16,network_partition,INC-4433
2026-04-06T21:00:00+00:00,auth-service,memory_percent,94.45,80.49,40.3,257.62,1945.47,cascade_failure,INC-3260
2026-03-21T20:00:00+00:00,notification-svc,memory_percent,18.02,86.01,2.62,56.14,247.16,memory_leak_progressive,INC-1355
2026-04-04T09:00:00+00:00,auth-service,cpu_percent,73.37,77.54,20.55,110.82,845.68,cascade_failure,INC-3090
2026-04-03T01:00:00+00:00,notification-svc,request_latency_p99,15.32,31.22,38.26,27.32,94.77,network_partition,INC-4268
2026-03-09T13:00:00+00:00,inventory-api,cpu_percent,20.65,94.04,2.29,19.73,777.88,memory_leak_progressive,INC-1142
2026-03-14T22:00:00+00:00,order-service,db_conn_pool_wait_ms,56.34,55.75,25.57,292.7,643.41,db_pool_exhaustion,INC-0002
2026-03-08T17:00:00+00:00,order-service,http_5xx_rate,9.61,66.6,52.63,32.19,147.34,network_partition,INC-4161
2026-03-13T13:00:00+00:00,notification-svc,cpu_percent,79.35,63.3,5.78,57.13,467.32,memory_leak_progressive,INC-1199
2026-04-05T07:00:00+00:00,payment-api,memory_percent,81.48,61.4,24.48,334.17,2771.65,cascade_failure,INC-3137
2026-03-09T14:00:00+00:00,inventory-api,http_5xx_rate,88.79,58.23,26.23,25.11,711.3,cpu_saturation_burst,INC-2292
2026-03-30T19:00:00+00:00,inventory-api,cpu_percent,30.78,53.91,1.68,13.95,132.71,normal_noisy,INC-5357
2026-03-29T12:00:00+00:00,inventory-api,request_latency_p99,32.53,42.97,39.93,45.32,126.94,network_partition,INC-4490
2026-03-29T14:00:00+00:00,inventory-api,db_conn_pool_wait_ms,68.79,91.2,44.34,382.81,1115.35,cascade_failure,INC-3021
2026-03-14T17:00:00+00:00,inventory-api,request_latency_p99,87.5,68.08,46.06,272.26,2040.55,cascade_failure,INC-3354
2026-03-18T07:00:00+00:00,auth-service,http_5xx_rate,94.05,65.27,27.67,34.01,2292.74,cpu_saturation_burst,INC-2137
2026-03-14T12:00:00+00:00,payment-api,cpu_percent,55.68,27.76,0.23,2.66,124.97,normal_noisy,INC-5399
2026-04-04T03:00:00+00:00,order-service,request_latency_p99,73.2,62.25,58.0,304.21,1900.47,cascade_failure,INC-3132
2026-03-14T07:00:00+00:00,notification-svc,http_5xx_rate,98.96,96.15,37.71,131.22,2582.21,cascade_failure,INC-3499
2026-03-13T01:00:00+00:00,payment-api,request_latency_p99,33.19,76.71,7.92,13.25,317.59,memory_leak_progressive,INC-1164
2026-03-28T00:00:00+00:00,payment-api,memory_percent,20.28,78.12,1.61,17.09,200.44,memory_leak_progressive,INC-1184
2026-03-15T08:00:00+00:00,auth-service,http_5xx_rate,92.65,61.09,19.49,31.76,2467.79,cpu_saturation_burst,INC-2258
2026-03-20T11:00:00+00:00,order-service,db_conn_pool_wait_ms,21.88,36.02,5.22,411.92,247.25,db_pool_exhaustion,INC-0318
2026-03-15T11:00:00+00:00,order-service,memory_percent,77.03,84.78,0.47,46.06,241.76,memory_leak_progressive,INC-1149
2026-03-26T07:00:00+00:00,auth-service,http_5xx_rate,99.23,59.5,19.04,49.57,1030.9,cpu_saturation_burst,INC-2435
2026-03-20T07:00:00+00:00,inventory-api,http_5xx_rate,90.1,20.3,27.49,47.82,961.94,cpu_saturation_burst,INC-2480
2026-04-02T15:00:00+00:00,inventory-api,request_latency_p99,24.02,83.27,4.77,59.35,542.37,memory_leak_progressive,INC-1210
2026-03-31T01:00:00+00:00,auth-service,cpu_percent,99.86,66.87,32.26,38.49,2235.46,cpu_saturation_burst,INC-2283
2026-04-05T01:00:00+00:00,order-service,request_latency_p99,80.72,77.08,24.33,97.71,1735.3,cascade_failure,INC-3269
2026-03-12T16:00:00+00:00,payment-api,request_latency_p99,27.8,76.13,4.47,42.25,314.28,memory_leak_progressive,INC-1473
2026-03-16T13:00:00+00:00,payment-api,memory_percent,31.07,41.17,1.71,13.88,28.85,normal_noisy,INC-5176
2026-03-31T02:00:00+00:00,notification-svc,cpu_percent,11.71,31.23,0.23,13.51,146.96,normal_noisy,INC-5181
2026-03-21T22:00:00+00:00,notification-svc,http_5xx_rate,91.19,60.06,32.46,40.28,2060.83,cpu_saturation_burst,INC-2307
2026-03-28T19:00:00+00:00,order-service,http_5xx_rate,85.26,62.42,0.62,16.05,154.86,cpu_saturation_burst,INC-2401
2026-03-27T11:00:00+00:00,inventory-api,http_5xx_rate,96.43,47.38,27.69,25.24,1713.17,cpu_saturation_burst,INC-2409
2026-03-17T03:00:00+00:00,payment-api,http_5xx_rate,24.49,52.02,57.07,19.72,31.88,network_partition,INC-4238
2026-03-28T02:00:00+00:00,payment-api,http_5xx_rate,88.37,22.53,0.86,5.07,88.51,cpu_saturation_burst,INC-2497
2026-03-28T22:00:00+00:00,auth-service,http_5xx_rate,19.11,51.09,31.77,19.57,2280.3,network_partition,INC-4039
2026-04-07T06:00:00+00:00,payment-api,request_latency_p99,93.09,63.36,40.29,269.21,2810.78,cascade_failure,INC-3030
2026-03-24T22:00:00+00:00,order-service,memory_percent,84.39,83.87,39.3,360.83,1020.57,cascade_failure,INC-3164
2026-03-25T03:00:00+00:00,inventory-api,cpu_percent,95.43,21.67,6.82,70.09,2029.03,cpu_saturation_burst,INC-2355
2026-04-05T18:00:00+00:00,auth-service,request_latency_p99,51.3,25.47,0.45,10.97,106.83,normal_noisy,INC-5425
2026-03-14T05:00:00+00:00,order-service,http_5xx_rate,34.57,43.24,1.28,9.99,39.17,normal_noisy,INC-5445
2026-04-04T17:00:00+00:00,order-service,request_latency_p99,86.18,75.64,59.64,245.49,2404.37,cascade_failure,INC-3144
2026-03-24T14:00:00+00:00,inventory-api,request_latency_p99,90.53,44.13,0.09,19.88,225.26,cpu_saturation_burst,INC-2052
2026-03-19T02:00:00+00:00,notification-svc,memory_percent,63.02,92.15,7.99,50.21,425.21,memory_leak_progressive,INC-1296
2026-03-29T00:00:00+00:00,notification-svc,http_5xx_rate,39.37,42.44,0.75,9.91,93.02,normal_noisy,INC-5194
2026-03-23T14:00:00+00:00,notification-svc,cpu_percent,81.97,75.99,27.25,91.2,1890.83,cascade_failure,INC-3098
2026-03-23T20:00:00+00:00,notification-svc,request_latency_p99,33.43,17.29,0.79,17.45,120.6,normal_noisy,INC-5105
2026-04-05T15:00:00+00:00,order-service,request_latency_p99,18.61,32.71,1.58,12.56,97.81,normal_noisy,INC-5230
2026-03-21T18:00:00+00:00,notification-svc,http_5xx_rate,43.17,30.59,0.38,9.38,593.5,normal_noisy,INC-5126
2026-03-13T03:00:00+00:00,order-service,db_conn_pool_wait_ms,93.53,86.71,25.96,327.62,1574.05,cascade_failure,INC-3320
2026-03-21T13:00:00+00:00,order-service,http_5xx_rate,90.03,78.73,31.27,103.11,1397.07,cascade_failure,INC-3223
2026-04-04T13:00:00+00:00,notification-svc,request_latency_p99,88.66,66.75,1.96,19.13,219.71,cpu_saturation_burst,INC-2184
2026-03-25T08:00:00+00:00,order-service,request_latency_p99,36.49,49.39,1.74,7.63,141.29,normal_noisy,INC-5073
2026-04-06T00:00:00+00:00,notification-svc,request_latency_p99,87.31,60.25,18.08,24.17,1344.51,cpu_saturation_burst,INC-2060
2026-03-31T13:00:00+00:00,payment-api,memory_percent,70.73,97.64,7.27,27.98,662.53,memory_leak_progressive,INC-1041
2026-03-28T03:00:00+00:00,payment-api,memory_percent,79.63,69.63,24.1,220.85,2238.48,cascade_failure,INC-3179
2026-04-02T15:00:00+00:00,order-service,memory_percent,43.54,40.2,0.71,8.61,76.11,normal_noisy,INC-5297
2026-03-20T06:00:00+00:00,notification-svc,cpu_percent,19.24,35.14,0.97,10.45,145.46,normal_noisy,INC-5456
2026-03-10T13:00:00+00:00,order-service,request_latency_p99,33.52,30.14,0.98,4.24,54.86,normal_noisy,INC-5033
2026-04-02T19:00:00+00:00,order-service,cpu_percent,66.05,96.03,55.17,417.43,2654.62,cascade_failure,INC-3258
2026-04-06T20:00:00+00:00,inventory-api,db_conn_pool_wait_ms,75.6,97.35,33.16,147.24,1532.55,cascade_failure,INC-3424
2026-03-14T02:00:00+00:00,inventory-api,http_5xx_rate,38.11,34.08,21.32,246.29,1155.35,db_pool_exhaustion,INC-0096
2026-03-27T16:00:00+00:00,inventory-api,cpu_percent,99.1,40.54,18.73,21.66,1782.23,cpu_saturation_burst,INC-2021
2026-03-23T16:00:00+00:00,auth-service,memory_percent,53.59,81.26,6.58,22.28,145.86,memory_leak_progressive,INC-1064
2026-04-02T15:00:00+00:00,order-service,request_latency_p99,72.17,36.74,1.66,44.54,474.53,normal_noisy,INC-5291
2026-03-18T06:00:00+00:00,auth-service,memory_percent,36.83,85.03,4.99,40.38,725.81,memory_leak_progressive,INC-1364
2026-03-28T19:00:00+00:00,auth-service,http_5xx_rate,85.75,52.97,21.69,76.45,1667.88,cpu_saturation_burst,INC-2485
2026-04-02T15:00:00+00:00,notification-svc,http_5xx_rate,94.11,71.31,33.14,305.74,2995.95,cascade_failure,INC-3382
2026-04-06T23:00:00+00:00,notification-svc,cpu_percent,86.71,53.66,24.52,26.08,629.06,cpu_saturation_burst,INC-2039
2026-03-28T05:00:00+00:00,auth-service,http_5xx_rate,25.69,40.91,8.27,387.95,638.82,db_pool_exhaustion,INC-0207
2026-04-02T20:00:00+00:00,notification-svc,request_latency_p99,18.43,41.34,15.46,403.72,524.41,db_pool_exhaustion,INC-0393
2026-03-29T01:00:00+00:00,auth-service,request_latency_p99,11.17,24.29,0.58,13.57,75.5,normal_noisy,INC-5343
2026-03-31T10:00:00+00:00,order-service,memory_percent,60.1,65.2,3.5,7.55,473.12,memory_leak_progressive,INC-1371
2026-03-17T05:00:00+00:00,auth-service,http_5xx_rate,23.91,33.98,20.16,153.63,266.35,db_pool_exhaustion,INC-0398
2026-03-16T17:00:00+00:00,notification-svc,memory_percent,40.87,49.39,1.58,16.19,49.21,normal_noisy,INC-5315
2026-04-06T07:00:00+00:00,payment-api,cpu_percent,17.21,28.52,0.75,14.66,68.7,normal_noisy,INC-5383
2026-03-19T21:00:00+00:00,payment-api,request_latency_p99,94.08,61.35,23.76,55.9,583.28,cpu_saturation_burst,INC-2029
2026-03-18T16:00:00+00:00,payment-api,cpu_percent,13.52,23.82,1.25,8.12,111.41,normal_noisy,INC-5191
2026-03-30T03:00:00+00:00,payment-api,http_5xx_rate,92.64,20.07,1.48,15.26,162.28,cpu_saturation_burst,INC-2486
2026-03-21T09:00:00+00:00,notification-svc,cpu_percent,97.2,50.93,1.06,19.8,141.68,normal_noisy,INC-5161
2026-03-22T05:00:00+00:00,inventory-api,memory_percent,30.3,94.96,6.04,38.9,267.77,memory_leak_progressive,INC-1461
2026-04-06T07:00:00+00:00,auth-service,memory_percent,93.45,71.42,41.84,388.46,2232.01,cascade_failure,INC-3071
2026-03-11T21:00:00+00:00,payment-api,memory_percent,34.84,37.38,1.73,11.08,144.38,normal_noisy,INC-5274
2026-03-12T23:00:00+00:00,auth-service,db_conn_pool_wait_ms,74.83,85.44,52.73,370.27,2035.01,cascade_failure,INC-3396
2026-03-21T16:00:00+00:00,payment-api,cpu_percent,30.63,16.11,1.25,4.94,30.86,normal_noisy,INC-5232
2026-03-24T18:00:00+00:00,payment-api,request_latency_p99,9.7,44.99,52.9,47.96,1379.82,network_partition,INC-4147
2026-03-21T21:00:00+00:00,notification-svc,memory_percent,22.85,84.94,0.1,30.15,786.61,memory_leak_progressive,INC-1305
2026-03-13T23:00:00+00:00,auth-service,cpu_percent,94.24,78.24,40.76,402.16,1232.04,cascade_failure,INC-3252
2026-03-16T08:00:00+00:00,notification-svc,http_5xx_rate,11.72,52.28,55.1,19.3,1406.22,network_partition,INC-4455
2026-03-24T19:00:00+00:00,payment-api,cpu_percent,73.67,96.89,4.28,56.98,439.84,memory_leak_progressive,INC-1003
2026-03-13T18:00:00+00:00,inventory-api,memory_percent,66.55,96.35,7.0,16.22,689.57,memory_leak_progressive,INC-1280
2026-04-06T11:00:00+00:00,notification-svc,cpu_percent,81.33,78.43,56.3,422.34,1213.76,cascade_failure,INC-3364
2026-03-15T04:00:00+00:00,inventory-api,request_latency_p99,31.25,62.48,17.64,124.51,936.57,db_pool_exhaustion,INC-0201
2026-03-11T00:00:00+00:00,order-service,request_latency_p99,15.02,60.38,31.66,51.78,1262.03,network_partition,INC-4183
2026-03-13T22:00:00+00:00,notification-svc,request_latency_p99,19.97,50.34,22.21,54.37,1430.52,network_partition,INC-4089
2026-03-12T21:00:00+00:00,payment-api,request_latency_p99,40.35,52.28,47.1,51.68,1747.34,network_partition,INC-4279
2026-04-06T09:00:00+00:00,notification-svc,cpu_percent,69.96,83.56,53.47,356.02,2844.24,cascade_failure,INC-3297
2026-03-27T22:00:00+00:00,inventory-api,request_latency_p99,28.59,31.83,24.67,267.62,633.0,db_pool_exhaustion,INC-0379
2026-03-14T20:00:00+00:00,inventory-api,http_5xx_rate,13.52,56.05,50.16,27.28,2696.3,network_partition,INC-4337
2026-03-23T08:00:00+00:00,inventory-api,request_latency_p99,48.85,45.06,12.58,86.82,373.02,db_pool_exhaustion,INC-0419
2026-04-01T15:00:00+00:00,inventory-api,cpu_percent,92.36,70.4,23.09,403.67,1284.28,cascade_failure,INC-3199
2026-03-21T15:00:00+00:00,inventory-api,http_5xx_rate,26.08,33.44,11.12,317.95,211.19,db_pool_exhaustion,INC-0392
2026-03-25T07:00:00+00:00,inventory-api,memory_percent,24.82,53.23,2.53,272.2,261.41,normal_noisy,INC-5141
2026-03-27T21:00:00+00:00,inventory-api,db_conn_pool_wait_ms,81.49,73.3,34.86,416.35,1787.51,cascade_failure,INC-3023
2026-03-20T09:00:00+00:00,inventory-api,http_5xx_rate,99.41,69.52,2.1,16.58,162.92,cpu_saturation_burst,INC-2163
2026-03-19T11:00:00+00:00,auth-service,http_5xx_rate,96.65,65.43,26.23,44.37,2048.59,cpu_saturation_burst,INC-2496
2026-03-26T05:00:00+00:00,auth-service,http_5xx_rate,9.91,62.26,0.91,5.11,137.58,normal_noisy,INC-5196
2026-04-06T10:00:00+00:00,notification-svc,http_5xx_rate,32.01,30.47,57.28,31.16,1952.39,network_partition,INC-4028
2026-04-01T13:00:00+00:00,auth-service,request_latency_p99,95.28,43.5,15.31,75.43,2368.91,cpu_saturation_burst,INC-2153
2026-04-04T03:00:00+00:00,payment-api,request_latency_p99,99.56,45.14,20.8,32.67,1917.69,cpu_saturation_burst,INC-2368
2026-03-30T13:00:00+00:00,notification-svc,cpu_percent,15.31,42.13,0.25,17.58,145.66,normal_noisy,INC-5069
2026-04-02T21:00:00+00:00,order-service,db_conn_pool_wait_ms,25.85,31.44,15.46,347.08,674.13,db_pool_exhaustion,INC-0065
2026-04-05T09:00:00+00:00,payment-api,request_latency_p99,43.17,37.22,59.34,45.6,106.17,network_partition,INC-4063
2026-03-26T10:00:00+00:00,payment-api,cpu_percent,98.86,37.17,20.98,32.0,749.48,cpu_saturation_burst,INC-2181
2026-03-17T22:00:00+00:00,payment-api,request_latency_p99,37.13,60.08,15.59,223.06,499.41,db_pool_exhaustion,INC-0493
2026-03-25T08:00:00+00:00,inventory-api,db_conn_pool_wait_ms,21.63,32.57,24.19,346.96,576.47,db_pool_exhaustion,INC-0380
2026-03-23T19:00:00+00:00,auth-service,request_latency_p99,28.81,45.68,37.91,9.75,41.46,network_partition,INC-4236
2026-03-18T02:00:00+00:00,inventory-api,memory_percent,15.38,80.33,6.11,46.16,259.45,memory_leak_progressive,INC-1264
2026-03-30T18:00:00+00:00,notification-svc,http_5xx_rate,18.13,45.65,42.9,21.15,2462.13,network_partition,INC-4265
2026-03-12T10:00:00+00:00,payment-api,memory_percent,24.67,75.59,3.97,18.33,574.98,memory_leak_progressive,INC-1292
2026-04-03T16:00:00+00:00,payment-api,http_5xx_rate,88.19,46.57,28.51,37.08,1256.79,cpu_saturation_burst,INC-2077
2026-04-06T17:00:00+00:00,notification-svc,memory_percent,17.86,86.32,0.75,7.65,142.3,memory_leak_progressive,INC-1379
2026-03-11T11:00:00+00:00,notification-svc,http_5xx_rate,41.96,57.62,5.41,355.04,1158.09,db_pool_exhaustion,INC-0338
2026-03-12T23:00:00+00:00,notification-svc,cpu_percent,19.32,53.94,1.1,4.97,127.98,normal_noisy,INC-5268
2026-03-30T19:00:00+00:00,order-service,http_5xx_rate,8.78,65.89,33.31,32.56,135.56,network_partition,INC-4344
2026-03-13T18:00:00+00:00,order-service,cpu_percent,86.8,30.99,11.67,77.26,2304.55,cpu_saturation_burst,INC-2017
2026-03-17T08:00:00+00:00,auth-service,cpu_percent,98.66,25.92,32.51,73.76,2011.46,cpu_saturation_burst,INC-2276
2026-03-23T04:00:00+00:00,order-service,db_conn_pool_wait_ms,41.0,61.47,6.43,258.02,1050.28,db_pool_exhaustion,INC-0456
2026-04-04T14:00:00+00:00,payment-api,memory_percent,20.77,94.54,1.62,57.42,782.51,memory_leak_progressive,INC-1316
2026-03-21T11:00:00+00:00,payment-api,request_latency_p99,41.33,38.48,27.22,43.32,1894.93,network_partition,INC-4318
2026-03-29T07:00:00+00:00,auth-service,request_latency_p99,26.02,95.91,2.62,30.95,748.71,memory_leak_progressive,INC-1496
2026-03-24T08:00:00+00:00,order-service,memory_percent,80.52,61.5,41.91,403.97,1258.88,cascade_failure,INC-3482
2026-03-24T17:00:00+00:00,order-service,db_conn_pool_wait_ms,19.93,55.07,23.68,232.79,1094.69,db_pool_exhaustion,INC-0202
2026-03-23T22:00:00+00:00,inventory-api,db_conn_pool_wait_ms,51.33,52.45,14.63,389.48,470.7,db_pool_exhaustion,INC-0162
2026-03-28T05:00:00+00:00,notification-svc,db_conn_pool_wait_ms,66.08,95.09,54.74,400.79,1058.34,cascade_failure,INC-3080
2026-03-26T11:00:00+00:00,auth-service,memory_percent,33.11,27.1,1.37,12.82,69.62,normal_noisy,INC-5278
2026-04-07T09:00:00+00:00,auth-service,request_latency_p99,18.24,53.59,36.63,39.57,2739.72,network_partition,INC-4450
2026-03-28T11:00:00+00:00,auth-service,memory_percent,47.84,89.2,2.27,48.42,312.63,memory_leak_progressive,INC-1203
2026-03-10T19:00:00+00:00,order-service,request_latency_p99,83.5,89.02,52.47,268.78,2514.55,cascade_failure,INC-3001
2026-03-17T21:00:00+00:00,auth-service,http_5xx_rate,89.37,61.18,9.68,43.5,1968.12,cpu_saturation_burst,INC-2130
2026-04-06T18:00:00+00:00,notification-svc,http_5xx_rate,40.28,61.48,0.85,10.89,145.18,normal_noisy,INC-5114
2026-03-16T08:00:00+00:00,order-service,cpu_percent,97.46,57.71,5.17,26.61,1356.05,cpu_saturation_burst,INC-2022
2026-04-04T10:00:00+00:00,auth-service,request_latency_p99,73.27,94.9,49.07,82.28,2364.09,cascade_failure,INC-3086
2026-03-23T02:00:00+00:00,notification-svc,http_5xx_rate,73.16,66.93,54.2,227.53,2121.7,cascade_failure,INC-3456
2026-04-02T17:00:00+00:00,order-service,http_5xx_rate,31.57,35.66,46.15,11.19,1946.34,network_partition,INC-4254
2026-03-08T16:00:00+00:00,inventory-api,db_conn_pool_wait_ms,13.33,53.78,8.65,92.63,1024.66,db_pool_exhaustion,INC-0035
2026-04-05T17:00:00+00:00,notification-svc,cpu_percent,34.31,88.42,3.77,32.09,471.9,memory_leak_progressive,INC-1276
2026-03-09T18:00:00+00:00,notification-svc,memory_percent,32.4,27.23,0.38,8.71,37.58,normal_noisy,INC-5057
2026-03-14T03:00:00+00:00,notification-svc,http_5xx_rate,94.72,33.49,27.72,29.48,2109.29,cpu_saturation_burst,INC-2479
2026-03-13T19:00:00+00:00,auth-service,request_latency_p99,99.49,58.42,21.37,32.91,904.73,cpu_saturation_burst,INC-2391
2026-03-13T23:00:00+00:00,inventory-api,http_5xx_rate,34.91,63.39,40.13,47.02,2444.23,network_partition,INC-4140
2026-03-14T04:00:00+00:00,order-service,cpu_percent,86.41,63.12,27.55,22.22,881.05,cpu_saturation_burst,INC-2364
2026-03-10T03:00:00+00:00,inventory-api,request_latency_p99,21.75,42.34,0.04,6.32,107.01,normal_noisy,INC-5113
2026-03-28T16:00:00+00:00,inventory-api,http_5xx_rate,27.73,33.55,1.13,5.24,99.44,normal_noisy,INC-5325
2026-03-12T11:00:00+00:00,auth-service,http_5xx_rate,13.45,34.59,28.09,26.52,97.41,network_partition,INC-4042
2026-03-25T02:00:00+00:00,payment-api,request_latency_p99,32.05,59.72,10.93,255.59,1029.75,db_pool_exhaustion,INC-0242
2026-04-07T02:00:00+00:00,inventory-api,request_latency_p99,41.46,48.23,25.68,15.3,82.67,network_partition,INC-4062
2026-03-09T22:00:00+00:00,auth-service,http_5xx_rate,29.75,42.71,38.9,5.45,2052.68,network_partition,INC-4364
2026-04-03T06:00:00+00:00,auth-service,cpu_percent,73.79,81.66,3.35,21.14,401.28,memory_leak_progressive,INC-1101
2026-03-31T15:00:00+00:00,notification-svc,http_5xx_rate,22.86,64.25,44.98,58.93,1781.17,network_partition,INC-4436
2026-03-31T06:00:00+00:00,payment-api,request_latency_p99,92.33,71.86,32.96,19.61,2401.73,cpu_saturation_burst,INC-2298
2026-03-22T05:00:00+00:00,auth-service,http_5xx_rate,31.33,36.91,57.7,38.78,2277.6,network_partition,INC-4215
2026-04-07T00:00:00+00:00,order-service,request_latency_p99,20.01,44.26,0.56,291.05,108.84,normal_noisy,INC-5389
2026-04-03T01:00:00+00:00,order-service,request_latency_p99,44.0,65.15,30.79,47.36,2143.92,network_partition,INC-4069
2026-03-11T21:00:00+00:00,inventory-api,request_latency_p99,78.45,96.64,0.58,15.97,454.43,memory_leak_progressive,INC-1147
2026-03-12T05:00:00+00:00,auth-service,cpu_percent,99.93,94.01,31.45,312.79,2857.46,cascade_failure,INC-3029
2026-04-07T03:00:00+00:00,notification-svc,memory_percent,11.59,36.58,0.37,15.65,118.84,normal_noisy,INC-5380
2026-03-25T01:00:00+00:00,payment-api,request_latency_p99,98.83,26.96,22.91,41.31,2487.51,cpu_saturation_burst,INC-2268
2026-03-22T22:00:00+00:00,payment-api,request_latency_p99,88.58,73.91,54.82,198.59,2823.27,cascade_failure,INC-3400
2026-04-05T09:00:00+00:00,payment-api,memory_percent,38.34,89.04,5.53,16.01,716.63,memory_leak_progressive,INC-1063
2026-03-26T12:00:00+00:00,payment-api,http_5xx_rate,35.13,25.5,1.85,13.6,25.84,normal_noisy,INC-5235
2026-03-22T05:00:00+00:00,notification-svc,http_5xx_rate,34.15,48.26,14.66,164.58,561.6,db_pool_exhaustion,INC-0190
2026-03-25T23:00:00+00:00,payment-api,db_conn_pool_wait_ms,81.5,93.22,46.88,179.54,1305.22,cascade_failure,INC-3307
2026-03-08T16:00:00+00:00,inventory-api,cpu_percent,33.83,84.16,6.32,23.96,107.44,memory_leak_progressive,INC-1476
2026-03-20T19:00:00+00:00,payment-api,http_5xx_rate,25.08,43.33,1.37,16.07,67.95,normal_noisy,INC-5248
2026-03-18T21:00:00+00:00,inventory-api,http_5xx_rate,41.18,46.19,52.34,11.65,104.29,network_partition,INC-4048
2026-04-03T13:00:00+00:00,order-service,http_5xx_rate,14.88,23.18,0.53,18.65,90.03,normal_noisy,INC-5059
2026-03-31T05:00:00+00:00,inventory-api,request_latency_p99,96.81,26.92,6.01,35.96,1287.12,cpu_saturation_burst,INC-2083
2026-04-06T07:00:00+00:00,inventory-api,db_conn_pool_wait_ms,41.13,50.57,22.78,431.46,703.93,db_pool_exhaustion,INC-0475
2026-03-11T07:00:00+00:00,notification-svc,http_5xx_rate,38.2,57.81,6.13,6.52,53.89,normal_noisy,INC-5405
2026-03-19T12:00:00+00:00,order-service,cpu_percent,21.77,92.6,7.91,51.63,283.81,memory_leak_progressive,INC-1248
2026-03-26T23:00:00+00:00,payment-api,request_latency_p99,9.99,68.08,30.15,53.42,2806.39,network_partition,INC-4301
2026-03-18T17:00:00+00:00,inventory-api,http_5xx_rate,55.8,39.21,5.94,226.94,754.85,db_pool_exhaustion,INC-0022
2026-04-06T06:00:00+00:00,notification-svc,request_latency_p99,43.95,60.26,13.2,120.4,1021.64,db_pool_exhaustion,INC-0460
2026-03-27T18:00:00+00:00,inventory-api,http_5xx_rate,86.47,27.62,6.56,76.28,2180.89,cpu_saturation_burst,INC-2185
2026-03-29T16:00:00+00:00,notification-svc,http_5xx_rate,27.57,54.18,52.21,46.94,1398.66,network_partition,INC-4325
2026-03-19T11:00:00+00:00,order-service,cpu_percent,60.98,76.19,4.64,39.0,361.66,memory_leak_progressive,INC-1456
2026-03-15T07:00:00+00:00,inventory-api,request_latency_p99,97.34,47.1,10.19,49.87,1759.41,cpu_saturation_burst,INC-2216
2026-04-04T07:00:00+00:00,inventory-api,request_latency_p99,21.18,33.09,57.86,35.9,24.15,network_partition,INC-4434
2026-04-06T20:00:00+00:00,payment-api,cpu_percent,30.42,27.99,0.54,12.62,228.11,normal_noisy,INC-5354
2026-03-15T10:00:00+00:00,notification-svc,request_latency_p99,97.22,91.93,27.73,421.0,2094.43,cascade_failure,INC-3016
2026-03-21T01:00:00+00:00,order-service,http_5xx_rate,36.45,57.37,25.45,29.43,123.09,network_partition,INC-4392
2026-04-02T13:00:00+00:00,payment-api,request_latency_p99,40.79,88.72,7.83,32.33,556.56,memory_leak_progressive,INC-1270
2026-03-25T19:00:00+00:00,order-service,memory_percent,66.66,63.49,20.99,270.45,1947.24,cascade_failure,INC-3186
2026-03-11T01:00:00+00:00,inventory-api,http_5xx_rate,36.59,37.49,29.72,300.11,1018.31,db_pool_exhaustion,INC-0131
2026-04-07T08:00:00+00:00,order-service,request_latency_p99,25.95,50.79,1.12,8.92,131.32,normal_noisy,INC-5420
2026-03-30T13:00:00+00:00,inventory-api,request_latency_p99,42.35,61.19,33.57,43.19,99.81,network_partition,INC-4136
2026-04-06T12:00:00+00:00,payment-api,cpu_percent,92.51,20.94,2.57,12.81,58.22,cpu_saturation_burst,INC-2483
2026-03-28T14:00:00+00:00,payment-api,http_5xx_rate,28.67,67.77,17.63,248.26,434.84,db_pool_exhaustion,INC-0331
2026-03-17T19:00:00+00:00,order-service,request_latency_p99,89.8,46.08,0.23,8.09,178.99,cpu_saturation_burst,INC-2239
2026-03-21T09:00:00+00:00,notification-svc,request_latency_p99,29.6,64.17,15.35,389.57,770.51,db_pool_exhaustion,INC-0467
2026-03-23T10:00:00+00:00,inventory-api,http_5xx_rate,13.95,31.49,38.18,31.19,1494.22,network_partition,INC-4170
2026-03-19T08:00:00+00:00,payment-api,db_conn_pool_wait_ms,73.94,73.98,52.17,382.89,2341.96,cascade_failure,INC-3139
2026-04-03T17:00:00+00:00,payment-api,cpu_percent,88.12,38.24,0.11,15.75,82.92,cpu_saturation_burst,INC-2096
2026-04-02T22:00:00+00:00,order-service,cpu_percent,92.01,21.27,1.54,8.26,212.12,cpu_saturation_burst,INC-2131
2026-03-27T22:00:00+00:00,payment-api,request_latency_p99,85.97,74.52,20.69,34.1,1253.2,cpu_saturation_burst,INC-2295
2026-03-26T04:00:00+00:00,auth-service,cpu_percent,27.23,93.02,0.99,43.56,792.17,memory_leak_progressive,INC-1361
